"","Duration (in seconds)","Finished","RecordedDate","UserID1","IMI_1","IMI_2","IMI_3","IMI_4","IMI_5","IMI_6","IMI_7","IMI_8","IMI_9","IMI_10","IMI_11","IMI_12","IMI_13","IMI_14","IMI_15","IMI_16","IMI_17","IMI_18","IMI_DO_1","IMI_DO_2","IMI_DO_3","IMI_DO_4","IMI_DO_5","IMI_DO_6","IMI_DO_7","IMI_DO_8","IMI_DO_9","IMI_DO_10","IMI_DO_11","IMI_DO_12","IMI_DO_13","IMI_DO_14","IMI_DO_15","IMI_DO_16","IMI_DO_17","IMI_DO_18","A-NQ9","A-NQ10","A-NQ11","A-NQ12","A-NQ13","A-NQ14","A-FQ9","A-FQ10","A-FQ11","A-FQ12","A-FQ13","A-FQ14","Q90","Q74","PA1","PA2","PA3","PA4","PA5","PA6","PA7","SC0","FL_5_DO_NearQ9PoTLever-Distance1","FL_5_DO_NearQ10PoT-Lever-Distance2","FL_5_DO_NearQ11PoT-Lever-Mass1","FL_5_DO_NearQ12PoT-Lever-Mass2","FL_5_DO_NearQ13PoT-Springboard1","FL_5_DO_NearQ14PoT-Springboard2","FL_5_DO_FarQ9PoT-Lever-Distance","FL_5_DO_FarQ10PoT-Lever-Distance2","FL_5_DO_FarQ11PoT-Lever-Mass","FL_5_DO_FarQ12PoT-Lever-Mass2","FL_5_DO_FarQ13PoT-Springboard1","FL_5_DO_FarQ14PoT-Springboard2","SupportQuestions_DO_PA5","SupportQuestions_DO_PA4","SupportQuestions_DO_PA3","SupportQuestions_DO_PA2","SupportQuestions_DO_PA1","SupportQuestions_DO_Q78","SupportQuestions_DO_PA7","SupportQuestions_DO_PA6","NQcount","FQcount","IMIcount","PAcount","FL5count","SupCount","TotalResponses","ValidResponses","StudyID","Score-A-NQ9","Score-A-NQ10","Score-A-NQ11","Score-A-NQ12","Score-A-NQ13","Score-A-NQ14","Score-A-FQ9","Score-A-FQ10","Score-A-FQ11","Score-A-FQ12","Score-A-FQ13","Score-A-FQ14","Score-NearPOT","Score-FarPOT","reversed-IMI_3","reversed-IMI_4","reversed-IMI_9","reversed-IMI_11","reversed-IMI_13","reversed-IMI_15","Enj","PC","Effort","Frust","Value","Total"
"1",319,TRUE,2022-11-30 13:39:38,"E0224",4,5,1,2,5,6,2,4,1,7,2,7,1,2,4,3,7,6,4,8,13,2,1,15,3,17,9,11,18,5,16,7,10,6,12,14,2,2,7,2,2,4,2,2,1,2,3,1,"E0224",5,NA,NA,NA,NA,NA,NA,NA,7,1,4,5,11,10,12,6,3,9,2,8,7,NA,NA,NA,NA,NA,NA,NA,NA,6,6,36,0,12,0,60,TRUE,"E0224",1,0,0,1,0,0,0,0,1,0,0,1,2,2,1,2,1,2,1,4,27,19,27,9,13,95
"2",339,TRUE,2022-11-30 13:39:41,"E0549",4,4,2,2,4,2,2,4,2,4,3,5,3,3,2,3,5,3,2,15,8,3,13,17,18,6,7,10,14,1,9,11,12,4,5,16,2,3,7,2,2,4,2,2,1,3,3,2,"E0549",5,NA,NA,NA,NA,NA,NA,NA,10,3,4,10,2,5,6,9,7,12,1,11,8,NA,NA,NA,NA,NA,NA,NA,NA,6,6,36,0,12,0,60,TRUE,"E0549",1,1,0,1,0,0,0,0,1,0,0,0,3,1,2,2,2,3,3,2,24,14,19,12,8,77
"3",445,TRUE,2022-11-30 13:41:12,"E0550",5,6,1,1,4,5,4,6,1,7,1,6,1,3,2,5,6,4,14,10,11,2,13,17,15,5,9,8,4,16,12,7,1,6,18,3,2,2,7,2,2,2,3,1,1,2,3,2,"E0550",5,NA,NA,NA,NA,NA,NA,NA,7,1,2,12,7,5,4,10,3,11,9,8,6,NA,NA,NA,NA,NA,NA,NA,NA,6,6,36,0,12,0,60,TRUE,"E0550",1,0,0,1,0,0,0,1,1,0,0,0,2,2,1,1,1,1,1,2,29,22,27,14,10,102
"4",437,TRUE,2022-11-30 13:41:13,"D0213",6,7,1,1,6,6,5,6,1,7,1,4,3,2,3,6,5,6,5,12,10,16,1,18,9,14,17,4,8,7,3,11,2,6,15,13,2,3,5,2,2,2,2,2,1,1,3,1,"D0213",4,4,2,12,4,14,14,10,10,12,3,11,9,4,6,1,2,8,5,7,10,4,5,6,2,7,1,8,3,6,6,36,7,12,8,75,TRUE,"D0213",1,1,0,1,0,0,0,0,1,1,0,1,3,3,1,1,1,1,3,3,33,24,23,13,11,104
"5",438,TRUE,2022-11-30 13:41:22,"B0190",4,7,1,1,6,4,4,4,3,6,2,5,2,2,1,4,6,5,8,3,15,4,16,1,14,12,13,11,9,10,2,17,18,6,5,7,2,3,1,2,2,2,2,1,1,2,3,2,"B0190",4,2,1,12,3,14,12,10,9,8,11,4,5,3,7,6,2,10,12,1,9,6,2,3,4,5,1,8,7,6,6,36,7,12,8,75,TRUE,"B0190",1,1,0,1,0,0,0,1,1,0,0,0,3,2,1,1,3,2,2,1,31,17,23,13,11,95
"6",448,TRUE,2022-11-30 13:41:38,"B2462",4,6,1,2,6,5,5,6,2,5,1,6,2,2,3,4,5,7,17,14,3,4,2,1,13,9,10,15,11,8,16,18,5,7,6,12,2,3,5,2,2,2,2,2,1,1,2,1,"B2462",4,2,3,12,4,14,12,10,9,1,2,7,10,3,8,5,11,4,12,9,6,6,5,4,3,7,1,8,2,6,6,36,7,12,8,75,TRUE,"B2462",1,1,0,1,0,0,0,0,1,1,1,1,3,4,1,2,2,1,2,3,29,22,24,11,12,98
"7",497,TRUE,2022-11-30 13:42:43,"D0077",4,5,2,1,3,1,4,5,2,6,2,6,2,4,4,4,6,4,10,15,2,18,11,5,8,14,7,9,6,3,17,13,12,1,16,4,2,1,5,2,2,2,2,2,1,3,3,2,"D0077",4,3,3,11,2,13,14,11,11,2,11,9,6,7,12,4,5,1,8,3,10,5,4,7,2,6,1,8,3,6,6,36,7,12,8,75,TRUE,"D0077",1,0,0,1,0,0,0,0,1,0,0,0,2,1,2,1,2,2,2,4,25,16,24,12,10,87
"8",382,TRUE,2022-11-30 13:42:45,"D2608",4,6,2,4,3,4,4,6,3,2,6,3,5,7,1,6,5,4,18,1,15,13,4,9,2,6,16,10,7,14,5,11,17,12,8,3,2,3,7,2,3,2,2,2,1,3,3,2,"D2608",4,3,4,14,2,12,12,10,10,4,12,7,10,11,8,1,6,5,2,9,3,5,3,7,6,2,1,8,4,6,6,36,7,12,8,75,TRUE,"D2608",1,1,0,1,1,0,0,0,1,0,0,0,4,1,2,4,3,6,5,1,23,19,10,20,9,81
"9",555,TRUE,2022-11-30 13:43:25,"B0055",5,5,4,4,5,4,5,7,4,5,4,4,4,1,6,4,2,3,10,17,4,18,1,12,3,6,15,11,5,9,14,16,8,2,13,7,2,1,5,2,1,2,1,2,3,2,3,2,"B0055",4,4,3,13,2,11,12,12,7,5,11,8,1,6,7,2,4,10,3,9,12,5,4,3,6,2,1,8,7,6,6,36,7,12,8,75,TRUE,"B0055",1,0,0,1,0,0,0,0,0,0,0,0,2,0,4,4,4,4,4,6,23,20,17,7,5,72
"10",464,TRUE,2022-11-30 13:43:27,"D3418",5,4,3,2,4,4,6,2,4,6,2,NA,4,2,5,4,6,7,3,11,2,18,10,12,15,9,16,1,17,8,5,13,6,4,7,14,2,3,5,2,2,2,2,2,4,1,3,2,"D3418",4,2,3,11,3,14,14,10,10,10,4,7,3,1,5,2,12,11,9,8,6,6,2,3,4,5,1,8,7,6,6,35,7,12,8,74,TRUE,"D3418",1,1,0,1,0,0,0,0,0,1,0,0,3,1,3,2,4,2,4,5,24,16,16,9,13,78
"11",497,TRUE,2022-11-30 13:43:27,"B0088",5,4,4,4,2,2,4,4,4,7,1,7,1,7,1,4,2,2,8,6,11,2,7,3,14,9,16,4,13,1,5,18,15,10,12,17,2,3,6,2,2,2,1,3,2,2,3,2,NA,5,NA,NA,NA,NA,NA,NA,NA,7,6,3,11,4,7,12,5,10,2,1,8,9,NA,NA,NA,NA,NA,NA,NA,NA,6,6,36,0,12,0,60,TRUE,"B0088",1,1,0,1,0,0,0,0,0,0,0,0,3,0,4,4,4,1,1,1,19,14,28,18,4,83
"12",420,TRUE,2022-11-30 13:43:48,"D3317",3,5,3,2,4,1,3,2,7,5,2,4,1,3,3,2,2,5,8,15,7,9,6,4,10,5,17,18,14,3,16,11,12,2,13,1,2,4,5,2,2,2,2,2,2,1,3,1,"D3317",4,1,2,12,1,11,15,12,8,1,7,11,12,4,10,6,8,2,5,9,3,5,6,4,3,2,1,8,7,6,6,36,7,12,8,75,TRUE,"D3317",1,0,0,1,0,0,0,0,0,1,0,1,2,2,3,2,7,2,1,3,23,7,22,10,7,69
"13",523,TRUE,2022-11-30 13:44:41,"E3373",4,5,2,4,5,3,3,4,6,5,2,6,3,1,6,3,6,4,2,7,1,15,8,13,3,17,18,16,12,5,14,11,4,6,10,9,2,3,5,2,4,4,2,1,1,3,3,1,"E3373",5,NA,NA,NA,NA,NA,NA,NA,8,4,12,3,9,10,2,7,1,6,8,11,5,NA,NA,NA,NA,NA,NA,NA,NA,6,6,36,0,12,0,60,TRUE,"E3373",1,1,0,1,0,0,0,1,1,0,0,1,3,3,2,4,6,2,3,6,24,12,22,6,10,74
"14",512,TRUE,2022-11-30 13:45:08,"B3362",5,7,2,4,4,4,4,4,2,7,1,7,1,4,1,2,4,7,9,10,2,1,15,4,18,7,6,17,3,8,11,13,12,16,14,5,2,1,5,2,1,3,1,2,2,2,3,1,"B3362",4,1,2,11,5,15,11,10,5,1,3,7,2,5,9,4,12,8,6,11,10,6,5,3,7,4,1,8,2,6,6,36,7,12,8,75,TRUE,"B3362",1,0,0,1,0,1,0,0,0,0,0,1,3,1,2,4,2,1,1,1,26,18,28,13,11,96
"15",537,TRUE,2022-11-30 13:45:09,"B3283",7,7,1,1,7,4,4,4,4,7,1,7,1,1,4,4,4,4,10,9,17,2,8,14,6,11,13,3,5,4,1,15,7,18,16,12,2,3,5,2,2,4,3,2,3,2,3,2,"B3283",4,2,2,12,2,12,14,12,8,1,4,11,2,8,12,5,9,3,7,10,6,2,5,4,3,6,1,8,7,6,6,36,7,12,8,75,TRUE,"B3283",1,1,0,1,0,0,0,0,0,0,0,0,3,0,1,1,4,1,1,4,35,16,28,9,8,96
"16",582,TRUE,2022-11-30 13:45:27,"E3384",7,7,1,2,6,5,6,7,2,6,2,6,1,7,1,6,6,7,16,9,10,3,15,2,1,6,4,8,7,17,12,13,14,18,5,11,2,1,5,2,1,4,2,3,4,4,2,2,"E3384",4,2,2,12,5,15,15,9,5,4,9,11,3,7,12,10,2,5,8,6,1,5,6,7,4,2,1,8,3,6,6,36,7,12,8,75,TRUE,"E3384",1,0,0,1,0,0,0,0,0,0,1,0,2,1,1,2,2,2,1,1,33,24,25,20,13,115
"17",592,TRUE,2022-11-30 13:46:02,"B3340",2,4,2,3,2,5,4,3,1,4,2,4,6,3,6,1,3,5,3,8,10,12,15,9,14,13,16,5,4,7,6,1,18,17,2,11,2,1,7,2,3,2,2,2,2,2,3,2,NA,4,5,3,14,1,12,11,12,7,1,6,7,11,3,2,9,8,10,4,5,12,7,2,3,4,5,1,8,6,6,6,36,7,12,8,75,TRUE,"B3340",1,0,0,1,1,0,0,0,0,0,0,0,3,0,2,3,1,2,6,6,19,19,16,6,8,68
"18",663,TRUE,2022-11-30 13:47:32,"D3137",3,5,1,3,4,1,1,1,7,7,1,7,5,1,7,1,5,5,3,6,14,7,8,13,16,11,15,2,5,1,10,9,4,12,18,17,2,1,5,2,1,4,1,3,1,3,3,1,NA,4,5,4,13,2,11,12,11,6,12,6,3,8,1,10,7,4,2,11,9,5,5,6,4,3,7,1,8,2,6,6,36,7,12,8,75,TRUE,"D3137",1,0,0,1,0,0,0,0,1,0,0,1,2,2,1,3,7,1,5,7,24,4,24,3,10,65
"19",780,TRUE,2022-11-30 13:49:13,"E3463",4,4,2,1,6,5,1,5,4,4,3,4,3,4,2,4,4,4,2,11,8,10,18,3,17,7,13,6,14,12,15,1,16,4,9,5,2,3,5,2,2,2,1,1,3,2,3,2,"E3463",4,4,3,13,3,12,13,11,8,6,9,4,3,12,10,2,8,1,5,11,7,4,2,6,7,5,1,8,3,6,6,36,7,12,8,75,TRUE,"E3463",1,1,0,1,0,0,0,1,0,0,0,0,3,1,2,1,4,3,3,2,27,15,18,14,8,82
"20",487,TRUE,2022-11-30 14:37:34,"D2002",4,4,4,4,4,3,2,5,6,3,5,2,5,6,2,6,4,4,12,5,2,16,8,6,15,4,13,11,14,18,7,9,17,10,3,1,4,2,5,2,1,3,2,2,4,3,3,1,"D2002",5,NA,NA,NA,NA,NA,NA,NA,6,9,3,12,8,2,11,1,10,4,6,5,7,NA,NA,NA,NA,NA,NA,NA,NA,6,6,36,0,12,0,60,TRUE,"D2002",0,0,0,1,0,1,0,0,0,0,0,1,2,1,4,4,6,5,5,2,20,12,11,18,8,69
"21",363,TRUE,2022-11-30 14:38:07,"B3744",7,6,2,1,7,7,4,7,2,6,1,6,1,5,2,7,7,4,5,7,3,18,15,10,4,11,6,13,9,2,12,1,14,8,17,16,2,3,5,2,2,2,3,2,1,3,3,2,"B3744",5,NA,NA,NA,NA,NA,NA,NA,11,10,9,2,6,1,12,11,7,5,4,3,8,NA,NA,NA,NA,NA,NA,NA,NA,6,6,36,0,12,0,60,TRUE,"B3744",1,1,0,1,0,0,0,0,1,0,0,0,3,1,2,1,2,1,1,2,33,24,26,18,11,112
"22",374,TRUE,2022-11-30 14:38:08,"E3632",3,3,5,4,2,2,2,1,5,1,7,1,7,3,3,3,2,1,8,7,4,1,3,13,14,5,16,2,17,11,6,9,15,10,18,12,2,1,5,2,1,2,2,2,1,3,3,1,"E3632",4,4,3,13,1,12,13,12,9,4,10,5,8,9,12,2,7,3,11,1,6,3,6,2,4,5,1,8,7,6,6,36,7,12,8,75,TRUE,"E3632",1,0,0,1,0,0,0,0,1,0,0,1,2,2,5,4,5,7,7,3,15,8,4,11,3,41
"23",396,TRUE,2022-11-30 14:38:40,"D3643",NA,6,1,1,7,6,3,6,1,6,4,6,1,6,2,7,5,7,11,4,18,12,13,14,2,7,17,9,15,6,1,16,8,10,3,5,2,3,7,2,2,2,1,2,1,2,3,1,"D3643",4,1,2,12,5,14,13,10,8,11,10,6,5,8,12,4,9,7,1,3,2,5,7,3,4,6,1,8,2,6,6,35,7,12,8,74,TRUE,"D3643",1,1,0,1,0,0,0,0,1,0,0,1,3,2,1,1,1,4,1,2,27,22,23,19,12,103
"24",305,TRUE,2022-11-30 14:39:03,"E0505",3,5,3,5,4,3,3,3,5,4,3,3,3,4,5,4,4,5,6,10,9,8,18,17,1,12,7,15,3,5,14,13,2,11,16,4,2,3,7,2,1,4,2,1,1,1,3,2,"E0505",5,NA,NA,NA,NA,NA,NA,NA,7,1,2,11,9,3,5,4,7,10,8,6,12,NA,NA,NA,NA,NA,NA,NA,NA,6,6,36,0,12,0,60,TRUE,"E0505",1,1,0,1,0,0,0,1,1,1,0,0,3,3,3,5,5,3,3,5,20,12,17,11,9,69
"25",591,TRUE,2022-11-30 14:39:13,"B2013",6,6,1,2,6,4,4,4,4,6,1,5,5,5,1,6,6,6,11,2,8,3,13,4,17,5,15,16,14,6,1,9,10,12,7,18,3,3,7,2,4,4,2,2,4,3,3,2,"B2013",4,2,1,12,3,14,13,10,7,8,7,9,4,5,1,11,6,2,12,10,3,7,6,3,4,2,1,8,5,6,6,36,7,12,8,75,TRUE,"B2013",0,1,0,1,0,0,0,0,0,0,0,0,2,0,1,2,4,1,5,1,31,16,21,18,12,98
"26",436,TRUE,2022-11-30 14:39:25,"D3621",6,6,1,2,5,4,3,5,2,4,1,5,3,1,2,3,6,4,7,1,11,8,17,16,4,14,3,10,6,18,2,5,13,12,15,9,2,1,5,2,2,4,1,3,2,2,4,1,"D3621",4,1,1,11,5,14,14,9,4,6,9,5,7,10,1,8,2,11,12,3,4,3,6,2,4,5,1,8,7,6,6,36,7,12,8,75,TRUE,"D3621",1,0,0,1,0,0,0,0,0,0,0,1,2,1,1,2,2,1,3,2,30,18,21,10,10,89
"27",451,TRUE,2022-11-30 14:39:26,"B3575",6,6,3,2,6,4,4,6,3,4,2,5,2,2,3,7,4,5,10,12,16,3,7,4,11,2,9,18,13,1,15,17,6,5,14,8,2,3,7,2,2,2,2,2,1,1,3,2,"B3575",4,2,1,11,2,13,14,10,10,3,6,7,8,12,1,11,5,10,9,2,4,2,6,4,5,3,1,8,7,6,6,36,7,12,8,75,TRUE,"B3575",1,1,0,1,0,0,0,0,1,1,0,0,3,2,3,2,3,2,2,3,29,19,21,14,9,92
"28",545,TRUE,2022-11-30 14:40:58,"E3610",3,3,5,5,1,2,2,3,6,6,1,7,2,1,7,4,2,1,16,13,9,14,3,18,8,7,5,12,1,4,2,17,6,15,11,10,1,3,5,2,2,2,3,2,2,3,3,1,"E3610",5,NA,NA,NA,NA,NA,NA,NA,8,8,12,11,9,4,7,2,10,6,5,3,1,NA,NA,NA,NA,NA,NA,NA,NA,6,6,36,0,12,0,60,TRUE,"E3610",0,1,0,1,0,0,0,0,0,0,0,1,2,1,5,5,6,1,2,7,13,9,26,6,3,57
"29",565,TRUE,2022-11-30 14:41:37,"D2372",1,2,5,4,2,2,1,4,7,5,3,6,4,2,6,2,6,4,16,13,3,4,7,8,10,1,18,9,14,11,12,2,6,15,17,5,2,3,5,2,2,2,3,2,1,3,3,2,"D2372",4,2,4,12,3,13,12,11,11,6,9,10,1,7,11,2,4,8,5,3,12,2,5,3,7,4,1,8,6,6,6,36,7,12,8,75,TRUE,"D2372",1,1,0,1,0,0,0,0,1,0,0,0,3,1,5,4,7,3,4,6,12,8,20,6,10,56
"30",774,TRUE,2022-11-30 14:42:22,"B2035",5,1,7,1,6,6,7,1,3,4,1,7,1,1,4,1,5,6,1,2,3,16,11,6,15,12,14,18,13,5,7,4,8,9,10,17,3,2,5,2,1,1,3,2,4,3,2,1,"B2035",4,1,3,13,3,14,13,10,4,12,7,6,1,2,8,3,10,5,11,9,4,4,7,6,5,2,1,8,3,6,6,36,7,12,8,75,TRUE,"B2035",0,0,0,1,0,0,0,0,0,0,1,1,1,2,7,1,3,1,1,4,20,19,25,6,11,81
"31",492,TRUE,2022-11-30 14:42:25,"D1371",6,5,3,3,4,4,2,5,5,4,3,3,4,4,4,4,4,5,1,16,5,4,8,12,7,15,14,18,17,11,13,6,2,10,3,9,2,3,5,2,2,2,3,2,1,3,3,2,"D1371",4,3,4,11,3,11,12,11,11,8,6,3,1,2,9,10,7,11,4,12,5,6,7,3,5,4,1,8,2,6,6,36,7,12,8,75,TRUE,"D1371",1,1,0,1,0,0,0,0,1,0,0,0,3,1,3,3,5,3,4,4,25,14,16,12,9,76
"32",741,TRUE,2022-11-30 14:43:22,"B3812",6,6,1,1,6,4,4,6,2,6,1,7,1,4,2,5,6,7,5,14,3,15,1,17,9,2,12,13,10,11,16,8,6,18,4,7,2,4,5,1,4,2,2,1,3,3,3,2,"B3812",4,1,2,11,3,14,15,9,7,3,10,2,12,6,7,9,11,4,5,1,8,6,4,3,7,5,1,8,2,6,6,36,7,12,8,75,TRUE,"B3812",1,0,0,0,0,0,0,1,0,0,0,0,1,1,1,1,2,1,1,2,32,20,27,15,13,107
"33",182,TRUE,2022-11-30 15:32:26,"B3227",6,4,1,1,4,7,7,7,1,7,1,7,1,2,3,4,7,5,9,5,17,2,3,16,12,15,8,1,10,14,7,13,6,4,18,11,2,4,7,2,4,3,2,1,2,2,3,3,NA,4,5,5,12,1,14,15,12,4,6,8,12,9,10,4,5,11,1,2,7,3,2,7,6,4,3,1,8,5,6,6,36,7,12,8,75,TRUE,"B3227",1,0,0,1,0,1,0,1,0,0,0,0,3,1,1,1,1,1,1,3,28,28,28,11,12,107
"34",278,TRUE,2022-11-30 15:33:31,"E3205",7,7,3,6,7,7,6,6,3,6,3,5,2,4,3,4,5,6,9,18,5,1,11,10,2,6,14,16,3,17,15,13,7,12,4,8,2,3,7,2,2,2,3,2,1,2,2,2,NA,5,NA,NA,NA,NA,NA,NA,NA,8,3,8,9,5,7,12,6,10,11,2,1,4,NA,NA,NA,NA,NA,NA,NA,NA,6,6,36,0,12,0,60,TRUE,"E3205",1,1,0,1,0,0,0,0,1,0,1,0,3,2,3,6,3,3,2,3,28,24,22,13,11,98
"35",308,TRUE,2022-11-30 15:33:54,"B3216",7,4,1,4,2,7,4,4,NA,4,1,7,6,1,7,6,7,7,8,10,17,11,3,15,14,12,13,16,9,5,1,4,7,2,18,6,2,1,5,2,1,4,3,3,1,3,1,1,"B3216",4,1,1,11,1,11,11,8,5,7,5,3,10,11,6,9,8,12,1,2,4,6,3,4,5,7,1,8,2,6,6,35,7,12,8,74,TRUE,"B3216",1,0,0,1,0,0,0,0,1,0,0,1,2,2,1,4,NA,1,6,7,24,15,20,8,14,81
"36",318,TRUE,2022-11-30 15:37:02,"B3531",7,7,1,1,7,7,7,4,1,7,1,7,1,4,4,4,7,7,9,7,15,16,12,14,8,4,18,2,17,10,3,1,5,6,13,11,2,2,5,4,3,2,2,4,4,2,3,4,"B3531",4,3,3,12,3,13,14,10,5,1,11,4,10,5,7,9,3,12,2,8,6,5,6,3,4,7,1,8,2,6,6,36,7,12,8,75,TRUE,"B3531",1,0,0,0,1,0,0,0,0,0,0,0,2,0,1,1,1,1,1,4,35,25,28,12,14,114
"37",511,TRUE,2022-11-30 15:37:17,"D3867",4,5,1,1,4,4,3,5,2,6,1,7,3,1,4,1,3,6,7,10,14,15,3,13,17,9,6,8,1,4,11,16,5,12,2,18,2,2,7,2,2,2,3,2,4,1,2,1,NA,4,2,3,13,2,14,11,11,5,11,1,3,7,10,9,12,5,8,6,4,2,5,6,4,2,3,1,8,7,6,6,36,7,12,8,75,TRUE,"D3867",1,0,0,1,0,0,0,0,0,1,1,1,2,3,1,1,2,1,3,4,27,18,25,6,9,85
"38",432,TRUE,2022-11-30 15:37:24,"D3508",4,7,4,1,7,3,4,7,4,7,1,4,1,NA,4,1,4,4,8,16,1,15,6,2,12,4,10,17,9,7,13,3,14,5,11,18,2,3,7,2,2,2,1,2,1,2,3,2,"D3508",4,2,3,11,5,12,12,11,9,6,2,7,1,11,9,12,4,8,10,5,3,3,4,2,7,6,1,8,5,6,6,35,7,12,8,74,TRUE,"D3508",1,1,0,1,0,0,0,0,1,0,0,0,3,1,4,1,4,1,1,4,29,18,25,5,8,85
"39",265,TRUE,2022-11-30 15:37:35,"B2686",4,4,2,3,5,5,5,4,2,5,3,5,3,3,3,5,4,5,3,16,11,7,18,17,13,1,15,14,12,6,9,8,10,2,5,4,3,1,6,3,2,2,2,2,2,3,2,3,"7340004841",4,4,2,12,3,12,12,10,5,12,11,5,9,3,8,4,1,2,7,6,10,4,7,5,6,3,1,8,2,6,6,36,7,12,8,75,TRUE,"B2686",0,0,0,0,0,0,0,0,0,0,1,0,0,1,2,3,2,3,3,3,24,20,20,13,9,86
"40",462,TRUE,2022-11-30 15:38:18,"D3654",6,4,1,5,5,4,6,6,6,7,1,7,3,4,1,7,5,7,2,12,4,18,16,8,15,10,14,6,13,7,9,17,11,5,1,3,2,2,5,2,2,3,2,1,2,2,2,3,NA,4,3,3,13,1,12,12,11,5,3,7,5,1,4,11,10,12,6,2,9,8,7,3,6,5,2,1,8,4,6,6,36,7,12,8,75,TRUE,"D3654",1,0,0,1,0,1,0,1,0,0,1,0,3,2,1,5,6,1,3,1,25,18,26,18,12,99
"41",524,TRUE,2022-11-30 15:38:55,"B3272",2,4,6,4,1,4,4,4,3,6,2,5,3,2,5,2,2,3,14,1,13,5,10,4,3,6,2,18,12,15,17,16,7,11,9,8,2,3,5,2,1,2,2,1,1,3,3,1,"B3272",4,2,2,13,2,13,14,11,9,3,12,10,6,11,4,2,1,5,8,9,7,4,5,6,7,2,1,8,3,6,6,36,7,12,8,75,TRUE,"B3272",1,1,0,1,0,0,0,1,1,0,0,1,3,3,6,4,3,2,3,5,13,17,22,7,5,64
"42",435,TRUE,2022-11-30 15:40:29,"D2147",6,6,1,1,5,4,4,5,3,7,1,7,1,4,3,4,5,4,12,10,8,13,1,15,17,16,7,14,11,3,2,5,18,6,9,4,2,3,7,2,2,2,2,2,1,3,3,2,"D2147",4,1,2,12,5,15,14,10,11,9,7,5,2,10,12,1,3,8,4,11,6,7,6,4,3,5,1,8,2,6,6,36,7,12,8,75,TRUE,"D2147",1,1,0,1,0,0,0,0,1,0,0,0,3,1,1,1,3,1,1,3,31,18,28,13,9,99
"43",675,TRUE,2022-11-30 15:40:43,"D3485",5,6,1,1,4,4,3,5,1,4,1,7,1,1,2,2,4,4,10,18,11,16,14,13,1,9,8,6,17,12,7,4,3,2,15,5,2,2,5,2,2,2,1,2,1,2,2,2,"D3485",4,2,2,12,4,14,15,12,8,9,8,2,7,1,4,12,5,6,10,11,3,3,7,6,4,2,1,8,5,6,6,36,7,12,8,75,TRUE,"D3485",1,0,0,1,0,0,0,0,1,0,1,0,2,2,1,1,1,1,1,2,29,19,25,9,8,90
"44",351,TRUE,2022-11-30 15:41:28,"D3542",7,7,1,3,6,7,5,7,1,5,2,5,3,7,3,5,7,5,14,16,17,9,1,12,5,6,18,8,11,2,7,13,10,15,4,3,2,3,7,2,2,2,3,1,1,2,3,2,"D3542",5,NA,NA,NA,NA,NA,NA,NA,8,11,2,12,10,6,7,1,4,8,3,5,9,NA,NA,NA,NA,NA,NA,NA,NA,6,6,36,0,12,0,60,TRUE,"D3542",1,1,0,1,0,0,0,1,1,0,0,0,3,2,1,3,1,2,3,3,32,26,21,17,12,108
"45",449,TRUE,2022-11-30 15:42:45,"D1742",7,7,1,1,7,5,6,6,2,6,1,6,2,6,5,6,7,6,6,8,18,16,9,11,5,4,14,13,17,12,10,3,7,1,2,15,2,3,5,2,2,1,2,1,1,2,3,2,NA,4,2,2,12,3,13,14,10,9,11,8,7,1,3,4,10,6,5,2,9,12,7,6,3,4,2,1,8,5,6,6,36,7,12,8,75,TRUE,"D1742",1,1,0,1,0,0,0,1,1,0,0,0,3,2,1,1,2,1,2,5,35,23,25,15,13,111
"46",807,TRUE,2022-11-30 15:42:58,"B3687",1,1,4,2,1,1,1,2,1,4,4,4,4,1,7,1,1,2,3,12,16,18,10,11,6,1,9,7,15,17,5,14,2,8,13,4,2,4,7,2,1,2,3,2,2,2,3,2,"B3687",4,3,3,13,1,11,13,12,6,5,3,7,12,10,6,11,9,4,1,8,2,2,4,5,6,3,1,8,7,6,6,36,7,12,8,75,TRUE,"B3687",1,0,0,1,0,0,0,0,0,0,0,0,2,0,4,2,1,4,4,7,13,11,16,3,3,46
"47",307,TRUE,2022-11-30 16:25:40,"B2451",7,6,4,4,5,6,4,6,3,6,2,6,2,4,3,6,7,6,3,5,8,10,6,17,15,12,14,4,16,11,2,7,9,18,13,1,2,2,5,2,3,2,2,1,1,1,2,1,"B2451",4,3,2,12,4,14,11,9,6,5,8,12,1,3,2,6,9,11,4,7,10,5,2,7,3,4,1,8,6,6,6,36,7,12,8,75,TRUE,"B2451",1,0,0,1,1,0,0,1,1,1,1,1,3,5,4,4,3,2,2,3,26,21,24,15,13,99
"48",365,TRUE,2022-11-30 16:26:33,"D1438",5,6,2,4,3,5,4,4,2,5,1,6,2,2,6,2,5,4,2,7,18,9,12,10,1,17,14,4,6,8,15,13,5,16,11,3,2,3,7,2,2,2,2,2,1,3,3,2,NA,4,2,2,12,3,13,14,11,11,7,10,6,9,8,12,11,3,5,1,4,2,3,5,6,7,2,1,8,4,6,6,36,7,12,8,75,TRUE,"D1438",1,1,0,1,0,0,0,0,1,0,0,0,3,1,2,4,2,1,2,6,24,19,24,6,9,82
"49",437,TRUE,2022-11-30 16:27:54,"E2361",5,4,4,2,5,5,6,6,3,5,3,6,3,6,2,6,4,4,13,17,10,18,5,12,3,11,15,6,1,2,14,4,8,7,16,9,2,3,7,2,2,2,2,2,1,2,2,2,"E2361",5,NA,NA,NA,NA,NA,NA,NA,9,6,2,1,10,3,5,9,11,12,7,4,8,NA,NA,NA,NA,NA,NA,NA,NA,6,6,36,0,12,0,60,TRUE,"E2361",1,1,0,1,0,0,0,0,1,0,1,0,3,2,4,2,3,3,3,2,24,22,21,18,8,93
"50",477,TRUE,2022-11-30 16:28:27,"E1393",6,6,2,1,6,6,5,6,5,6,2,7,2,2,2,3,6,4,12,8,17,1,6,13,14,2,18,7,5,3,9,4,10,16,15,11,2,2,7,2,2,2,2,2,1,1,3,1,"E1393",4,3,2,12,5,14,15,10,8,3,8,12,6,5,11,10,9,1,4,7,2,2,4,3,6,7,1,8,5,6,6,36,7,12,8,75,TRUE,"E1393",1,0,0,1,0,0,0,0,1,1,0,1,2,3,2,1,5,2,2,2,31,20,25,11,10,97
"51",337,TRUE,2022-11-30 16:30:04,"E3003",5,5,2,3,4,5,5,5,3,4,4,3,4,5,2,5,5,4,7,11,2,6,1,8,5,12,16,13,3,18,10,14,4,17,9,15,2,1,5,2,2,2,2,2,1,2,3,2,"E3003",5,NA,NA,NA,NA,NA,NA,NA,10,11,6,9,12,4,8,10,3,5,7,1,2,NA,NA,NA,NA,NA,NA,NA,NA,6,6,36,0,12,0,60,TRUE,"E3003",1,0,0,1,0,0,0,0,1,0,0,0,2,1,2,3,3,4,4,2,25,20,15,16,9,85
"52",528,TRUE,2022-11-30 16:30:29,"B0482",2,2,5,1,6,2,1,2,6,7,1,7,1,1,6,1,3,1,10,9,3,16,12,1,13,2,7,5,4,14,15,17,11,8,18,6,2,3,5,2,1,2,2,2,2,2,3,2,NA,4,2,2,12,3,13,14,9,9,8,2,7,3,9,10,11,12,4,1,6,5,4,5,6,2,7,1,8,3,6,6,36,7,12,8,75,TRUE,"B0482",1,1,0,1,0,0,0,0,0,0,0,0,3,0,5,1,6,1,1,6,20,7,28,4,4,63
"53",596,TRUE,2022-11-30 16:30:33,"E0392",6,5,2,2,5,NA,3,6,4,5,1,6,2,1,4,6,4,7,11,1,2,13,15,17,4,5,18,6,12,16,10,9,3,7,14,8,2,4,1,2,1,2,1,2,3,2,4,2,"E0392",5,NA,NA,NA,NA,NA,NA,NA,5,6,12,2,10,1,11,9,3,7,4,5,8,NA,NA,NA,NA,NA,NA,NA,NA,6,6,35,0,12,0,59,TRUE,"E0392",1,0,0,1,0,0,0,0,0,0,0,0,2,0,2,2,4,1,2,4,28,13,24,11,11,87
"54",411,TRUE,2022-11-30 16:31:12,"B2978",6,7,1,1,7,7,7,6,1,7,1,7,1,3,2,4,6,7,15,2,7,1,5,16,4,3,10,17,18,11,12,8,14,13,9,6,2,2,5,2,2,2,2,2,1,3,3,2,"B2978",4,1,2,11,5,14,15,10,11,6,8,11,2,1,12,4,9,5,3,10,7,2,7,4,3,6,1,8,5,6,6,36,7,12,8,75,TRUE,"B2978",1,0,0,1,0,0,0,0,1,0,0,0,2,1,1,1,1,1,1,2,34,27,28,13,13,115
"55",619,TRUE,2022-11-30 16:31:20,"B0415",7,6,2,2,6,5,2,7,6,3,2,2,3,3,2,6,6,6,16,7,12,11,3,2,1,17,13,6,9,10,8,14,18,15,4,5,1,1,1,1,3,3,4,1,1,1,2,2,"B0415",5,NA,NA,NA,NA,NA,NA,NA,2,9,10,11,5,4,12,3,7,1,6,2,8,NA,NA,NA,NA,NA,NA,NA,NA,6,6,36,0,12,0,60,TRUE,"B0415",0,0,0,0,1,1,1,1,1,1,1,0,2,5,2,2,6,2,3,2,31,16,16,15,12,90
"56",644,TRUE,2022-11-30 16:34:36,"E2956",5,4,2,2,5,4,4,5,2,2,4,1,3,3,2,4,4,4,16,1,7,8,2,3,18,14,15,9,4,10,6,11,13,5,12,17,2,3,5,2,2,2,2,2,2,1,3,2,"E2956",4,2,3,12,4,14,14,10,10,7,11,3,9,12,4,1,10,2,5,8,6,2,6,7,3,5,1,8,4,6,6,36,7,12,8,75,TRUE,"E2956",1,1,0,1,0,0,0,0,0,1,0,0,3,1,2,2,2,4,3,2,26,19,12,13,8,78
"57",714,TRUE,2022-11-30 16:35:51,"B2653",7,6,1,1,5,5,4,7,4,6,1,6,1,2,2,2,5,6,15,3,4,7,10,8,6,16,18,11,17,12,2,1,9,13,5,14,2,1,7,2,2,2,2,2,1,3,2,2,"B2563",4,2,2,12,3,13,14,10,9,2,5,3,1,11,12,8,7,9,6,10,4,6,7,4,3,5,1,8,2,6,6,36,7,12,8,75,TRUE,"B2653",1,0,0,1,0,0,0,0,1,0,1,0,2,2,1,1,4,1,1,2,32,20,26,10,11,99
"58",439,TRUE,2022-11-30 17:21:46,"E1618",7,7,1,1,7,4,5,7,4,5,4,4,4,2,7,3,5,5,14,11,13,16,5,18,6,4,15,8,1,3,12,17,9,2,10,7,1,3,7,2,2,2,2,2,1,3,3,1,"E1618",5,NA,NA,NA,NA,NA,NA,NA,9,3,7,10,6,11,12,1,5,2,8,9,4,NA,NA,NA,NA,NA,NA,NA,NA,6,6,36,0,12,0,60,TRUE,"E1618",0,1,0,1,0,0,0,0,1,0,0,1,2,2,1,1,4,4,4,7,35,20,17,6,10,88
"59",457,TRUE,2022-11-30 17:21:56,"D1696",4,4,4,6,5,2,2,4,5,3,5,2,3,7,1,5,4,4,13,7,6,15,16,3,11,17,8,12,5,10,9,14,18,4,2,1,2,3,5,2,1,2,2,2,4,1,3,3,"D1696",4,2,2,12,4,12,14,11,8,2,11,3,5,4,10,6,1,12,8,9,7,6,3,5,2,7,1,8,4,6,6,36,7,12,8,75,TRUE,"D1696",1,1,0,1,0,0,0,0,0,1,0,0,3,1,4,6,5,5,3,1,19,11,13,19,8,70
"60",478,TRUE,2022-11-30 17:24:09,"D1078",4,6,1,1,3,4,2,5,2,4,1,5,2,3,2,4,3,1,18,1,2,4,8,10,6,11,9,7,17,16,12,3,14,5,15,13,2,3,7,2,1,2,2,2,1,4,3,2,"D1078",4,3,4,12,3,13,12,11,9,8,1,6,5,4,2,12,10,9,7,11,3,2,5,3,6,4,1,8,7,6,6,36,7,12,8,75,TRUE,"D1078",1,1,0,1,0,0,0,0,1,0,0,0,3,1,1,1,2,1,2,2,27,17,22,13,4,83
"61",292,TRUE,2022-11-30 17:59:06,"D1179",7,7,1,1,7,7,5,7,2,7,4,6,1,5,1,7,7,4,17,10,1,9,18,6,13,14,3,8,15,2,4,11,16,5,12,7,2,3,1,2,2,2,2,1,1,3,3,2,"D1179",4,2,2,11,2,12,13,11,10,2,5,9,12,10,6,8,4,3,11,7,1,5,4,3,2,6,1,8,7,6,6,36,7,12,8,75,TRUE,"D1179",1,1,0,1,0,0,0,1,1,0,0,0,3,2,1,1,2,4,1,1,35,25,24,19,11,114
"62",393,TRUE,2022-11-30 17:59:37,"E1090",6,5,2,1,4,2,6,4,4,5,2,5,2,2,5,2,4,4,6,15,7,3,4,11,8,13,1,18,12,14,5,16,10,2,9,17,2,1,5,2,2,2,2,2,1,3,3,3,"E1090",5,NA,NA,NA,NA,NA,NA,NA,10,6,10,2,9,4,11,1,3,12,7,8,5,NA,NA,NA,NA,NA,NA,NA,NA,6,6,36,0,12,0,60,TRUE,"E1090",1,0,0,1,0,0,0,0,1,0,0,0,2,1,2,1,4,2,2,5,28,16,22,7,8,81
"63",267,TRUE,2022-11-30 18:00:16,"E0279",7,7,1,2,7,6,4,4,5,5,1,7,1,4,3,4,7,6,7,6,5,18,9,17,2,11,14,16,1,8,15,10,13,4,12,3,3,2,7,4,4,3,3,4,2,3,1,4,"E0279",4,1,2,12,2,14,15,9,1,7,4,1,11,9,3,5,12,10,2,6,8,2,5,3,7,6,1,8,4,6,6,36,7,12,8,75,TRUE,"E0279",0,0,0,0,0,1,0,0,0,0,0,0,1,0,1,2,5,1,1,3,34,17,26,13,13,103
"64",442,TRUE,2022-11-30 18:00:23,"D1012",6,6,1,1,6,4,6,5,4,7,1,7,1,1,1,3,6,5,16,5,8,14,6,4,12,9,3,2,10,18,7,11,13,15,1,17,2,3,7,2,2,2,2,1,1,2,3,2,"D1012",4,2,3,12,5,15,13,10,9,11,7,12,6,3,2,5,10,1,9,8,4,5,6,3,7,4,1,8,2,6,6,36,7,12,8,75,TRUE,"D1012",1,1,0,1,0,0,0,1,1,0,0,0,3,2,1,1,4,1,1,1,32,19,28,11,11,101
"65",486,TRUE,2022-11-30 18:01:23,"E0381",6,7,1,1,7,7,6,5,2,6,1,7,2,3,6,2,7,7,6,8,1,11,10,4,13,7,5,17,16,9,18,15,2,12,3,14,2,3,5,2,2,2,3,2,1,2,3,2,"E0381",5,NA,NA,NA,NA,NA,NA,NA,10,6,9,12,10,3,8,1,2,11,7,4,5,NA,NA,NA,NA,NA,NA,NA,NA,6,6,36,0,12,0,60,TRUE,"E0381",1,1,0,1,0,0,0,0,1,0,0,0,3,1,1,1,2,1,2,6,34,24,26,7,14,105
"66",504,TRUE,2022-11-30 18:01:31,"D0370",2,4,6,7,5,1,1,4,3,6,2,5,4,1,7,1,5,5,18,2,5,17,4,8,10,15,1,14,3,9,6,12,16,11,7,13,2,3,5,2,2,2,2,2,3,3,3,2,"D0370",4,3,3,12,2,12,11,10,11,11,9,6,5,10,8,2,7,12,1,4,3,6,4,2,7,5,1,8,3,6,6,36,7,12,8,75,TRUE,"D0370",1,1,0,1,0,0,0,0,0,0,0,0,3,0,6,7,3,2,4,7,14,11,21,3,10,59
"67",497,TRUE,2022-11-30 18:01:45,"E0448",4,3,1,1,5,2,2,1,4,6,1,6,2,1,7,1,4,3,6,8,12,1,18,15,3,10,2,11,5,14,9,13,7,16,17,4,2,1,7,2,2,2,2,1,1,3,3,1,"E0448",5,NA,NA,NA,NA,NA,NA,NA,8,4,1,11,3,6,2,12,7,9,5,8,10,NA,NA,NA,NA,NA,NA,NA,NA,6,6,36,0,12,0,60,TRUE,"E0448",1,0,0,1,0,0,0,1,1,0,0,1,2,3,1,1,4,1,2,7,26,9,25,3,7,70
"68",526,TRUE,2022-11-30 18:01:46,"D1203",7,6,1,1,5,5,4,5,4,7,1,7,2,1,7,3,6,5,8,3,1,4,6,2,13,11,14,12,7,16,9,17,5,10,15,18,2,2,5,2,1,2,2,2,2,2,3,2,NA,4,4,2,11,4,13,12,10,8,11,12,10,2,9,3,5,1,4,7,8,6,3,2,6,7,5,1,8,4,6,6,36,7,12,8,75,TRUE,"D1203",1,0,0,1,0,0,0,0,0,0,0,0,2,0,1,1,4,1,2,7,32,18,27,5,11,93
"69",359,TRUE,2022-11-30 18:01:49,"B2877",7,7,1,1,2,5,7,7,1,7,1,7,1,7,2,3,7,6,5,17,8,14,9,7,18,4,3,11,10,6,15,16,1,12,2,13,2,1,1,2,1,1,2,2,2,2,3,2,"B2877",4,3,3,13,1,12,15,11,6,4,2,7,3,12,6,10,5,9,8,11,1,7,3,4,5,6,1,8,2,6,6,36,7,12,8,75,TRUE,"B2877",1,0,0,1,0,0,0,0,0,0,0,0,2,0,1,1,1,1,1,2,30,26,28,16,13,113
"70",303,TRUE,2022-11-30 18:01:57,"D2800",6,5,1,1,5,4,4,4,3,5,1,5,2,2,4,5,6,6,12,16,9,1,18,5,6,14,13,10,4,11,15,8,3,2,7,17,2,3,5,2,2,2,3,2,3,3,3,2,"D2800",4,3,3,12,2,12,14,11,10,11,7,2,12,1,5,8,4,10,6,9,3,6,3,7,2,5,1,8,4,6,6,36,7,12,8,75,TRUE,"D2800",1,1,0,1,0,0,0,0,0,0,0,0,3,0,1,1,3,1,2,4,30,17,23,11,12,93
"71",363,TRUE,2022-11-30 18:02:14,"B2811",3,5,3,2,4,5,5,4,3,6,1,7,1,1,5,4,4,5,18,7,6,5,3,9,2,16,4,13,8,17,12,10,14,1,11,15,2,3,7,2,2,2,2,2,1,2,3,2,"B2811",4,2,3,12,3,13,11,11,10,4,6,2,8,1,10,5,11,9,3,7,12,7,3,2,5,6,1,8,4,6,6,36,7,12,8,75,TRUE,"B2811",1,1,0,1,0,0,0,0,1,0,0,0,3,1,3,2,3,1,1,5,23,19,27,8,9,86
"72",339,TRUE,2022-11-30 18:02:24,"D0572",4,4,4,6,5,3,4,1,5,3,3,4,3,1,7,1,4,2,18,10,3,6,9,2,1,12,5,16,4,14,8,13,11,17,15,7,2,3,7,2,2,2,3,2,1,3,3,2,"D0572",4,5,4,14,1,11,13,12,10,2,10,3,9,6,8,12,4,5,11,1,7,4,7,5,3,6,1,8,2,6,6,36,7,12,8,75,TRUE,"D0572",1,1,0,1,0,0,0,0,1,0,0,0,3,1,4,6,5,3,3,7,19,11,17,3,6,56
"73",457,TRUE,2022-11-30 18:03:33,"E1821",5,5,1,1,5,3,3,3,4,7,2,6,1,3,4,1,4,7,15,4,6,18,2,13,8,5,9,16,7,1,17,3,12,14,11,10,2,3,5,2,2,2,2,2,1,3,3,2,"E1821",5,NA,NA,NA,NA,NA,NA,NA,12,5,12,3,1,11,9,4,10,8,7,6,2,NA,NA,NA,NA,NA,NA,NA,NA,6,6,36,0,12,0,60,TRUE,"E1821",1,1,0,1,0,0,0,0,1,0,0,0,3,1,1,1,4,2,1,4,29,13,26,8,11,87
"74",475,TRUE,2022-11-30 18:03:47,"D1865",4,4,4,2,4,2,4,3,5,4,2,5,1,4,4,4,2,5,12,4,17,7,11,6,3,10,15,9,5,13,1,2,18,16,14,8,2,1,5,2,2,2,3,1,2,2,3,2,"D1865",4,3,4,12,3,15,13,10,7,10,5,11,7,2,9,12,3,4,8,6,1,5,6,3,4,2,1,8,7,6,6,36,7,12,8,75,TRUE,"D1865",1,0,0,1,0,0,0,1,0,0,0,0,2,1,4,2,5,2,1,4,22,12,22,12,7,75
"75",339,TRUE,2022-11-30 18:04:02,"E1966",4,4,3,1,5,5,5,5,2,5,1,6,1,2,3,3,4,4,7,5,6,15,17,8,4,18,9,1,13,2,11,16,14,10,12,3,2,3,5,2,2,2,2,2,2,1,3,2,"E1966",5,NA,NA,NA,NA,NA,NA,NA,10,3,1,7,2,4,6,9,12,5,11,10,8,NA,NA,NA,NA,NA,NA,NA,NA,6,6,36,0,12,0,60,TRUE,"E1966",1,1,0,1,0,0,0,0,0,1,0,0,3,1,3,1,2,1,1,3,25,21,25,10,8,89
"76",324,TRUE,2022-11-30 18:04:24,"E2260",4,6,2,2,3,4,4,4,3,5,4,4,2,4,4,3,4,3,12,1,6,9,8,3,2,14,16,18,7,5,17,4,13,15,10,11,2,1,1,2,1,4,2,1,1,2,4,3,"E2260",5,NA,NA,NA,NA,NA,NA,NA,4,9,12,4,3,8,1,5,7,11,10,6,2,NA,NA,NA,NA,NA,NA,NA,NA,6,6,36,0,12,0,60,TRUE,"E2260",1,0,0,1,0,0,0,1,1,0,0,0,2,2,2,2,3,4,2,4,25,17,19,11,7,79
"77",515,TRUE,2022-11-30 18:04:33,"E2776",3,3,3,4,3,3,3,4,7,4,2,5,3,5,6,1,1,3,16,15,11,2,4,12,9,18,3,7,17,14,10,5,6,1,13,8,3,3,6,2,2,2,4,1,3,3,2,1,"E2776",4,5,3,14,3,13,12,12,5,5,10,6,11,3,2,12,7,4,9,1,8,4,7,6,2,5,1,8,3,6,6,36,7,12,8,75,TRUE,"E2776",0,1,0,1,0,0,1,1,0,0,1,1,2,4,3,4,7,2,3,6,18,11,20,8,4,61
"78",322,TRUE,2022-11-30 18:04:35,"D1900",7,7,1,2,6,6,5,5,3,6,1,7,1,3,4,5,6,6,3,5,2,10,7,18,9,13,8,15,17,6,1,4,16,12,11,14,2,3,1,2,1,4,1,2,1,2,3,1,"D1900",5,NA,NA,NA,NA,NA,NA,NA,6,3,8,9,1,4,12,2,5,10,7,6,11,NA,NA,NA,NA,NA,NA,NA,NA,6,6,36,0,12,0,60,TRUE,"D1900",1,1,0,1,0,0,0,0,1,0,0,1,3,2,1,2,3,1,1,4,33,21,27,12,12,105
"79",504,TRUE,2022-11-30 18:04:40,"B2787",4,4,2,3,5,4,3,5,4,5,2,5,3,1,3,3,4,4,9,13,7,8,14,4,5,6,16,12,11,1,17,10,3,15,18,2,2,3,5,2,2,1,2,1,1,3,3,2,"B2787",4,3,3,13,2,12,14,11,10,12,5,8,7,2,11,9,1,3,4,10,6,3,2,6,4,7,1,8,5,6,6,36,7,12,8,75,TRUE,"B2787",1,1,0,1,0,0,0,1,1,0,0,0,3,2,2,3,4,2,3,3,24,16,21,9,8,78
"80",542,TRUE,2022-11-30 18:05:16,"D1810",6,5,NA,2,5,3,5,5,3,5,2,6,2,2,2,NA,6,6,3,8,14,16,9,17,18,10,7,2,1,5,12,4,6,11,15,13,2,3,5,2,2,4,4,2,1,3,3,2,"D1810",4,2,4,12,2,13,12,11,10,4,11,6,2,7,10,8,5,12,9,1,3,3,4,7,6,5,1,8,2,6,6,34,7,12,8,73,TRUE,"D1810",1,1,0,1,0,0,1,0,1,0,0,0,3,2,NA,2,3,2,2,2,22,18,23,8,12,83
"81",642,TRUE,2022-11-30 18:05:33,"B1214",4,5,4,4,4,1,4,5,2,4,1,NA,1,1,7,5,2,3,14,16,17,4,18,1,5,15,2,7,3,11,6,9,13,8,10,12,1,2,7,2,3,2,1,1,4,2,2,3,"B1214",4,1,3,13,5,15,12,11,2,2,3,10,8,7,12,4,11,6,1,9,5,2,4,7,6,5,1,8,3,6,6,35,7,12,8,74,TRUE,"B1214",0,0,0,1,1,0,0,1,0,0,1,0,2,2,4,4,2,1,1,7,21,16,18,7,5,67
"82",325,TRUE,2022-11-30 18:06:08,"D1988",1,2,2,2,2,1,1,1,7,3,3,7,2,1,7,1,3,1,17,14,4,16,6,8,12,1,15,18,7,2,5,9,10,3,13,11,4,3,6,1,2,1,2,2,3,3,3,2,"D1988",4,5,5,14,2,11,15,12,7,11,2,5,12,4,10,7,1,8,9,3,6,5,2,6,3,4,1,8,7,6,6,36,7,12,8,75,TRUE,"D1988",0,1,0,0,0,0,0,0,0,0,0,0,1,0,2,2,7,3,2,7,17,4,21,3,4,49
"83",400,TRUE,2022-11-30 18:06:19,"D1911",7,7,1,1,7,6,6,5,2,6,2,4,1,4,2,6,4,5,4,8,1,11,3,12,14,2,13,16,7,10,6,17,15,9,18,5,2,3,5,2,1,3,2,2,2,2,3,2,"D1911",4,3,3,11,2,11,12,11,8,9,10,2,7,6,12,3,5,8,11,1,4,7,6,3,4,5,1,8,2,6,6,36,7,12,8,75,TRUE,"D1911",1,1,0,1,0,1,0,0,0,0,0,0,4,0,1,1,2,2,1,2,35,23,23,16,9,106
"84",557,TRUE,2022-11-30 18:07:28,"E0640",6,6,3,2,6,5,6,6,2,2,6,2,5,6,2,6,6,6,14,8,4,3,17,16,7,18,9,11,12,13,6,1,15,10,2,5,2,3,1,2,2,2,1,2,1,2,1,2,"E0640",5,NA,NA,NA,NA,NA,NA,NA,8,1,4,10,11,5,2,6,9,3,12,7,8,NA,NA,NA,NA,NA,NA,NA,NA,6,6,36,0,12,0,60,TRUE,"E0640",1,1,0,1,0,0,0,0,1,0,0,0,3,1,3,2,2,6,5,2,29,23,9,18,12,91
"85",284,TRUE,2022-11-30 18:07:30,"E2215",6,2,1,4,7,6,4,6,1,4,1,4,1,4,7,6,3,4,6,16,1,18,4,12,15,11,3,8,10,2,14,17,7,13,9,5,3,2,5,3,3,2,2,1,2,2,2,3,NA,4,1,1,13,1,11,11,12,3,8,7,5,2,6,3,10,12,4,1,9,11,4,5,7,3,2,1,8,6,6,6,36,7,12,8,75,TRUE,"E2215",0,0,0,0,1,0,0,1,0,0,1,0,1,2,1,4,1,1,1,7,26,23,22,11,7,89
"86",603,TRUE,2022-11-30 18:07:32,"E0280",7,6,2,2,5,1,2,5,7,5,2,5,2,1,5,3,4,5,18,3,12,8,16,17,13,10,5,14,15,7,9,6,1,2,11,4,2,3,5,2,2,2,2,2,1,2,3,2,"E0280",4,2,1,15,2,11,12,12,11,11,4,8,9,5,6,10,7,12,1,3,2,5,2,7,3,6,1,8,4,6,6,36,7,12,8,75,TRUE,"E0280",1,1,0,1,0,0,0,0,1,0,0,0,3,1,2,2,7,2,2,5,30,9,22,7,9,77
"87",702,TRUE,2022-11-30 18:08:39,"D1854",4,4,3,2,5,4,4,5,3,6,3,4,3,3,3,5,4,6,5,10,14,11,13,8,6,2,9,1,15,7,17,3,4,18,16,12,2,3,5,2,1,2,2,2,2,2,3,2,"D1854",4,2,2,12,4,14,14,9,9,4,7,3,12,8,6,5,2,1,11,10,9,2,3,6,7,5,1,8,4,6,6,36,7,12,8,75,TRUE,"D1854",1,1,0,1,0,0,0,0,0,0,0,0,3,0,3,2,3,3,3,3,24,18,20,13,10,85
"88",364,TRUE,2022-11-30 18:08:40,"B2114",4,3,4,3,2,4,1,4,1,5,4,3,1,7,5,2,2,3,12,2,7,3,5,15,17,6,13,4,1,18,16,8,11,14,9,10,2,1,7,1,2,1,4,3,2,1,3,2,"B2114",4,2,2,12,3,12,14,9,4,10,9,11,6,8,12,7,3,2,5,1,4,7,3,4,6,5,1,8,2,6,6,36,7,12,8,75,TRUE,"B2114",1,0,0,0,0,0,1,0,0,1,0,0,1,2,4,3,1,4,1,5,18,16,19,12,5,70
"89",372,TRUE,2022-11-30 18:08:57,"E2170",6,6,2,1,7,4,6,4,4,7,1,7,3,2,7,1,6,5,3,7,15,6,18,12,17,14,9,10,1,2,4,5,16,11,8,13,2,3,1,2,1,2,1,2,1,2,4,3,"E2170",5,NA,NA,NA,NA,NA,NA,NA,6,9,12,11,3,5,6,8,10,1,4,2,7,NA,NA,NA,NA,NA,NA,NA,NA,6,6,36,0,12,0,60,TRUE,"E2170",1,1,0,1,0,0,0,0,1,0,0,0,3,1,2,1,4,1,3,7,32,18,26,4,11,91
"90",376,TRUE,2022-11-30 18:09:21,"B1933",7,7,7,7,4,4,6,7,1,6,2,7,1,1,4,2,4,4,4,17,14,1,18,11,15,6,12,5,7,9,3,8,13,10,16,2,2,3,7,2,1,2,2,1,3,2,3,1,NA,4,2,3,12,2,11,13,11,6,4,1,5,8,7,12,2,3,11,10,9,6,5,3,4,6,2,1,8,7,6,6,36,7,12,8,75,TRUE,"B1933",1,1,0,1,0,0,0,1,0,0,0,1,3,2,7,7,1,2,1,4,20,24,26,7,8,85
"91",198,TRUE,2022-11-30 18:56:13,"B2754",4,4,4,4,4,7,4,7,1,4,7,4,5,7,1,7,7,4,18,5,7,8,12,1,17,16,6,4,15,11,9,10,3,14,2,13,3,1,5,3,1,4,1,3,3,2,1,2,"B2574",4,5,5,15,1,11,11,12,2,1,9,6,10,3,8,11,2,4,5,7,12,3,7,6,2,4,1,8,5,6,6,36,7,12,8,75,TRUE,"B2754",0,0,0,0,0,0,0,0,0,0,0,0,0,0,4,4,1,7,5,1,20,25,12,21,11,89
"92",248,TRUE,2022-11-30 18:56:21,"D0875",4,4,3,4,4,5,5,4,2,3,4,5,3,3,3,3,3,3,4,11,1,6,5,13,3,2,10,17,12,9,18,14,8,15,7,16,2,3,7,2,2,2,1,2,1,2,3,2,NA,4,2,2,12,2,12,13,11,9,2,3,5,7,6,4,12,10,1,11,9,8,7,4,5,3,2,1,8,6,6,6,36,7,12,8,75,TRUE,"D0875",1,1,0,1,0,0,0,0,1,0,0,0,3,1,3,4,2,4,3,3,21,20,17,11,6,75
"93",168,TRUE,2022-11-30 18:56:47,"D1056",4,4,4,3,4,3,3,4,5,5,2,5,3,2,6,5,4,4,13,5,12,3,1,4,15,2,16,11,7,18,9,17,10,6,14,8,2,3,6,3,2,2,1,2,2,2,3,2,NA,4,3,2,12,2,12,12,9,7,12,2,9,11,10,6,5,4,1,3,7,8,2,7,3,6,4,1,8,5,6,6,36,7,12,8,75,TRUE,"D1056",1,1,0,0,0,0,0,0,0,0,0,0,2,0,4,3,5,2,3,6,21,13,21,9,8,72
"94",275,TRUE,2022-11-30 18:57:11,"D0932",4,4,3,4,3,2,4,4,3,4,4,3,3,4,7,4,4,2,14,4,1,18,15,7,16,10,8,13,5,3,2,17,9,11,6,12,2,1,1,2,1,1,2,2,2,2,3,2,NA,4,3,2,12,3,12,13,10,6,8,6,2,11,10,7,9,1,3,5,4,12,6,5,4,2,7,1,8,3,6,6,36,7,12,8,75,TRUE,"D0932",1,0,0,1,0,0,0,0,0,0,0,0,2,0,3,4,3,4,3,7,20,15,16,9,6,66
"95",507,TRUE,2022-11-30 18:57:29,"E3407",7,7,1,1,7,6,6,5,1,5,2,5,3,3,2,7,7,6,12,1,9,17,16,14,5,8,18,7,3,10,4,6,15,13,11,2,2,3,5,2,2,2,3,2,1,3,3,2,"E3407",5,NA,NA,NA,NA,NA,NA,NA,11,3,8,5,1,2,10,6,7,9,4,12,11,NA,NA,NA,NA,NA,NA,NA,NA,6,6,36,0,12,0,60,TRUE,"E3407",1,1,0,1,0,0,0,0,1,0,0,0,3,1,1,1,1,2,3,2,35,24,21,16,13,109
"96",375,TRUE,2022-11-30 18:58:06,"D1540",6,5,2,1,6,6,4,6,4,6,2,6,2,2,5,1,3,6,7,6,17,8,12,15,18,4,10,1,3,14,9,11,5,13,16,2,2,3,5,2,3,2,2,2,1,3,3,2,"D1540",4,2,2,12,5,15,12,10,11,2,6,5,7,1,9,11,8,3,10,4,12,7,3,4,2,5,1,8,6,6,6,36,7,12,8,75,TRUE,"D1540",1,1,0,1,1,0,0,0,1,0,0,0,4,1,2,1,4,2,2,5,30,20,24,6,9,89
"97",473,TRUE,2022-11-30 18:58:22,"E2732",7,7,1,1,6,7,6,7,7,7,1,7,1,6,1,7,6,7,16,7,2,17,13,10,15,5,8,4,9,6,11,12,14,3,1,18,2,3,1,2,2,2,2,3,2,3,3,2,NA,4,1,1,13,4,14,12,8,9,12,11,4,3,6,7,2,5,8,10,1,9,2,7,3,6,5,1,8,4,6,6,36,7,12,8,75,TRUE,"E2732",1,1,0,1,0,0,0,0,0,0,0,0,3,0,1,1,7,1,1,1,34,21,28,20,13,116
"98",353,TRUE,2022-11-30 18:58:31,"D0921",4,5,3,1,5,5,5,4,3,4,2,4,3,5,6,1,5,4,16,8,13,9,1,5,7,18,10,11,15,12,6,2,17,14,4,3,2,2,1,2,3,2,2,2,1,2,3,2,"D0921",4,2,3,15,1,11,12,12,8,3,10,9,12,1,7,8,2,11,5,6,4,5,6,7,4,3,1,8,2,6,6,36,7,12,8,75,TRUE,"D0921",1,0,0,1,1,0,0,0,1,0,0,0,3,1,3,1,3,2,3,6,26,19,19,8,9,81
"99",536,TRUE,2022-11-30 18:59:02,"D0314",7,7,4,4,7,1,5,5,2,4,1,7,2,3,5,7,2,5,4,13,15,3,6,7,10,18,12,1,14,9,8,11,5,16,17,2,2,2,1,3,1,4,2,2,3,2,3,3,"DO314",4,3,1,11,2,13,15,10,4,5,1,2,12,9,11,3,6,4,8,10,7,5,3,7,2,6,1,8,4,6,6,36,7,12,8,75,TRUE,"D0314",1,0,0,0,0,0,0,0,0,0,0,0,1,0,4,4,2,1,2,5,29,17,24,13,7,90
"100",377,TRUE,2022-11-30 18:59:37,"E0943",3,4,4,1,5,3,3,4,5,5,2,4,4,1,7,2,4,2,18,7,4,15,6,5,16,1,10,3,2,9,14,11,12,8,17,13,2,1,5,2,1,1,2,1,1,1,2,3,"E0943",5,NA,NA,NA,NA,NA,NA,NA,5,11,7,4,12,2,5,9,8,1,3,10,6,NA,NA,NA,NA,NA,NA,NA,NA,6,6,36,0,12,0,60,TRUE,"E0943",1,0,0,1,0,0,0,1,1,1,1,0,2,4,4,1,5,2,4,7,23,13,19,4,6,65
"101",425,TRUE,2022-11-30 19:00:30,"E1067",7,7,1,1,7,7,7,7,1,7,1,7,1,4,3,3,7,NA,5,4,12,14,8,13,10,7,17,15,16,1,3,18,9,2,6,11,2,3,5,2,2,2,2,2,1,3,2,1,"E1067",5,NA,NA,NA,NA,NA,NA,NA,10,10,5,9,3,12,2,8,6,4,1,11,7,NA,NA,NA,NA,NA,NA,NA,NA,6,6,35,0,12,0,59,TRUE,"E1067",1,1,0,1,0,0,0,0,1,0,1,1,3,3,1,1,1,1,1,3,35,28,28,12,7,110
"102",752,TRUE,2022-11-30 19:02:21,"D0606",2,6,1,1,6,5,5,3,1,7,2,3,1,5,4,3,5,5,10,15,6,14,17,5,4,3,11,2,16,8,12,18,7,13,9,1,2,3,5,2,1,2,3,1,2,2,2,1,"D0606",4,NA,NA,NA,NA,NA,NA,NA,5,9,4,5,11,1,2,7,6,10,8,12,3,2,6,4,5,7,1,8,3,6,6,36,0,12,8,68,TRUE,"D0606",1,1,0,1,0,0,0,1,0,0,1,1,3,3,1,1,1,2,1,4,28,20,23,12,10,93
"103",523,TRUE,2022-11-30 19:02:52,"D1641",7,6,2,3,5,6,5,4,2,6,2,2,1,2,2,4,6,6,12,15,13,17,14,16,11,7,10,6,8,2,1,5,9,4,3,18,2,2,1,2,2,2,2,2,1,1,3,1,"D1641",4,3,4,13,5,15,12,10,8,2,12,9,5,4,11,10,1,6,7,8,3,3,2,5,7,4,1,8,6,6,6,36,7,12,8,75,TRUE,"D1641",1,0,0,1,0,0,0,0,1,1,0,1,2,3,2,3,2,2,1,2,29,21,21,12,12,95
"104",234,TRUE,2022-11-30 19:45:45,"E2619",5,3,3,3,6,5,6,4,4,7,1,7,2,1,6,2,4,6,7,2,11,5,16,18,4,17,1,3,10,8,12,15,9,14,13,6,2,1,6,2,2,2,2,2,1,1,3,1,"E2619",5,NA,NA,NA,NA,NA,NA,NA,8,6,9,3,7,5,11,2,8,1,10,4,12,NA,NA,NA,NA,NA,NA,NA,NA,6,6,36,0,12,0,60,TRUE,"E2619",1,0,0,1,0,0,0,0,1,1,0,1,2,3,3,3,4,1,2,6,24,19,27,5,10,85
"105",352,TRUE,2022-11-30 19:47:55,"B0774",7,7,1,1,7,7,7,7,1,7,1,7,1,4,1,7,7,7,12,2,1,10,15,3,9,11,17,13,7,8,4,5,18,14,16,6,2,3,7,2,2,2,1,2,1,1,3,2,"B0774",4,3,2,12,1,12,14,12,9,8,10,4,12,1,6,2,11,5,9,7,3,5,7,6,2,3,1,8,4,6,6,36,7,12,8,75,TRUE,"B0774",1,1,0,1,0,0,0,0,1,1,0,0,3,2,1,1,1,1,1,1,35,28,28,18,14,123
"106",411,TRUE,2022-11-30 19:49:19,"D2271",6,6,2,1,7,6,6,6,1,7,4,7,1,7,1,7,4,5,5,18,7,12,1,9,8,13,15,11,6,4,14,16,10,17,2,3,2,3,5,2,2,2,3,2,1,2,3,2,"D2271",4,2,1,11,4,15,15,10,10,11,3,8,10,6,9,7,5,12,1,2,4,6,5,3,4,7,1,8,2,6,6,36,7,12,8,75,TRUE,"D2271",1,1,0,1,0,0,0,0,1,0,0,0,3,1,2,1,1,4,1,1,32,25,25,21,9,112
"107",487,TRUE,2022-11-30 19:49:53,"D1292",4,4,1,1,4,4,4,3,4,7,1,7,1,1,7,1,3,4,8,15,7,1,17,5,11,10,9,4,2,12,13,6,18,16,3,14,2,3,7,2,2,3,2,2,1,3,3,1,"D1292",4,2,3,13,3,13,13,11,9,1,10,5,7,3,9,6,11,4,12,8,2,2,6,4,5,7,1,8,3,6,6,36,7,12,8,75,TRUE,"D1292",1,1,0,1,0,1,0,0,1,0,0,1,4,2,1,1,4,1,1,7,26,15,28,3,7,79
"108",489,TRUE,2022-11-30 19:50:03,"E2394",4,6,2,1,6,4,3,4,3,4,2,4,2,3,4,1,5,4,8,11,10,14,4,5,3,9,2,18,16,15,7,6,1,17,12,13,2,3,7,2,4,2,3,2,1,2,3,2,"E2394",5,NA,NA,NA,NA,NA,NA,NA,8,10,3,12,9,5,6,8,4,11,1,7,2,NA,NA,NA,NA,NA,NA,NA,NA,6,6,36,0,12,0,60,TRUE,"E2394",1,1,0,1,0,0,0,0,1,0,0,0,3,1,2,1,3,2,2,4,29,16,20,8,9,82
"109",466,TRUE,2022-11-30 19:52:33,"D0785",4,4,4,5,4,2,3,4,2,3,1,5,1,1,6,1,3,2,16,12,18,17,2,3,13,7,4,6,5,10,11,8,1,14,9,15,2,1,7,2,2,2,2,2,1,1,3,1,"D0785",4,1,2,12,2,14,13,10,8,2,10,6,9,5,3,11,1,7,12,4,8,3,7,2,5,6,1,8,4,6,6,36,7,12,8,75,TRUE,"D0785",1,0,0,1,0,0,0,0,1,1,0,1,2,3,4,5,2,1,1,6,19,15,22,4,5,65
"110",527,TRUE,2022-11-30 19:53:46,"B1157",4,6,1,1,NA,4,1,7,1,5,1,6,2,4,2,4,7,7,7,8,14,17,11,12,3,15,10,9,6,4,1,5,18,16,2,13,2,3,1,2,1,2,2,1,3,4,3,2,NA,4,1,1,11,5,15,15,10,7,5,2,10,12,4,8,6,1,11,7,9,3,6,7,4,3,2,1,8,5,6,6,35,7,12,8,74,TRUE,"B1157",1,1,0,1,0,0,0,1,0,0,0,0,3,1,1,1,1,1,2,2,24,19,24,14,14,95
"111",605,TRUE,2022-11-30 19:54:47,"E0695",5,5,1,2,6,4,1,3,4,7,2,7,3,3,4,3,4,6,6,10,12,5,13,11,14,4,7,18,2,9,17,8,16,15,3,1,2,3,5,3,1,2,2,1,1,2,3,3,NA,4,3,2,14,2,13,14,12,7,1,5,3,10,7,9,4,11,2,6,12,8,6,2,4,3,5,1,8,7,6,6,36,7,12,8,75,TRUE,"E0695",1,1,0,0,0,0,0,1,1,0,0,0,2,2,1,2,4,2,3,4,29,12,25,10,10,86
"112",455,TRUE,2022-11-30 19:55:17,"B0763",7,7,2,5,7,7,7,6,3,7,1,7,NA,6,5,7,7,6,6,18,16,13,17,10,9,5,12,2,8,7,4,15,11,1,14,3,2,2,7,2,1,4,2,1,4,1,3,2,NA,4,1,1,11,5,15,11,8,5,2,5,1,10,4,9,7,6,11,3,12,8,4,5,6,7,2,1,8,3,6,6,35,7,12,8,74,TRUE,"B0763",1,0,0,1,0,0,0,1,0,1,0,0,2,2,2,5,3,1,NA,5,30,25,21,16,13,105
"113",428,TRUE,2022-12-01 15:33:56,"C3496",4,4,3,3,5,3,5,4,4,5,3,6,3,2,6,1,3,4,7,13,18,1,11,6,15,8,9,4,10,3,14,2,12,17,5,16,2,3,5,2,1,2,2,2,2,3,3,2,"C3496",4,1,1,11,1,11,14,11,10,7,2,9,5,11,1,6,8,12,4,10,3,4,6,5,2,3,1,8,7,6,6,36,7,12,8,75,TRUE,"C3496",1,1,0,1,0,0,0,0,0,0,0,0,3,0,3,3,4,3,3,6,23,16,21,5,7,72
"114",811,TRUE,2022-12-01 16:07:10,"B3036",6,6,4,2,7,6,5,5,3,6,2,6,2,4,4,6,6,6,12,7,14,17,3,9,16,5,10,6,8,18,2,11,15,13,1,4,4,3,7,2,2,2,2,1,1,3,3,4,"B3036",4,4,2,13,2,13,13,11,8,8,10,7,4,5,6,9,2,3,1,12,11,7,6,3,4,2,1,8,5,6,6,36,7,12,8,75,TRUE,"B3036",0,1,0,1,0,0,0,1,1,0,0,0,2,2,4,2,3,2,2,4,29,21,24,14,12,100
"115",1223,TRUE,2022-12-01 16:13:27,"D3025",6,6,3,1,5,4,3,5,3,6,2,5,4,3,5,4,3,5,5,4,11,18,16,3,12,9,2,10,7,13,15,17,6,8,1,14,2,1,5,2,2,2,2,1,1,3,3,1,"D3025",5,NA,NA,NA,NA,NA,NA,NA,9,7,5,2,6,1,4,3,11,8,9,12,10,NA,NA,NA,NA,NA,NA,NA,NA,6,6,36,0,12,0,60,TRUE,"D3025",1,0,0,1,0,0,0,1,1,0,0,1,2,3,3,1,3,2,4,5,29,17,21,10,8,85
"116",1111,TRUE,2022-12-01 17:09:17,"B1731",5,4,3,4,3,3,3,4,2,3,4,3,3,4,3,4,4,5,2,13,9,17,8,11,4,16,10,5,7,12,6,3,15,1,14,18,2,1,5,4,2,2,2,2,3,4,3,2,NA,4,2,2,12,3,13,13,10,8,7,4,8,5,10,3,2,11,9,6,12,1,6,7,4,2,5,1,8,3,6,6,36,7,12,8,75,TRUE,"B1731",1,0,0,0,0,0,0,0,0,0,0,0,1,0,3,4,2,4,3,3,21,16,15,13,9,74
"117",249,TRUE,2022-12-01 17:39:40,"B2125",5,NA,2,3,5,5,3,4,2,5,2,5,2,3,3,4,4,5,8,6,13,7,18,11,17,15,3,1,14,16,10,9,4,12,5,2,2,1,7,2,1,2,1,2,3,3,3,2,"B2125",5,NA,NA,NA,NA,NA,NA,NA,7,2,12,11,9,5,1,6,10,4,3,7,8,NA,NA,NA,NA,NA,NA,NA,NA,6,6,35,0,12,0,59,TRUE,"B2125",1,0,0,1,0,0,0,0,0,0,0,0,2,0,2,3,2,2,2,3,21,18,22,12,9,82
"118",460,TRUE,2022-12-01 18:28:36,"B2743",NA,7,2,7,7,5,3,5,1,5,4,2,4,2,2,3,4,3,6,4,16,12,18,2,3,7,9,8,14,11,5,15,17,10,13,1,2,3,1,2,2,2,2,2,1,3,3,4,"B2743",4,5,5,14,2,11,13,12,10,8,3,2,10,12,5,4,6,1,9,7,11,7,6,2,5,3,1,8,4,6,6,35,7,12,8,74,TRUE,"B2743",1,1,0,1,0,0,0,0,1,0,0,0,3,1,2,7,1,4,4,2,21,20,15,11,7,74
"119",331,TRUE,2022-12-02 13:40:27,"C0066",6,7,2,1,5,4,6,5,3,6,1,6,1,1,5,3,7,6,18,3,12,16,14,7,11,15,2,17,5,8,6,4,13,9,1,10,2,3,5,2,2,2,2,2,1,3,3,3,"C0066",4,4,4,14,1,12,12,11,11,1,7,3,9,11,10,12,8,6,2,5,4,6,3,7,4,2,1,8,5,6,6,36,7,12,8,75,TRUE,"C0066",1,1,0,1,0,0,0,0,1,0,0,0,3,1,2,1,3,1,1,5,31,20,26,7,13,97
"120",297,TRUE,2022-12-02 13:40:58,"F0235",6,5,3,3,5,5,4,3,3,4,5,3,4,3,3,4,5,4,8,7,18,10,11,4,3,14,17,15,1,16,6,5,13,12,2,9,2,3,5,2,2,2,2,2,1,3,3,2,"F0235",5,NA,NA,NA,NA,NA,NA,NA,12,5,3,7,8,1,9,2,10,6,12,11,4,NA,NA,NA,NA,NA,NA,NA,NA,6,6,36,0,12,0,60,TRUE,"F0235",1,1,0,1,0,0,0,0,1,0,0,0,3,1,3,3,3,5,4,3,26,17,14,12,9,78
"121",427,TRUE,2022-12-02 13:41:30,"A0189",3,4,4,1,4,4,4,6,4,7,1,4,4,1,2,1,4,4,5,16,1,9,2,4,11,17,3,18,14,13,10,15,6,7,8,12,2,3,5,2,1,4,3,1,1,3,3,2,"A0189",4,2,2,11,3,13,12,11,8,6,12,1,7,10,3,8,11,5,4,2,9,5,2,6,4,7,1,8,3,6,6,36,7,12,8,75,TRUE,"A0189",1,1,0,1,0,0,0,1,1,0,0,0,3,2,4,1,4,1,4,2,22,18,22,8,8,78
"122",273,TRUE,2022-12-02 13:41:34,"F0044",7,7,1,1,7,7,7,7,2,6,2,6,2,5,3,6,7,7,7,14,6,11,16,17,5,9,2,12,8,4,3,15,18,13,10,1,2,3,5,2,2,2,2,2,1,1,3,1,"F0044",5,NA,NA,NA,NA,NA,NA,NA,10,3,12,10,9,5,6,4,2,8,1,11,7,NA,NA,NA,NA,NA,NA,NA,NA,6,6,36,0,12,0,60,TRUE,"F0044",1,1,0,1,0,0,0,0,1,1,0,1,3,3,1,1,2,2,2,3,35,27,24,16,14,116
"123",371,TRUE,2022-12-02 13:42:11,"A0202",3,4,4,3,2,6,4,5,2,4,2,5,2,3,4,4,3,2,7,4,3,1,6,18,12,17,8,16,15,10,9,2,11,5,13,14,2,3,5,2,2,2,2,2,1,3,3,2,"A0202",4,3,5,15,4,11,13,12,12,11,12,9,3,10,5,1,4,8,7,6,2,5,2,3,4,6,1,8,7,6,6,36,7,12,8,75,TRUE,"A0202",1,1,0,1,0,0,0,0,1,0,0,0,3,1,4,3,2,2,2,4,18,21,21,11,5,76
"124",357,TRUE,2022-12-02 13:42:46,"C0022",5,5,2,3,5,5,5,4,4,5,2,5,2,3,5,3,5,4,13,4,11,16,15,8,18,6,3,2,9,14,10,7,12,17,5,1,2,3,5,2,2,2,2,3,1,2,3,2,"C0022",4,2,2,11,4,13,15,11,10,2,12,3,1,9,5,8,10,4,11,6,7,3,7,4,2,6,1,8,5,6,6,36,7,12,8,75,TRUE,"C0022",1,1,0,1,0,0,0,0,1,0,0,0,3,1,2,3,4,2,2,5,26,18,22,9,9,84
"125",475,TRUE,2022-12-02 13:44:28,"A0011",4,3,3,2,5,3,4,4,4,6,2,6,2,1,6,2,4,4,2,16,8,4,14,9,5,6,11,18,17,12,1,15,13,3,7,10,3,3,7,2,2,2,4,1,2,2,3,2,"A0011",4,2,3,12,3,12,14,10,6,5,1,4,7,11,8,10,6,2,9,12,3,5,7,2,6,3,1,8,4,6,6,36,7,12,8,75,TRUE,"A0011",0,1,0,1,0,0,1,1,0,0,0,0,2,2,3,2,4,2,2,6,23,15,24,5,8,75
"126",202,TRUE,2022-12-02 13:54:39,"A3351",6,7,1,2,7,4,3,6,4,4,1,NA,2,1,5,5,6,5,12,16,7,8,15,3,18,4,9,10,1,5,13,6,17,2,11,14,2,3,5,2,2,3,1,2,2,3,3,2,NA,4,4,1,13,2,12,13,10,9,8,10,6,9,5,1,12,3,4,11,7,2,4,7,5,6,3,1,8,2,6,6,35,7,12,8,74,TRUE,"A3351",1,1,0,1,0,1,0,0,0,0,0,0,4,0,1,2,4,1,2,5,33,17,17,9,11,87
"127",235,TRUE,2022-12-02 13:55:20,"F3452",6,7,1,1,5,6,4,6,2,6,2,6,1,4,4,4,6,5,18,17,7,2,13,8,10,9,1,11,14,4,5,12,6,3,15,16,2,3,5,2,1,2,1,2,2,2,3,2,"F3452",4,2,1,12,3,14,13,9,8,7,11,1,5,12,9,3,4,6,10,8,2,4,6,2,3,7,1,8,5,6,6,36,7,12,8,75,TRUE,"F3452",1,1,0,1,0,0,0,0,0,0,0,0,3,0,1,1,2,2,1,4,32,22,25,12,11,102
"128",278,TRUE,2022-12-02 13:56:00,"A3339",2,2,5,6,2,1,2,3,2,3,5,2,5,2,6,1,3,5,7,17,5,9,10,8,6,4,3,2,13,15,14,11,12,16,1,18,4,3,5,1,3,2,1,3,3,1,3,3,"A3339",5,NA,NA,NA,NA,NA,NA,NA,4,6,2,5,7,9,4,11,8,12,3,1,10,NA,NA,NA,NA,NA,NA,NA,NA,6,6,36,0,12,0,60,TRUE,"A3339",0,1,0,0,1,0,0,0,0,1,0,0,2,1,5,6,2,5,5,6,11,12,11,5,8,47
"129",241,TRUE,2022-12-02 13:56:06,"C3115",5,4,5,2,5,6,4,4,5,6,5,5,3,5,1,3,5,6,7,9,17,8,13,14,3,6,2,12,4,1,15,11,18,16,10,5,2,1,1,2,1,2,2,1,3,3,2,2,"C3115",4,3,3,13,3,13,13,10,6,11,7,12,8,6,4,9,1,10,3,2,5,4,7,3,6,5,1,8,2,6,6,36,7,12,8,75,TRUE,"C3115",1,0,0,1,0,0,0,1,0,0,1,0,2,2,5,2,5,5,3,1,23,17,19,15,11,85
"130",320,TRUE,2022-12-02 13:56:44,"A3430",6,5,2,1,6,5,5,5,2,5,1,4,2,1,4,4,5,6,18,2,5,7,4,12,10,9,13,17,14,16,11,15,8,3,1,6,2,3,7,2,2,2,2,2,1,3,3,2,NA,4,3,4,12,2,12,12,11,11,12,8,6,9,3,7,1,2,5,4,11,10,2,3,7,4,5,1,8,6,6,6,36,7,12,8,75,TRUE,"A3430",1,1,0,1,0,0,0,0,1,0,0,0,3,1,2,1,2,1,2,4,30,21,22,9,11,93
"131",343,TRUE,2022-12-02 13:57:16,"C3429",3,5,5,3,2,5,6,6,3,6,2,6,2,3,3,4,3,2,16,5,8,11,4,17,13,12,6,10,14,1,15,18,7,2,3,9,2,3,7,2,2,2,2,2,1,4,3,2,"C3429",4,3,3,14,2,12,13,10,10,4,11,6,9,2,7,12,3,8,5,10,1,6,3,2,4,7,1,8,5,6,6,36,7,12,8,75,TRUE,"C3429",1,1,0,1,0,0,0,0,1,0,0,0,3,1,5,3,3,2,2,3,18,22,24,12,5,81
"132",268,TRUE,2022-12-02 13:57:17,"C3104",5,4,4,4,4,6,4,5,2,5,2,3,3,5,2,4,4,4,8,9,4,6,11,2,14,7,3,18,5,12,10,17,15,13,1,16,2,3,7,2,2,2,2,2,2,3,1,1,"c3104",4,3,3,13,3,13,13,10,8,3,7,12,5,9,10,4,11,6,2,8,1,2,4,3,5,6,1,8,7,6,6,36,7,12,8,75,TRUE,"C3104",1,1,0,1,0,0,0,0,0,0,0,1,3,1,4,4,2,2,3,2,21,21,19,15,8,84
"133",381,TRUE,2022-12-02 13:57:57,"A3294",6,7,4,1,7,5,6,5,7,6,1,7,1,2,5,4,7,7,17,14,7,8,1,11,2,5,12,4,16,6,10,18,3,13,9,15,2,3,7,2,2,2,2,2,1,2,3,2,"A3294",4,2,2,12,1,12,13,11,10,1,4,9,8,2,5,10,3,7,6,12,11,2,6,4,5,3,1,8,7,6,6,36,7,12,8,75,TRUE,"A3294",1,1,0,1,0,0,0,0,1,0,0,0,3,1,4,1,7,1,1,5,31,17,27,9,14,98
"134",406,TRUE,2022-12-02 13:58:19,"A3328",6,6,6,2,6,7,5,6,2,6,1,6,2,3,5,4,5,4,9,8,2,16,6,3,5,15,11,4,1,10,7,12,18,17,14,13,2,3,7,2,2,2,2,2,3,2,3,3,"A3328",4,2,2,12,3,13,14,10,8,7,2,3,6,11,9,4,1,5,8,10,12,4,5,6,3,2,1,8,7,6,6,36,7,12,8,75,TRUE,"A3328",1,1,0,1,0,0,0,0,0,0,0,0,3,0,6,2,2,1,2,5,26,24,25,10,9,94
"135",421,TRUE,2022-12-02 13:58:57,"F3126",5,6,1,2,4,4,3,3,NA,5,1,4,1,1,2,3,3,2,4,16,17,3,9,1,8,10,13,12,7,14,11,15,6,5,2,18,2,3,7,2,2,4,2,2,4,3,3,2,"F3126",5,NA,NA,NA,NA,NA,NA,NA,9,11,2,9,4,5,6,7,10,8,1,12,3,NA,NA,NA,NA,NA,NA,NA,NA,6,6,35,0,12,0,59,TRUE,"F3126",1,1,0,1,0,0,0,0,0,0,0,0,3,0,1,2,NA,1,1,2,28,10,23,10,5,76
"136",487,TRUE,2022-12-02 13:59:22,"C3148",6,6,1,1,6,6,5,6,1,6,1,6,1,4,4,4,5,5,1,12,15,7,9,6,2,14,13,5,4,3,11,10,17,8,18,16,4,2,6,3,2,2,2,1,2,3,2,1,"C3148",4,2,2,12,3,14,12,11,4,4,3,7,11,12,1,10,8,2,6,5,9,5,4,3,7,6,1,8,2,6,6,36,7,12,8,75,TRUE,"C3148",0,0,0,0,0,0,0,1,0,0,1,1,0,3,1,1,1,1,1,4,32,24,26,12,10,104
"137",241,TRUE,2022-12-02 14:34:47,"F0101",6,6,2,1,5,4,4,7,5,5,1,5,2,3,3,3,5,4,7,18,1,17,4,2,5,9,15,13,12,8,16,3,6,11,10,14,2,3,7,2,2,2,3,2,1,2,3,2,"F0101",5,NA,NA,NA,NA,NA,NA,NA,9,5,10,1,9,2,4,11,7,8,12,3,6,NA,NA,NA,NA,NA,NA,NA,NA,6,6,36,0,12,0,60,TRUE,"F0101",1,1,0,1,0,0,0,0,1,0,0,0,3,1,2,1,5,1,2,3,30,18,23,11,9,91
"138",303,TRUE,2022-12-02 14:35:34,"A0527",6,7,2,2,7,5,4,6,2,7,1,6,1,2,2,4,5,5,14,17,10,7,5,8,12,3,1,2,13,4,18,9,11,15,6,16,2,3,7,2,1,2,3,2,1,2,3,2,"A0527",4,4,3,13,3,13,12,11,8,11,7,10,12,3,9,8,6,5,4,1,2,5,6,2,7,3,1,8,4,6,6,36,7,12,8,75,TRUE,"A0527",1,1,0,1,0,0,0,0,1,0,0,0,3,1,2,2,2,1,1,2,32,21,27,12,10,102
"139",1913,TRUE,2022-12-02 14:35:56,"C3597",1,3,4,7,4,4,3,1,7,7,1,7,1,1,7,1,1,5,13,15,4,5,8,12,1,16,9,7,2,18,17,10,3,14,6,11,2,3,5,2,1,2,2,2,1,4,3,2,"C3597",4,1,3,13,4,13,14,10,10,7,2,4,8,1,12,5,11,9,3,10,6,5,2,4,6,7,1,8,3,6,6,36,7,12,8,75,TRUE,"C3597",1,1,0,1,0,0,0,0,1,0,0,0,3,1,4,7,7,1,1,7,13,9,28,3,6,59
"140",574,TRUE,2022-12-02 14:35:58,"A2079",3,3,3,4,2,3,2,2,4,2,2,2,4,3,3,4,4,2,16,12,9,5,15,11,18,4,14,3,6,7,1,2,13,17,10,8,3,2,6,3,3,3,2,3,2,2,3,2,"A2079",4,1,2,12,1,11,12,10,3,10,9,3,7,4,12,6,2,5,8,1,11,6,3,2,5,4,1,8,7,6,6,36,7,12,8,75,TRUE,"A2079",0,0,0,0,1,1,0,0,0,0,0,0,2,0,3,4,4,2,4,3,17,11,14,12,6,60
"141",352,TRUE,2022-12-02 14:36:27,"F3722",3,4,3,2,3,5,4,5,2,4,2,3,3,4,3,3,3,2,17,7,14,8,11,6,2,9,16,5,4,15,3,10,12,18,1,13,2,3,5,2,2,2,2,2,1,2,3,2,"F3722",5,NA,NA,NA,NA,NA,NA,NA,11,10,7,5,2,6,12,3,8,4,9,1,11,NA,NA,NA,NA,NA,NA,NA,NA,6,6,36,0,12,0,60,TRUE,"F3722",1,1,0,1,0,0,0,0,1,0,0,0,3,1,3,2,2,2,3,3,21,20,18,12,5,76
"142",308,TRUE,2022-12-02 14:36:42,"C0178",4,4,3,2,4,4,4,4,2,5,2,4,2,3,2,3,3,4,12,15,7,11,1,9,16,2,8,4,18,14,3,6,10,5,13,17,2,3,5,2,2,2,3,2,1,2,3,2,"C0178",4,4,4,13,1,12,12,12,10,12,7,1,3,5,11,6,4,2,9,8,10,4,2,6,7,5,1,8,3,6,6,36,7,12,8,75,TRUE,"C0178",1,1,0,1,0,0,0,0,1,0,0,0,3,1,3,2,2,2,2,2,23,18,21,12,7,81
"143",343,TRUE,2022-12-02 14:37:35,"C3834",4,3,3,4,2,7,7,1,3,3,4,1,6,1,7,1,1,1,14,1,4,8,16,7,17,15,10,11,2,3,18,13,5,12,9,6,2,3,5,2,1,4,2,2,4,2,3,1,NA,4,3,5,13,1,12,11,10,7,10,6,5,8,2,7,11,9,4,1,3,12,4,7,6,3,2,1,8,5,6,6,36,7,12,8,75,TRUE,"C3834",1,1,0,1,0,0,0,0,0,0,0,1,3,1,3,4,3,4,6,7,18,20,10,3,2,53
"144",425,TRUE,2022-12-02 14:37:53,"C0167",5,6,2,2,6,4,4,5,4,6,1,6,1,2,5,3,5,6,4,13,2,10,7,1,11,14,8,6,17,16,12,3,18,9,5,15,2,3,7,2,2,2,2,2,1,3,3,2,"C0167",4,4,4,12,2,12,12,11,11,12,8,1,7,4,3,6,10,2,11,9,5,6,2,5,4,3,1,8,7,6,6,36,7,12,8,75,TRUE,"C0167",1,1,0,1,0,0,0,0,1,0,0,0,3,1,2,2,4,1,1,5,29,17,26,8,11,91
"145",379,TRUE,2022-12-02 14:37:55,"A0561",4,6,3,4,4,4,4,7,3,2,NA,6,1,1,5,5,5,1,17,7,12,16,2,4,10,5,1,15,14,13,8,6,11,9,18,3,2,3,5,2,2,3,2,2,3,3,2,2,"A0561",5,NA,NA,NA,NA,NA,NA,NA,9,6,9,3,7,4,12,11,5,10,2,1,8,NA,NA,NA,NA,NA,NA,NA,NA,6,6,35,0,12,0,59,TRUE,"A0561",1,1,0,1,0,1,0,0,0,0,1,0,4,1,3,4,3,NA,1,5,23,20,15,9,6,73
"146",459,TRUE,2022-12-02 14:38:25,"F0156",3,4,5,5,4,3,3,5,4,4,5,5,4,4,4,4,3,3,7,4,3,8,9,17,11,2,18,12,13,5,10,1,6,14,15,16,3,3,1,2,1,1,3,1,1,2,3,1,"F0156",5,NA,NA,NA,NA,NA,NA,NA,4,6,3,2,12,10,5,8,9,7,4,1,11,NA,NA,NA,NA,NA,NA,NA,NA,6,6,36,0,12,0,60,TRUE,"F0156",0,1,0,1,0,0,0,1,1,0,0,1,2,3,5,5,4,5,4,4,17,15,16,12,6,66
"147",522,TRUE,2022-12-02 14:39:13,"A3799",7,7,2,3,4,4,1,3,6,7,1,6,3,3,3,6,4,7,13,18,1,15,6,5,12,4,16,7,3,8,17,11,10,2,14,9,2,3,5,2,3,3,3,2,2,2,3,1,"A3799",4,4,4,14,1,12,12,10,6,3,5,2,4,6,9,8,10,12,7,11,1,6,7,4,5,3,1,8,2,6,6,36,7,12,8,75,TRUE,"A3799",1,1,0,1,1,1,0,0,0,0,0,1,5,1,2,3,6,1,3,3,29,10,25,14,11,89
"148",463,TRUE,2022-12-02 14:39:17,"A2057",7,7,1,1,7,7,7,7,1,7,1,7,1,5,2,7,7,7,18,15,9,5,16,10,11,4,8,13,1,7,12,6,17,14,3,2,2,3,7,2,2,2,2,2,1,2,3,1,"A2057",4,1,1,11,5,15,15,12,9,1,12,2,3,11,6,10,7,8,9,5,4,7,4,3,6,5,1,8,2,6,6,36,7,12,8,75,TRUE,"A2057",1,1,0,1,0,0,0,0,1,0,0,1,3,2,1,1,1,1,1,2,35,28,28,18,14,123
"149",880,TRUE,2022-12-02 14:39:18,"C3092",5,5,3,3,4,4,4,5,5,6,3,5,2,2,4,4,5,5,17,8,7,11,9,10,12,16,2,3,15,18,5,4,13,6,1,14,2,2,1,2,2,2,2,4,4,4,3,2,"C3092",4,2,2,12,3,12,13,10,7,9,7,5,3,6,11,10,2,1,8,12,4,7,4,5,6,2,1,8,3,6,6,36,7,12,8,75,TRUE,"C3092",1,0,0,1,0,0,0,0,0,0,0,0,2,0,3,3,5,3,2,4,24,16,22,10,10,82
"150",543,TRUE,2022-12-02 14:39:38,"A0246",5,5,2,2,5,6,5,5,2,5,2,5,2,3,2,5,5,7,16,1,6,14,15,12,5,8,13,17,10,9,18,4,3,7,2,11,2,3,7,2,1,2,1,2,2,1,1,2,"A0246",4,1,1,11,4,14,14,8,6,6,4,2,8,11,7,10,9,1,3,12,5,2,4,3,5,6,1,8,7,6,6,36,7,12,8,75,TRUE,"A0246",1,1,0,1,0,0,0,0,0,1,0,0,3,1,2,2,2,2,2,2,27,22,22,14,12,97
"151",531,TRUE,2022-12-02 14:39:43,"F0123",7,7,1,1,7,1,1,7,7,7,1,7,1,6,2,7,7,7,16,6,17,10,13,8,12,18,11,5,1,3,7,9,4,15,14,2,2,3,7,2,2,2,2,2,1,3,3,2,"F0123",5,NA,NA,NA,NA,NA,NA,NA,11,3,11,2,9,4,8,5,1,10,7,12,6,NA,NA,NA,NA,NA,NA,NA,NA,6,6,36,0,12,0,60,TRUE,"F0123",1,1,0,1,0,0,0,0,1,0,0,0,3,1,1,1,7,1,1,2,35,10,28,19,14,106
"152",514,TRUE,2022-12-02 14:39:50,"C2080",3,6,5,3,1,4,6,4,6,5,2,6,2,1,7,1,1,4,4,17,14,5,8,1,15,18,11,13,12,16,6,7,2,3,9,10,2,3,7,2,1,2,2,4,2,3,3,2,NA,4,5,2,11,3,13,11,8,8,10,12,6,1,9,11,3,7,5,2,4,8,2,6,4,5,3,1,8,7,6,6,36,7,12,8,75,TRUE,"C2080",1,1,0,1,0,0,0,0,0,0,0,0,3,0,5,3,6,2,2,7,18,16,23,3,5,65
"153",263,TRUE,2022-12-02 14:40:09,"C3395",3,4,4,5,3,4,3,4,2,5,3,4,3,2,1,2,4,2,15,5,3,9,8,17,2,7,14,6,11,18,10,13,16,12,1,4,2,3,5,2,2,2,2,2,1,1,3,2,"C3395",4,5,5,15,1,11,13,11,11,2,8,12,10,3,5,7,9,4,11,1,6,3,6,2,4,5,1,8,7,6,6,36,7,12,8,75,TRUE,"C3395",1,1,0,1,0,0,0,0,1,1,0,0,3,2,4,5,2,3,3,1,17,17,19,11,6,70
"154",608,TRUE,2022-12-02 14:40:49,"A1360",6,6,1,1,6,5,4,5,3,7,1,7,1,2,2,4,7,6,6,12,17,8,9,15,13,3,10,5,16,1,18,7,14,2,4,11,2,3,7,2,4,2,2,3,1,1,3,1,"A1360",4,2,1,12,4,14,15,10,7,9,1,2,4,5,10,11,8,3,12,7,6,7,3,4,6,2,1,8,5,6,6,36,7,12,8,75,TRUE,"A1360",1,1,0,1,0,0,0,0,1,1,0,1,3,3,1,1,3,1,1,2,32,19,28,12,13,104
"155",312,TRUE,2022-12-02 14:41:02,"F3733",4,4,2,3,3,3,3,5,2,4,3,6,4,4,3,4,4,4,13,14,8,15,4,16,6,7,9,10,18,1,17,3,11,2,5,12,2,2,5,2,2,2,1,2,2,3,1,2,NA,4,3,3,13,2,14,14,11,8,5,8,4,9,7,1,6,12,2,3,11,10,2,5,4,6,7,1,8,3,6,6,36,7,12,8,75,TRUE,"F3733",1,0,0,1,0,0,0,0,0,0,0,0,2,0,2,3,2,3,4,3,22,17,19,13,8,79
"156",325,TRUE,2022-12-02 14:41:08,"F3801",6,5,2,2,5,6,6,7,2,7,1,7,2,4,2,4,6,4,12,9,6,3,2,5,14,18,1,7,8,10,11,16,4,13,17,15,2,3,5,2,1,2,3,2,2,2,3,2,"F3801",5,NA,NA,NA,NA,NA,NA,NA,8,4,12,1,7,8,9,5,10,2,11,6,3,NA,NA,NA,NA,NA,NA,NA,NA,6,6,36,0,12,0,60,TRUE,"F3801",1,1,0,1,0,0,0,0,0,0,0,0,3,0,2,2,2,1,2,2,28,25,27,14,10,104
"157",607,TRUE,2022-12-02 14:41:22,"F2068",7,7,1,1,6,6,6,6,1,7,1,7,1,6,2,6,6,6,11,4,10,9,15,2,16,1,5,7,13,12,18,17,3,6,8,14,2,3,5,2,1,2,3,4,1,4,3,1,"F2068",5,NA,NA,NA,NA,NA,NA,NA,7,1,2,3,12,7,4,11,5,10,8,9,6,NA,NA,NA,NA,NA,NA,NA,NA,6,6,36,0,12,0,60,TRUE,"F2068",1,1,0,1,0,0,0,0,1,0,0,1,3,2,1,1,1,1,1,2,34,25,28,18,12,117
"158",636,TRUE,2022-12-02 14:41:29,"F1898",7,4,1,4,7,4,4,4,1,7,1,NA,1,1,4,1,4,6,7,11,12,6,18,10,8,2,1,16,17,5,3,15,4,9,14,13,2,3,5,2,1,2,2,2,3,1,3,2,"F1898",4,2,1,12,5,15,15,10,9,10,2,4,8,5,7,11,1,6,3,12,9,5,4,6,2,3,1,8,7,6,6,35,7,12,8,74,TRUE,"F1898",1,1,0,1,0,0,0,0,0,1,0,0,3,1,1,4,1,1,1,4,29,19,21,6,10,85
"159",674,TRUE,2022-12-02 14:42:04,"F0134",5,5,3,4,4,6,7,7,2,1,6,1,4,6,1,4,3,5,16,10,13,18,11,1,17,6,3,4,7,8,15,14,5,2,12,9,2,3,7,2,2,2,2,2,1,4,3,1,"F0134",4,3,2,12,1,11,13,11,9,12,9,5,2,11,1,4,10,7,6,8,3,6,4,2,7,5,1,8,3,6,6,36,7,12,8,75,TRUE,"F0134",1,1,0,1,0,0,0,0,1,0,0,1,3,2,3,4,2,6,4,1,23,26,8,17,8,82
"160",659,TRUE,2022-12-02 14:42:10,"F3182",6,7,1,1,7,6,7,7,2,6,2,6,1,6,5,6,7,7,3,18,5,6,10,12,16,1,14,13,17,4,9,11,8,15,7,2,2,2,1,2,2,2,2,2,1,1,3,2,"F3182",5,NA,NA,NA,NA,NA,NA,NA,9,7,9,4,11,10,5,3,12,6,2,1,8,NA,NA,NA,NA,NA,NA,NA,NA,6,6,36,0,12,0,60,TRUE,"F3182",1,0,0,1,0,0,0,0,1,1,0,0,2,2,1,1,2,2,1,5,34,26,25,15,14,114
"161",438,TRUE,2022-12-02 14:43:02,"C3586",6,7,2,1,4,4,3,5,4,4,1,7,1,4,4,7,3,2,11,4,10,15,16,7,1,17,13,8,5,12,9,3,18,2,6,14,2,2,5,2,4,2,3,2,2,2,4,1,"C3586",4,2,2,12,3,13,14,10,5,11,12,9,2,5,7,8,1,3,10,6,4,3,7,6,4,2,1,8,5,6,6,36,7,12,8,75,TRUE,"C3586",1,0,0,1,0,0,0,0,0,0,0,1,2,1,2,1,4,1,1,4,30,16,25,15,5,91
"162",758,TRUE,2022-12-02 14:43:49,"F2024",4,3,2,3,7,5,7,7,2,6,NA,3,4,4,2,6,7,6,15,17,1,5,10,18,6,9,7,11,16,14,3,12,8,13,2,4,3,3,5,2,2,4,4,2,2,3,2,2,"F2024",5,NA,NA,NA,NA,NA,NA,NA,7,6,12,8,1,7,10,3,4,2,5,9,11,NA,NA,NA,NA,NA,NA,NA,NA,6,6,35,0,12,0,59,TRUE,"F2024",0,1,0,1,0,0,1,0,0,0,1,0,2,2,2,3,2,NA,4,2,25,25,13,16,13,92
"163",547,TRUE,2022-12-02 14:44:42,"F3609",3,4,3,4,4,5,4,5,3,4,4,5,3,2,4,5,4,4,18,15,9,14,2,3,4,13,7,12,16,10,6,5,11,1,8,17,2,3,5,2,2,2,2,1,1,3,3,2,NA,5,NA,NA,NA,NA,NA,NA,NA,11,12,9,1,10,3,2,11,5,7,4,6,8,NA,NA,NA,NA,NA,NA,NA,NA,6,6,36,0,12,0,60,TRUE,"F3609",1,1,0,1,0,0,0,1,1,0,0,0,3,2,3,4,3,4,3,4,20,19,18,11,8,76
"164",880,TRUE,2022-12-02 14:48:13,"A3193",6,4,4,1,5,4,3,4,4,1,2,4,2,1,7,4,4,6,9,16,15,3,5,18,4,13,10,7,6,17,2,11,12,1,14,8,3,3,5,2,4,2,3,2,4,3,3,1,"A3193",4,2,2,12,3,15,15,9,7,11,12,3,6,4,9,7,10,5,2,8,1,5,7,3,4,6,1,8,2,6,6,36,7,12,8,75,TRUE,"A3193",0,1,0,1,0,0,0,0,0,0,0,1,2,1,4,1,4,2,2,7,26,15,17,6,10,74
"165",400,TRUE,2022-12-02 15:29:47,"A3520",6,6,1,2,6,NA,5,6,2,6,2,6,2,4,2,4,5,6,6,16,11,18,10,13,9,12,2,7,15,5,17,1,3,4,14,8,2,1,5,2,4,4,2,2,2,2,3,4,"A3520",4,1,1,11,5,15,13,8,6,5,8,2,1,3,10,9,12,7,4,6,11,3,4,2,6,7,1,8,5,6,6,35,7,12,8,74,TRUE,"A3520",1,0,0,1,0,0,0,0,0,0,0,0,2,0,1,2,2,2,2,2,31,17,24,14,11,97
"166",342,TRUE,2022-12-02 15:36:00,"C3676",6,5,3,3,5,5,5,5,3,5,3,5,3,4,3,5,5,5,18,5,11,3,4,6,13,8,15,7,12,2,10,17,14,16,1,9,4,1,1,2,3,4,3,1,2,2,3,2,"C3676",4,3,2,11,4,14,13,8,3,7,8,11,6,4,5,9,3,2,1,12,10,3,6,2,7,4,1,8,5,6,6,36,7,12,8,75,TRUE,"C3676",0,0,0,1,1,0,0,1,0,0,0,0,2,1,3,3,3,3,3,3,26,20,20,14,10,90
"167",292,TRUE,2022-12-02 15:36:21,"C3698",3,4,4,2,3,4,4,4,3,4,2,2,3,2,2,4,2,4,13,8,4,11,7,9,2,1,3,18,12,5,6,14,15,16,10,17,2,3,7,2,1,2,2,2,1,4,3,2,"C3698",4,3,4,15,1,11,12,12,9,10,7,4,9,3,11,6,12,1,8,5,2,2,6,7,5,3,1,8,4,6,6,36,7,12,8,75,TRUE,"C3698",1,1,0,1,0,0,0,0,1,0,0,0,3,1,4,2,3,2,3,2,20,17,17,12,6,72
"168",380,TRUE,2022-12-02 15:36:39,"A3474",7,7,3,1,7,7,7,7,1,7,1,7,1,4,1,4,7,7,11,4,3,8,2,17,14,16,9,6,18,12,15,5,1,10,13,7,2,3,5,2,4,2,2,2,1,2,2,1,"A3474",4,1,1,11,5,15,11,11,8,9,6,11,2,4,3,10,1,5,7,8,12,6,7,5,4,3,1,8,2,6,6,36,7,12,8,75,TRUE,"A3474",1,1,0,1,0,0,0,0,1,0,1,1,3,3,3,1,1,1,1,1,33,28,28,15,14,118
"169",355,TRUE,2022-12-02 15:37:15,"C3261",7,7,1,1,6,5,4,5,2,5,2,6,2,4,3,4,7,7,17,1,5,9,16,15,3,2,12,18,4,13,10,8,7,6,11,14,2,3,5,2,2,2,2,1,1,2,3,2,NA,4,1,2,12,3,14,13,10,10,1,9,2,12,8,11,4,10,7,5,6,3,3,5,2,4,7,1,8,6,6,6,36,7,12,8,75,TRUE,"C3261",1,1,0,1,0,0,0,1,1,0,0,0,3,2,1,1,2,2,2,3,34,20,23,13,14,104
"170",432,TRUE,2022-12-02 15:37:22,"C3665",7,7,1,1,4,4,7,4,1,7,1,7,1,1,4,7,4,7,3,8,9,4,18,15,17,5,12,16,10,14,2,11,7,1,6,13,2,1,5,2,2,2,3,3,1,1,3,1,"C3665",4,3,3,15,2,11,11,12,7,8,10,11,5,6,9,1,12,4,3,2,7,3,2,6,5,7,1,8,4,6,6,36,7,12,8,75,TRUE,"C3665",1,0,0,1,0,0,0,0,1,1,0,1,2,3,1,1,1,1,1,4,32,22,28,12,11,105
"171",454,TRUE,2022-12-02 15:38:03,"F3755",2,5,4,2,3,4,2,6,5,5,2,3,2,6,1,6,2,4,17,6,8,2,14,1,11,9,13,7,15,10,3,4,16,12,18,5,2,3,7,2,2,2,2,2,4,3,3,4,"F3755",4,5,2,12,4,NA,12,9,9,8,12,10,1,9,6,5,2,3,7,4,11,4,2,5,6,7,1,8,3,6,6,36,6,12,8,74,TRUE,"F3755",1,1,0,1,0,0,0,0,0,0,0,0,3,0,4,2,5,2,2,1,20,15,20,19,6,80
"172",644,TRUE,2022-12-02 15:38:16,"C1809",5,5,3,3,5,5,5,5,3,5,3,5,3,2,5,2,5,5,2,7,1,11,15,3,10,12,9,13,5,17,6,18,16,14,4,8,2,3,5,2,1,2,2,2,1,1,3,2,"C1809",4,2,2,12,4,13,14,11,10,5,9,8,10,7,3,12,11,4,2,1,6,5,3,4,6,7,1,8,2,6,6,36,7,12,8,75,TRUE,"C1809",1,1,0,1,0,0,0,0,1,1,0,0,3,2,3,3,3,3,3,5,25,20,20,7,10,82
"173",95,TRUE,2022-12-02 16:21:39,"A2934",4,4,4,4,4,4,4,4,4,4,4,4,4,4,4,4,4,4,12,9,17,2,6,16,3,13,14,5,10,8,18,11,7,15,4,1,4,4,6,2,2,3,2,3,1,1,2,3,"A2934",4,3,3,13,3,13,13,9,4,6,2,12,5,7,1,8,3,4,9,11,10,2,3,5,6,4,1,8,7,6,6,36,7,12,8,75,TRUE,"A2934",0,0,0,1,0,1,0,0,1,1,1,0,2,3,4,4,4,4,4,4,20,16,16,12,8,72
"174",185,TRUE,2022-12-02 16:23:04,"C2945",4,5,4,2,3,3,1,5,4,5,2,6,2,4,4,2,5,4,14,11,8,10,12,15,3,5,13,7,9,4,6,18,17,2,16,1,2,3,1,2,2,2,1,1,1,3,3,2,"C2945",4,2,4,13,5,12,12,12,9,12,1,7,4,9,11,6,10,2,5,8,3,2,4,6,5,7,1,8,3,6,6,36,7,12,8,75,TRUE,"C2945",1,1,0,1,0,0,0,1,1,0,0,0,3,2,4,2,4,2,2,4,22,13,23,10,9,77
"175",223,TRUE,2022-12-02 16:23:44,"F3047",5,4,3,1,4,4,3,4,4,4,2,5,2,3,3,5,6,4,9,1,17,8,5,14,4,15,11,10,3,18,13,12,6,16,7,2,2,4,5,2,4,2,3,2,1,3,3,2,"F3047",5,NA,NA,NA,NA,NA,NA,NA,9,7,11,1,4,12,9,10,2,6,5,8,3,NA,NA,NA,NA,NA,NA,NA,NA,6,6,36,0,12,0,60,TRUE,"F3047",1,0,0,1,0,0,0,0,1,0,0,0,2,1,3,1,4,2,2,3,25,15,21,13,10,84
"176",276,TRUE,2022-12-02 16:23:58,"F2721",6,6,1,1,6,6,5,6,2,7,2,7,3,2,5,4,6,6,5,13,4,10,6,1,9,12,8,3,11,16,2,15,14,17,7,18,2,3,5,2,2,2,3,1,1,3,3,2,"F2721",5,NA,NA,NA,NA,NA,NA,NA,10,5,8,3,9,12,10,7,11,1,2,4,6,NA,NA,NA,NA,NA,NA,NA,NA,6,6,36,0,12,0,60,TRUE,"F2721",1,1,0,1,0,0,0,1,1,0,0,0,3,2,1,1,2,2,3,5,32,23,25,9,12,101
"177",218,TRUE,2022-12-02 16:24:27,"C2642",4,3,3,4,5,4,4,4,5,4,4,5,3,5,3,2,3,4,2,7,15,13,16,17,11,8,18,6,5,4,14,9,3,1,12,10,2,1,7,2,1,2,2,2,4,3,3,2,"C2642",4,2,1,12,4,15,14,10,8,10,7,1,4,8,3,11,12,9,2,6,5,2,5,3,7,6,1,8,4,6,6,36,7,12,8,75,TRUE,"C2642",1,0,0,1,0,0,0,0,0,0,0,0,2,0,3,4,5,4,3,3,21,15,18,12,7,73
"178",263,TRUE,2022-12-02 16:24:28,"F2989",7,7,1,1,7,6,4,6,2,7,2,7,1,6,4,5,7,6,5,3,8,11,6,17,15,12,16,10,18,14,7,13,1,4,2,9,2,3,7,2,2,2,3,2,1,3,3,2,"F2989",5,NA,NA,NA,NA,NA,NA,NA,10,9,3,11,4,2,10,6,1,8,7,5,12,NA,NA,NA,NA,NA,NA,NA,NA,6,6,36,0,12,0,60,TRUE,"F2989",1,1,0,1,0,0,0,0,1,0,0,0,3,1,1,1,2,2,1,4,35,22,27,15,13,112
"179",248,TRUE,2022-12-02 16:24:47,"F0358",1,4,5,6,4,1,1,2,6,5,3,5,1,1,7,1,1,5,16,1,2,17,8,13,15,9,7,3,11,6,10,5,4,18,12,14,2,2,1,3,2,2,3,1,2,2,2,3,"F0358",5,NA,NA,NA,NA,NA,NA,NA,3,12,1,2,5,10,9,11,7,6,8,4,3,NA,NA,NA,NA,NA,NA,NA,NA,6,6,36,0,12,0,60,TRUE,"F0358",1,0,0,0,0,0,0,1,0,0,1,0,1,2,5,6,6,3,1,7,14,6,22,3,6,51
"180",304,TRUE,2022-12-02 16:24:52,"F2923",6,7,1,1,7,7,6,6,4,6,1,6,1,1,5,3,7,5,5,8,17,10,9,12,18,3,11,7,2,4,6,13,14,16,15,1,2,3,7,2,2,4,2,3,1,1,3,2,"F2923",5,NA,NA,NA,NA,NA,NA,NA,8,11,12,5,10,7,9,1,4,8,6,2,3,NA,NA,NA,NA,NA,NA,NA,NA,6,6,36,0,12,0,60,TRUE,"F2923",1,1,0,1,0,0,0,0,1,1,0,0,3,2,1,1,4,1,1,5,34,23,26,7,12,102
"181",291,TRUE,2022-12-02 16:25:01,"F1337",5,6,3,1,4,1,1,1,4,3,4,7,1,7,7,7,7,1,6,11,4,2,15,1,9,5,12,3,8,16,17,10,7,14,18,13,2,1,1,2,1,2,2,1,1,2,2,1,"F1337",4,5,2,12,5,14,13,9,5,2,12,6,7,8,9,11,4,3,5,1,10,3,5,2,7,6,1,8,4,6,6,36,7,12,8,75,TRUE,"F1337",1,0,0,1,0,0,0,1,1,0,1,1,2,4,3,1,4,4,1,7,27,7,21,15,8,78
"182",267,TRUE,2022-12-02 16:26:34,"A0651",2,4,1,2,2,3,3,2,5,4,4,4,4,4,7,3,3,2,6,2,17,10,8,15,7,11,1,16,12,14,13,18,9,4,3,5,1,2,6,1,4,1,2,3,2,2,2,2,NA,4,3,5,13,2,13,13,11,2,9,11,8,5,6,3,12,10,2,7,4,1,4,5,2,7,3,1,8,6,6,6,36,7,12,8,75,TRUE,"A0651",0,0,0,0,0,0,0,0,0,0,1,0,0,1,1,2,5,4,4,7,21,11,16,8,5,61
"183",393,TRUE,2022-12-02 16:26:54,"C0437",6,6,1,5,4,7,6,6,7,3,4,1,1,1,7,1,6,4,8,7,5,17,1,18,9,10,14,4,13,6,11,15,2,16,12,3,2,2,6,2,3,1,1,1,1,2,1,2,"C0437",4,1,2,13,3,13,15,8,4,9,1,5,12,2,3,4,6,10,8,11,7,2,5,6,7,3,1,8,4,6,6,36,7,12,8,75,TRUE,"C0437",1,0,0,1,1,0,0,1,1,0,0,0,3,2,1,5,7,4,1,7,26,20,15,3,10,74
"184",459,TRUE,2022-12-02 16:27:53,"A2901",1,1,2,6,2,3,4,5,4,4,3,4,2,3,3,3,1,2,14,16,11,18,5,9,13,17,15,10,4,12,1,2,3,6,7,8,2,3,7,2,2,4,2,2,4,2,3,2,"A2901",4,4,4,13,3,13,11,11,8,11,12,7,3,5,1,4,9,10,2,8,6,6,2,4,3,5,1,8,7,6,6,36,7,12,8,75,TRUE,"A2901",1,1,0,1,0,0,0,0,0,0,0,0,3,0,2,6,4,3,2,3,12,16,19,11,3,61
"185",380,TRUE,2022-12-02 16:28:16,"A0459",6,6,2,1,4,4,6,7,2,6,2,6,3,1,7,1,6,7,13,2,9,1,8,7,3,18,12,15,16,10,14,5,6,17,4,11,2,3,7,2,2,2,3,1,1,2,3,2,"A0459",4,1,1,12,5,11,14,8,8,7,9,3,5,11,6,4,1,2,12,10,8,5,7,6,2,3,1,8,4,6,6,36,7,12,8,75,TRUE,"A0459",1,1,0,1,0,0,0,1,1,0,0,0,3,2,2,1,2,2,3,7,29,23,23,3,13,91
"186",432,TRUE,2022-12-02 16:28:27,"A1315",1,1,7,7,1,1,1,1,7,4,2,4,2,1,7,1,1,1,4,1,2,6,16,5,9,15,3,12,11,18,17,13,7,8,14,10,3,1,6,3,3,4,3,3,2,2,2,2,"A1315",4,2,2,12,2,12,12,9,1,2,6,12,10,1,7,8,5,4,3,9,11,7,2,3,4,5,1,8,6,6,6,36,7,12,8,75,TRUE,"A1315",0,0,0,0,1,0,0,0,0,0,1,0,1,1,7,7,7,2,2,7,5,4,20,3,2,34
"187",502,TRUE,2022-12-02 16:29:05,"A0639",NA,5,7,1,7,7,7,7,4,6,2,7,1,1,7,1,4,1,9,10,5,12,16,18,15,14,8,6,4,17,13,2,3,11,1,7,2,3,7,2,1,2,2,1,1,4,3,2,"A0639",4,2,1,11,1,11,11,12,8,5,4,7,6,9,12,2,1,8,3,11,10,5,2,4,7,6,1,8,3,6,6,35,7,12,8,74,TRUE,"A0639",1,1,0,1,0,0,0,1,1,0,0,0,3,2,7,1,4,2,1,7,20,25,26,3,5,79
"188",490,TRUE,2022-12-02 16:29:49,"A0471",1,1,7,4,2,1,1,1,1,3,3,4,4,7,1,1,1,1,10,6,9,16,17,14,2,12,7,8,18,15,4,5,3,1,13,11,2,1,5,2,1,4,2,4,3,2,1,2,"A0471",4,5,5,15,1,11,15,12,5,3,4,1,8,2,9,7,10,5,12,6,11,6,2,5,4,3,1,8,7,6,6,36,7,12,8,75,TRUE,"A0471",1,0,0,1,0,0,0,0,0,0,0,0,2,0,7,4,1,3,4,1,9,10,16,15,2,52
"189",559,TRUE,2022-12-02 16:30:26,"C1326",3,4,5,3,6,1,1,3,7,5,3,4,3,1,7,1,3,5,9,18,2,8,14,7,17,10,15,12,16,5,3,4,6,1,13,11,2,4,1,2,1,2,2,2,2,2,3,2,"C1326",4,2,2,14,1,12,13,12,7,9,6,3,11,5,1,8,2,10,12,4,7,7,6,5,2,4,1,8,3,6,6,36,7,12,8,75,TRUE,"C1326",1,0,0,1,0,0,0,0,0,0,0,0,2,0,5,3,7,3,3,7,21,6,19,3,8,57
"190",575,TRUE,2022-12-02 16:31:00,"A0426",2,5,2,3,2,2,3,NA,4,5,3,2,4,2,3,2,2,4,1,7,11,6,2,15,8,13,4,16,9,5,10,17,12,18,3,14,2,2,1,2,1,2,2,1,2,3,2,2,"A0426",5,NA,NA,NA,NA,NA,NA,NA,6,9,6,3,1,10,8,7,12,4,2,5,11,NA,NA,NA,NA,NA,NA,NA,NA,6,6,35,0,12,0,59,TRUE,"A0426",1,0,0,1,0,0,0,1,0,0,1,0,2,2,2,3,4,3,4,3,20,9,16,9,6,60
"191",308,TRUE,2022-12-02 16:31:13,"C2473",4,4,1,1,5,4,6,7,1,5,1,5,2,6,1,7,5,5,10,7,18,12,3,6,2,9,16,14,5,8,15,11,17,13,1,4,2,3,5,2,1,2,3,2,1,2,3,2,NA,4,1,2,11,5,14,15,10,9,3,10,9,12,11,1,5,6,2,7,4,8,3,5,4,2,7,1,8,6,6,6,36,7,12,8,75,TRUE,"C2473",1,1,0,1,0,0,0,0,1,0,0,0,3,1,1,1,1,1,2,1,27,24,23,20,10,104
"192",2265,TRUE,2022-12-02 16:31:25,"A2967",6,6,2,2,6,NA,6,7,2,6,2,7,2,4,3,5,6,5,5,2,7,1,12,13,6,8,11,3,14,15,17,4,18,16,10,9,2,3,5,2,2,2,2,3,1,3,3,2,"A2967",4,1,2,11,4,14,14,9,11,3,9,10,7,6,5,12,8,2,4,1,11,7,2,4,3,5,1,8,6,6,6,35,7,12,8,74,TRUE,"A2967",1,1,0,1,0,0,0,0,1,0,0,0,3,1,2,2,2,2,2,3,30,19,25,14,11,99
"193",333,TRUE,2022-12-02 16:32:07,"F1382",4,4,2,2,4,4,4,4,4,3,4,2,4,4,3,2,4,5,9,17,11,15,18,16,4,7,10,1,5,12,8,6,14,2,3,13,2,4,5,2,4,2,4,2,2,3,4,2,"F1382",4,3,3,13,3,13,13,10,7,9,3,4,5,10,12,1,7,6,8,2,11,4,2,5,7,6,1,8,3,6,6,36,7,12,8,75,TRUE,"F1382",1,0,0,1,0,0,1,0,0,0,0,0,2,1,2,2,4,4,4,3,24,16,13,11,9,73
"194",403,TRUE,2022-12-02 16:32:28,"F1405",3,2,5,5,3,2,3,3,5,3,5,3,5,3,5,2,3,3,3,12,16,8,4,17,1,14,6,5,18,15,9,10,13,11,7,2,2,3,5,2,2,2,2,2,1,2,2,1,"F1405",5,NA,NA,NA,NA,NA,NA,NA,9,4,3,9,10,6,1,2,7,5,8,12,11,NA,NA,NA,NA,NA,NA,NA,NA,6,6,36,0,12,0,60,TRUE,"F1405",1,1,0,1,0,0,0,0,1,0,1,1,3,3,5,5,5,5,5,5,14,11,12,8,6,51
"195",338,TRUE,2022-12-02 16:32:31,"F1449",4,5,3,4,4,6,6,4,1,5,4,4,3,4,4,2,2,4,3,14,10,4,2,16,17,6,5,9,13,7,11,1,8,18,12,15,2,3,5,2,2,2,3,2,1,3,3,2,"F1449",4,1,3,12,4,14,13,12,11,9,4,1,12,2,11,6,10,8,7,5,3,6,5,2,7,3,1,8,4,6,6,36,7,12,8,75,TRUE,"F1449",1,1,0,1,0,0,0,0,1,0,0,0,3,1,3,4,1,4,3,4,22,23,18,10,6,79
"196",699,TRUE,2022-12-02 16:32:58,"A0673",4,3,3,5,2,3,3,3,2,3,4,3,4,1,2,2,1,2,1,14,8,16,13,17,15,5,12,18,2,9,3,6,7,4,11,10,3,3,1,2,1,1,2,2,3,3,2,1,"0673",4,3,4,14,4,13,14,10,5,1,12,6,10,3,7,8,5,4,2,11,9,6,4,5,3,7,1,8,2,6,6,36,7,12,8,75,TRUE,"A0673",0,1,0,1,0,0,0,0,0,0,1,1,2,2,3,5,2,4,4,2,17,15,14,9,3,58
"197",352,TRUE,2022-12-02 16:33:05,"A1348",6,6,1,1,6,6,6,6,2,6,2,7,1,3,2,4,6,6,13,12,3,7,4,6,1,9,16,18,15,10,11,2,14,8,17,5,2,3,5,2,2,2,2,2,1,4,2,2,"A1348",4,2,2,12,3,14,13,10,10,1,11,4,5,12,3,7,8,6,9,2,10,7,2,4,6,3,1,8,5,6,6,36,7,12,8,75,TRUE,"A1348",1,1,0,1,0,0,0,0,1,0,1,0,3,2,1,1,2,2,1,2,32,24,26,13,12,107
"198",113,TRUE,2022-12-02 16:33:30,"F1450",2,6,7,7,1,7,5,7,6,7,3,7,4,6,7,4,7,5,7,15,4,12,6,1,10,16,11,5,8,2,17,14,13,9,3,18,3,2,6,2,3,2,2,3,3,3,4,2,NA,4,2,3,13,4,12,15,11,5,3,12,5,1,8,4,6,7,9,2,11,10,3,5,4,7,2,1,8,6,6,6,36,7,12,8,75,TRUE,"F1450",0,0,0,1,1,0,0,0,0,0,0,0,2,0,7,7,6,3,4,7,11,21,23,11,12,78
"199",371,TRUE,2022-12-02 16:34:12,"A1461",4,4,3,3,4,3,3,4,4,4,3,5,3,3,4,3,4,4,7,4,16,5,11,3,15,2,12,10,8,1,14,13,9,6,18,17,2,3,1,2,2,2,1,2,1,2,3,2,"A1461",4,3,3,13,3,13,14,10,9,8,9,2,6,10,11,5,1,7,12,4,3,3,4,6,5,7,1,8,2,6,6,36,7,12,8,75,TRUE,"A1461",1,1,0,1,0,0,0,0,1,0,0,0,3,1,3,3,4,3,3,4,22,14,19,10,8,73
"200",144,TRUE,2022-12-02 17:22:54,"F1562",7,7,3,1,7,7,7,7,7,7,1,7,2,4,3,1,7,4,3,7,14,11,15,4,6,9,1,12,5,13,16,18,17,10,2,8,2,1,6,2,3,2,2,3,1,3,1,2,NA,5,NA,NA,NA,NA,NA,NA,NA,7,4,12,11,2,5,8,3,7,6,9,1,10,NA,NA,NA,NA,NA,NA,NA,NA,6,6,36,0,12,0,60,TRUE,"F1562",1,0,0,1,1,0,0,0,1,0,0,0,3,1,3,1,7,1,2,3,33,22,27,10,11,103
"201",233,TRUE,2022-12-02 17:24:15,"A1573",7,5,1,1,7,1,4,1,4,7,1,7,1,1,4,1,7,4,9,2,1,15,4,16,17,7,13,10,6,5,12,18,14,8,11,3,2,1,7,2,2,2,1,1,2,2,3,2,"A1573",5,NA,NA,NA,NA,NA,NA,NA,6,6,10,2,4,3,11,9,5,7,1,8,12,NA,NA,NA,NA,NA,NA,NA,NA,6,6,36,0,12,0,60,TRUE,"A1573",1,0,0,1,0,0,0,1,0,0,0,0,2,1,1,1,4,1,1,4,33,10,28,6,11,88
"202",260,TRUE,2022-12-02 17:24:45,"C1135",6,6,2,2,5,4,4,6,2,6,2,6,2,3,3,3,5,4,5,14,1,7,9,12,15,3,8,18,10,6,4,13,2,11,17,16,2,3,7,2,2,2,2,3,1,3,3,1,"C1135",4,4,2,13,3,12,14,10,9,4,11,2,10,6,3,8,7,9,1,5,12,3,6,4,7,5,1,8,2,6,6,36,7,12,8,75,TRUE,"C1135",1,1,0,1,0,0,0,0,1,0,0,1,3,2,2,2,2,2,2,3,29,20,24,11,9,93
"203",320,TRUE,2022-12-02 17:25:41,"C1168",4,5,3,3,3,2,1,4,4,3,2,5,3,4,5,3,4,2,11,12,14,4,13,7,2,10,9,5,15,6,16,17,8,1,3,18,2,3,7,2,2,2,2,2,1,3,3,2,"C1168",4,2,2,13,3,13,12,10,11,3,1,5,9,12,8,6,10,11,2,7,4,7,2,6,3,4,1,8,5,6,6,36,7,12,8,75,TRUE,"C1168",1,1,0,1,0,0,0,0,1,0,0,0,3,1,3,3,4,2,3,5,22,11,19,10,6,68
"204",332,TRUE,2022-12-02 17:26:11,"A1753",7,7,1,1,7,5,7,7,1,7,1,7,1,1,4,NA,4,7,12,10,11,14,9,15,13,3,4,8,18,2,6,5,1,16,17,7,2,3,1,2,4,2,2,2,4,1,3,2,"A1753",4,2,2,11,5,13,15,8,8,12,10,5,1,6,2,11,3,9,8,4,7,6,5,4,2,3,1,8,7,6,6,35,7,12,8,74,TRUE,"A1753",1,1,0,1,0,0,0,0,0,1,0,0,3,1,1,1,1,1,1,4,35,26,28,5,11,105
"205",387,TRUE,2022-12-02 17:26:51,"F1528",6,NA,1,1,7,4,1,7,2,5,1,6,2,2,3,4,4,5,16,12,8,10,9,6,14,2,18,7,11,1,5,13,3,4,17,15,1,4,7,2,4,4,2,3,2,1,2,1,"F1528",5,NA,NA,NA,NA,NA,NA,NA,2,11,3,2,8,12,7,1,5,4,10,9,6,NA,NA,NA,NA,NA,NA,NA,NA,6,6,35,0,12,0,59,TRUE,"F1528",0,0,0,1,0,0,0,0,0,1,1,1,1,3,1,1,2,1,2,3,27,18,24,11,9,89
"206",412,TRUE,2022-12-02 17:27:16,"A1663",4,3,3,4,3,2,2,2,5,4,4,2,4,1,5,2,2,1,9,12,8,10,14,2,1,3,6,7,16,17,15,11,4,13,5,18,2,3,7,2,1,2,3,1,4,3,3,2,"A1663",4,4,3,12,1,12,12,10,7,8,11,2,9,12,1,5,4,3,7,6,10,5,6,2,7,4,1,8,3,6,6,36,7,12,8,75,TRUE,"A1663",1,1,0,1,0,0,0,1,0,0,0,0,3,1,3,4,5,4,4,5,19,9,14,6,3,51
"207",484,TRUE,2022-12-02 17:28:24,"A1685",4,5,2,4,7,3,3,4,4,7,2,6,2,2,5,5,1,4,5,6,10,1,18,15,4,8,9,3,17,12,16,14,7,2,11,13,2,2,6,2,1,2,1,2,3,1,1,1,"A1685",4,1,2,12,5,13,13,10,4,5,6,12,10,8,11,1,7,4,3,2,9,2,6,4,5,7,1,8,3,6,6,36,7,12,8,75,TRUE,"A1685",1,0,0,1,0,0,0,0,0,1,0,1,2,2,2,4,4,2,2,5,26,14,25,10,5,80
"208",281,TRUE,2022-12-02 17:54:49,"C0268",6,7,4,3,7,5,4,6,3,7,2,7,3,1,7,1,7,7,17,2,4,7,15,6,3,8,10,9,14,16,13,1,12,5,18,11,2,3,7,2,2,2,2,4,3,1,3,1,"C0268",4,3,2,11,4,13,13,9,7,6,12,1,10,7,5,11,9,2,3,4,8,7,6,4,3,2,1,8,5,6,6,36,7,12,8,75,TRUE,"C0268",1,1,0,1,0,0,0,0,0,1,0,1,3,2,4,3,3,2,3,7,29,20,25,3,14,91
"209",281,TRUE,2022-12-02 17:54:49,"A2899",5,5,6,4,6,4,5,5,2,1,2,2,1,1,6,2,1,1,2,8,12,13,1,15,14,11,4,17,10,18,3,16,7,5,6,9,2,3,5,2,2,2,3,3,2,3,3,1,"A2899",4,2,3,12,2,12,13,11,8,2,6,10,11,1,12,7,5,3,8,9,4,3,6,7,5,2,1,8,4,6,6,36,7,12,8,75,TRUE,"A2899",1,1,0,1,0,0,0,0,0,0,0,1,3,1,6,4,2,2,1,6,22,20,16,5,2,65
"210",298,TRUE,2022-12-02 17:55:01,"F2866",4,6,2,2,4,5,4,3,4,3,4,3,4,5,3,3,3,4,16,14,12,2,4,6,5,3,18,13,7,11,9,8,15,10,17,1,2,3,7,2,2,2,2,2,1,4,3,2,"F2866",5,NA,NA,NA,NA,NA,NA,NA,10,4,6,1,12,9,5,7,11,3,2,8,10,NA,NA,NA,NA,NA,NA,NA,NA,6,6,36,0,12,0,60,TRUE,"F2866",1,1,0,1,0,0,0,0,1,0,0,0,3,1,2,2,4,4,4,3,26,16,14,13,7,76
"211",366,TRUE,2022-12-02 17:56:20,"C2888",6,7,1,1,7,6,6,6,2,7,1,7,1,5,3,6,5,7,8,3,16,9,2,14,18,15,12,6,1,11,13,5,17,4,7,10,2,3,7,2,1,2,2,2,3,2,3,2,"C2888",4,1,2,11,2,14,14,11,8,10,3,11,8,2,7,12,6,9,5,4,1,6,4,3,7,2,1,8,5,6,6,36,7,12,8,75,TRUE,"C2888",1,1,0,1,0,0,0,0,0,0,0,0,3,0,1,1,2,1,1,3,34,24,28,16,12,114
"212",366,TRUE,2022-12-02 17:57:43,"F1191",5,6,2,2,5,4,4,4,4,5,2,5,2,1,4,3,4,4,3,10,17,8,15,5,13,11,9,2,14,6,18,16,7,4,1,12,2,3,7,2,3,2,2,2,4,2,2,2,"F1191",5,NA,NA,NA,NA,NA,NA,NA,7,7,8,10,2,6,12,9,1,3,11,4,5,NA,NA,NA,NA,NA,NA,NA,NA,6,6,36,0,12,0,60,TRUE,"F1191",1,1,0,1,1,0,0,0,0,0,1,0,4,1,2,2,4,2,2,4,28,16,22,8,8,82
"213",421,TRUE,2022-12-02 17:57:44,"A3058",2,3,4,6,5,2,3,3,4,5,2,7,4,2,7,2,1,6,7,1,5,2,14,16,13,15,11,18,8,10,12,6,3,9,4,17,2,2,1,2,3,2,2,2,3,1,4,1,"A3058",4,4,2,11,3,12,12,10,5,12,11,10,8,1,7,9,3,2,6,5,4,4,2,5,6,7,1,8,3,6,6,36,7,12,8,75,TRUE,"A3058",1,0,0,1,1,0,0,0,0,1,0,1,3,2,4,6,4,2,4,7,16,12,22,5,7,62
"214",482,TRUE,2022-12-02 17:58:14,"C2631",6,6,1,2,6,4,2,4,4,6,1,7,1,1,5,2,6,7,11,2,17,16,15,7,14,5,12,9,8,18,10,6,3,13,1,4,2,1,6,2,2,2,2,2,1,1,3,2,"C2631",4,3,3,13,2,12,12,11,9,10,12,9,7,3,8,6,2,5,1,4,11,3,4,7,5,2,1,8,6,6,6,36,7,12,8,75,TRUE,"C2631",1,0,0,1,0,0,0,0,1,1,0,0,2,2,1,2,4,1,1,5,31,14,27,6,13,91
"215",287,TRUE,2022-12-02 17:58:26,"C1180",5,5,3,4,5,5,4,6,3,6,2,6,2,4,4,4,5,6,5,9,13,4,6,11,7,14,15,8,3,18,17,2,1,10,16,12,2,3,1,2,2,2,2,2,4,1,3,2,"C1180",4,2,4,12,1,11,13,12,9,12,10,7,4,6,3,5,1,8,9,2,11,7,5,2,6,4,1,8,3,6,6,36,7,12,8,75,TRUE,"C1180",1,1,0,1,0,0,0,0,0,1,0,0,3,1,3,4,3,2,2,4,24,20,24,12,11,91
"216",529,TRUE,2022-12-02 17:59:00,"C1843",5,5,3,3,5,5,4,4,3,5,2,5,2,3,4,3,5,5,7,16,18,3,17,8,9,5,2,11,15,6,10,4,14,12,1,13,2,3,7,2,2,2,2,2,1,2,3,2,"C1843",4,2,3,12,3,13,14,11,10,12,7,6,10,4,8,11,5,2,3,1,9,6,4,5,7,3,1,8,2,6,6,36,7,12,8,75,TRUE,"C1843",1,1,0,1,0,0,0,0,1,0,0,0,3,1,3,3,3,2,2,4,25,18,22,10,10,85
"217",354,TRUE,2022-12-02 17:59:18,"C0976",7,7,2,1,6,5,4,4,2,4,2,5,3,1,6,2,6,3,6,12,15,18,14,1,13,5,9,2,17,16,11,7,10,8,4,3,2,3,7,2,2,2,3,2,1,3,3,2,"C0976",4,4,5,15,1,11,12,12,10,7,9,4,2,10,6,8,5,12,1,11,3,5,7,6,4,2,1,8,3,6,6,36,7,12,8,75,TRUE,"C0976",1,1,0,1,0,0,0,0,1,0,0,0,3,1,2,1,2,2,3,6,33,19,20,5,9,86
"218",356,TRUE,2022-12-02 17:59:27,"A1089",2,4,4,3,4,2,3,3,7,4,5,4,3,2,6,1,2,3,15,2,6,8,17,5,10,14,7,4,11,12,9,1,3,13,18,16,2,3,1,2,2,2,2,1,2,2,2,1,"A1089",4,2,1,12,3,14,14,12,6,5,8,10,4,11,7,9,3,12,2,6,1,3,5,4,6,7,1,8,2,6,6,36,7,12,8,75,TRUE,"A1089",1,1,0,1,0,0,0,1,0,0,1,1,3,3,4,3,7,5,3,6,19,9,16,5,5,54
"219",637,TRUE,2022-12-02 18:00:47,"A2798",2,1,6,6,2,1,1,1,6,4,4,3,4,1,7,3,1,2,14,12,3,5,6,7,2,9,13,4,10,18,16,11,8,1,17,15,2,1,7,2,1,2,1,2,2,1,3,2,"A2798",4,5,3,14,2,12,13,12,6,2,4,3,7,12,9,11,6,8,5,1,10,7,4,2,6,5,1,8,3,6,6,36,7,12,8,75,TRUE,"A2798",1,0,0,1,0,0,0,0,0,1,0,0,2,1,6,6,6,4,4,7,9,5,15,5,3,37
"220",448,TRUE,2022-12-02 18:00:56,"C1225",6,6,1,1,6,4,4,7,3,7,1,7,1,3,4,3,6,7,18,7,3,16,9,11,13,6,12,2,14,8,4,5,15,1,17,10,1,3,5,2,2,2,2,1,1,1,3,2,NA,4,2,2,12,4,14,13,9,9,10,5,2,1,4,8,3,9,12,6,7,11,7,6,3,4,2,1,8,5,6,6,36,7,12,8,75,TRUE,"C1225",0,1,0,1,0,0,0,1,1,1,0,0,2,3,1,1,3,1,1,4,32,20,28,10,13,103
"221",415,TRUE,2022-12-02 18:01:00,"C0369",7,7,1,1,4,4,3,3,3,7,1,7,1,1,7,1,7,4,9,14,13,5,6,18,15,7,12,3,4,17,8,10,2,11,1,16,2,1,7,2,2,2,3,2,1,2,2,2,"C0369",4,2,1,12,4,15,13,9,7,12,2,9,6,1,8,3,4,7,10,5,11,6,3,2,7,5,1,8,4,6,6,36,7,12,8,75,TRUE,"C0369",1,0,0,1,0,0,0,0,1,0,1,0,2,2,1,1,3,1,1,7,32,15,28,3,11,89
"222",465,TRUE,2022-12-02 18:01:25,"C1269",7,7,1,1,7,7,6,6,1,7,1,7,1,1,5,5,7,7,9,15,16,12,6,17,4,1,7,8,14,2,5,3,13,18,10,11,2,3,5,2,1,2,3,2,1,2,3,1,"C1269",4,1,3,11,3,14,15,10,8,7,2,10,3,8,5,11,12,9,4,1,6,5,6,4,2,7,1,8,3,6,6,36,7,12,8,75,TRUE,"C1269",1,1,0,1,0,0,0,0,1,0,0,1,3,2,1,1,1,1,1,5,35,26,28,9,14,112
"223",396,TRUE,2022-12-02 18:05:26,"F3069",4,4,3,4,3,4,4,4,4,5,1,5,1,2,6,2,3,4,11,7,16,3,2,14,15,1,5,17,6,13,9,12,4,8,10,18,2,3,7,2,1,2,2,1,2,1,2,3,"F3069",4,2,2,12,2,12,12,9,5,6,10,7,9,12,11,5,3,1,8,2,4,3,4,2,5,6,1,8,7,6,6,36,7,12,8,75,TRUE,"F3069",1,1,0,1,0,0,0,1,0,1,1,0,3,3,3,4,4,1,1,6,20,16,24,6,7,73
"224",339,TRUE,2022-12-02 18:05:42,"C2158",6,2,5,4,7,5,3,5,4,6,3,2,4,4,2,3,6,2,2,3,18,4,1,6,10,13,14,9,17,12,8,5,7,16,11,15,2,3,5,3,2,2,2,3,2,2,3,2,"C2158",5,NA,NA,NA,NA,NA,NA,NA,8,7,12,9,6,11,3,1,10,2,8,5,4,NA,NA,NA,NA,NA,NA,NA,NA,6,6,36,0,12,0,60,TRUE,"C2158",1,1,0,0,0,0,0,0,0,0,0,0,2,0,5,4,4,3,4,2,22,17,17,13,8,77
"225",461,TRUE,2022-12-02 18:06:53,"F3070",7,7,1,1,7,6,4,6,2,7,1,7,1,7,2,7,7,7,6,12,14,5,17,18,1,11,3,10,4,16,9,15,8,13,7,2,2,3,7,2,2,2,2,2,2,2,3,1,"F3070",4,1,1,11,5,15,15,10,8,1,6,8,5,2,10,3,12,9,11,7,4,6,7,4,2,5,1,8,3,6,6,36,7,12,8,75,TRUE,"F3070",1,1,0,1,0,0,0,0,0,0,0,1,3,1,1,1,2,1,1,2,35,22,28,20,14,119
"226",483,TRUE,2022-12-02 18:07:22,"F2103",6,6,2,2,6,5,4,4,5,5,2,6,3,2,6,2,5,5,4,3,8,7,10,18,15,5,12,9,13,14,6,1,16,2,17,11,2,3,7,2,1,2,2,2,2,2,3,1,"F2103",5,NA,NA,NA,NA,NA,NA,NA,7,3,12,9,8,5,2,4,1,10,7,6,11,NA,NA,NA,NA,NA,NA,NA,NA,6,6,36,0,12,0,60,TRUE,"F2103",1,1,0,1,0,0,0,0,0,0,0,1,3,1,2,2,5,2,3,6,30,16,22,6,10,84
"227",609,TRUE,2022-12-02 18:08:37,"C2192",4,4,4,2,5,5,4,5,2,4,5,5,3,2,5,4,4,5,16,11,1,15,14,7,4,5,12,8,18,3,17,9,10,13,2,6,4,4,5,2,2,2,1,2,3,2,4,1,"C2192",4,2,4,12,2,13,13,10,5,12,6,8,2,7,4,5,3,10,1,11,9,6,2,5,3,4,1,8,7,6,6,36,7,12,8,75,TRUE,"C2192",0,0,0,1,0,0,0,0,0,0,0,1,1,1,4,2,2,5,3,5,23,20,17,9,9,78
"228",172,TRUE,2022-12-02 18:47:46,"A0954",1,2,2,7,2,1,2,5,1,2,2,1,7,1,7,2,1,1,3,9,12,14,4,16,6,10,17,13,11,5,8,2,7,15,1,18,2,3,6,1,1,2,1,2,2,2,3,2,NA,4,3,2,13,1,13,13,10,6,8,4,3,7,5,6,1,12,9,2,10,11,7,3,5,2,4,1,8,6,6,6,36,7,12,8,75,TRUE,"A0954",1,1,0,0,0,0,0,0,0,0,0,0,2,0,2,7,1,2,7,7,12,15,10,4,2,43
"229",189,TRUE,2022-12-02 18:51:17,"A2765",4,4,4,4,4,4,4,4,4,4,4,4,4,4,4,4,4,4,12,10,7,16,14,3,18,4,17,5,6,1,13,11,15,9,8,2,4,4,7,2,2,1,4,4,4,4,4,1,"A2765",4,3,3,13,3,13,13,10,2,9,5,6,1,3,7,11,10,8,4,2,12,4,7,3,5,6,1,8,2,6,6,36,7,12,8,75,TRUE,"A2765",0,0,0,1,0,0,1,0,0,0,0,1,1,2,4,4,4,4,4,4,20,16,16,12,8,72
"230",275,TRUE,2022-12-02 18:52:53,"A0594",4,6,2,3,5,4,5,4,NA,4,4,6,3,1,2,5,5,5,10,12,9,7,3,13,6,4,17,16,5,2,18,14,1,11,15,8,2,3,6,2,1,2,2,2,2,2,3,2,"A0594",4,2,3,12,3,12,13,11,8,5,1,12,8,4,9,2,3,7,10,6,11,7,6,4,5,3,1,8,2,6,6,35,7,12,8,74,TRUE,"A0594",1,1,0,1,0,0,0,0,0,0,0,0,3,0,2,3,NA,4,3,2,26,13,19,12,10,80
"231",240,TRUE,2022-12-02 18:53:47,"C0842",3,3,2,3,3,4,3,5,3,4,1,6,3,3,3,3,4,3,10,18,17,9,1,16,2,3,7,5,4,12,15,13,11,8,14,6,2,2,6,2,3,2,2,3,2,3,2,1,"7340000535",4,4,3,13,3,13,13,12,5,1,3,8,7,10,6,4,5,9,11,12,2,2,3,4,6,7,1,8,5,6,6,36,7,12,8,75,TRUE,"C0842",1,0,0,1,1,0,0,0,0,0,1,1,3,2,2,3,3,1,3,3,20,17,22,11,7,77
"232",255,TRUE,2022-12-02 18:54:32,"C0820",5,4,4,3,4,4,3,NA,4,5,3,5,4,5,4,3,3,3,13,6,9,16,12,8,4,15,14,1,11,3,5,18,17,2,7,10,2,3,7,2,2,1,2,1,2,3,2,1,"C0820",4,3,2,11,3,14,14,10,6,6,4,2,7,12,10,1,9,11,3,5,8,5,4,3,6,2,1,8,7,6,6,35,7,12,8,74,TRUE,"C0820",1,1,0,1,0,0,0,1,0,0,1,1,3,3,4,3,4,3,4,4,22,11,19,12,6,70
"233",543,TRUE,2022-12-02 18:54:49,"F0886",4,1,2,6,3,1,2,3,5,5,4,1,6,3,6,4,1,1,8,18,16,6,9,15,10,14,4,13,1,3,7,11,5,12,2,17,1,3,5,2,2,4,2,3,1,3,3,2,"F0886",5,NA,NA,NA,NA,NA,NA,NA,9,5,12,4,6,7,11,9,8,1,3,10,2,NA,NA,NA,NA,NA,NA,NA,NA,6,6,36,0,12,0,60,TRUE,"F0886",0,1,0,1,0,0,0,0,1,0,0,0,2,1,2,6,5,4,6,6,16,9,12,9,2,48
"234",398,TRUE,2022-12-02 18:55:09,"A0617",6,6,6,3,6,6,6,4,4,4,3,4,3,3,5,3,6,3,1,8,9,15,7,18,10,16,5,2,11,12,6,3,13,17,4,14,2,2,6,2,2,2,2,2,2,2,3,2,"A0617",4,3,2,12,3,NA,13,11,8,4,1,2,3,10,7,5,11,12,8,6,9,2,7,4,5,6,1,8,3,6,6,36,6,12,8,74,TRUE,"A0617",1,0,0,1,0,0,0,0,0,0,0,0,2,0,6,3,4,3,3,5,25,20,18,9,9,81
"235",581,TRUE,2022-12-02 18:55:43,"A0897",5,5,2,1,5,NA,4,4,4,7,1,7,3,1,5,3,5,5,18,4,9,12,3,6,8,13,14,16,7,15,5,17,1,2,11,10,2,3,1,2,1,2,3,1,2,2,3,1,"A0897",4,2,2,11,3,13,15,10,5,9,10,7,1,11,2,5,6,12,8,4,3,2,7,4,6,3,1,8,5,6,6,35,7,12,8,74,TRUE,"A0897",1,1,0,1,0,0,0,1,0,0,0,1,3,2,2,1,4,1,3,5,28,12,26,7,10,83
"236",334,TRUE,2022-12-02 19:42:16,"C0910",7,7,1,1,7,3,3,7,4,5,2,5,1,7,1,6,6,7,13,18,8,11,17,6,15,1,2,10,3,14,7,5,12,16,9,4,2,3,5,2,2,2,1,2,1,3,3,1,"C0910",4,2,1,11,3,13,15,10,10,6,1,9,8,5,11,7,12,3,10,4,2,5,4,6,3,2,1,8,7,6,6,36,7,12,8,75,TRUE,"C0910",1,1,0,1,0,0,0,0,1,0,0,1,3,2,1,1,4,2,1,1,35,17,23,20,13,108
"237",413,TRUE,2022-12-02 19:43:28,"C2844",4,4,1,1,7,1,1,7,7,4,3,7,1,1,7,4,1,1,15,17,14,4,11,1,3,10,9,6,7,16,12,2,13,5,8,18,1,4,7,2,1,2,2,2,1,2,4,2,"C2844",4,2,1,12,1,13,13,10,6,8,12,5,6,10,9,1,2,4,7,3,11,4,2,5,7,6,1,8,3,6,6,36,7,12,8,75,TRUE,"C2844",0,0,0,1,0,0,0,0,1,0,0,0,1,1,1,1,7,3,1,7,29,10,23,6,2,70
"238",447,TRUE,2022-12-02 21:44:57,"A0112",6,6,2,2,6,6,5,6,3,6,2,6,2,5,3,5,4,6,13,17,18,5,8,16,6,1,7,4,11,12,14,15,10,9,2,3,2,3,7,2,2,2,2,2,1,3,3,1,"A0112",4,2,4,12,3,13,12,10,10,12,9,8,10,3,6,5,11,4,2,7,1,2,6,4,7,5,1,8,3,6,6,36,7,12,8,75,TRUE,"A0112",1,1,0,1,0,0,0,0,1,0,0,1,3,2,2,2,3,2,2,3,30,22,24,15,10,101
"239",550,FALSE,2022-12-07 15:42:51,"D2697",4,4,1,2,4,4,4,4,3,5,2,4,2,2,3,4,4,4,1,17,10,9,5,4,8,6,12,11,2,13,18,15,14,16,3,7,1,3,1,2,3,2,2,3,1,1,3,1,"D2697",4,NA,NA,NA,NA,NA,NA,NA,6,10,9,8,2,12,11,4,7,6,3,5,1,7,3,2,6,5,1,8,4,6,6,36,0,12,8,68,TRUE,"D2697",0,1,0,1,1,0,0,0,1,1,0,1,3,3,1,2,3,2,2,3,25,17,21,11,8,82
"240",436,FALSE,2022-12-07 15:43:16,"B1786",7,7,4,1,7,4,4,4,4,7,4,7,1,1,4,1,7,4,11,15,13,2,1,12,17,10,6,4,14,18,5,3,16,7,9,8,3,2,1,2,1,4,2,3,2,2,2,3,NA,NA,NA,NA,NA,NA,NA,NA,NA,2,10,1,12,7,3,9,11,6,4,5,8,2,NA,NA,NA,NA,NA,NA,NA,NA,6,6,36,0,12,0,60,TRUE,"B1786",0,0,0,1,0,0,0,0,0,0,1,0,1,1,4,1,4,4,1,4,32,16,25,6,11,90
"241",911,FALSE,2022-12-07 15:44:41,"B3249",7,7,1,7,7,4,2,4,4,7,1,7,4,2,5,2,7,7,6,14,12,11,16,13,15,1,10,8,9,18,2,4,17,5,3,7,2,NA,5,2,1,2,1,2,2,2,4,3,NA,NA,NA,NA,NA,NA,NA,NA,NA,5,9,12,3,1,10,2,8,11,4,6,5,7,NA,NA,NA,NA,NA,NA,NA,NA,5,6,36,0,12,0,59,TRUE,"B3249",1,0,0,1,0,0,0,0,0,0,0,0,2,0,1,7,4,1,4,5,29,14,25,7,14,89
"242",625,FALSE,2022-12-07 17:25:06,"B1731",5,5,3,2,4,2,3,5,4,3,3,3,3,3,4,4,4,4,3,15,4,17,18,7,1,13,8,10,16,11,5,14,2,9,12,6,2,1,5,NA,2,NA,NA,2,3,NA,NA,NA,NA,NA,NA,NA,NA,NA,NA,NA,NA,4,6,4,1,10,5,7,9,3,2,12,8,11,NA,NA,NA,NA,NA,NA,NA,NA,4,2,36,0,12,0,54,FALSE,"B1731",1,0,0,0,0,0,0,0,0,0,0,0,1,0,3,2,4,3,3,4,25,14,16,11,8,74
"243",565,FALSE,2022-12-07 18:09:05,"B1944",4,5,3,2,6,3,3,4,1,7,1,7,1,4,5,2,3,6,16,2,14,6,5,4,7,15,11,18,9,1,8,3,12,13,10,17,2,3,7,NA,2,NA,1,2,3,1,2,2,NA,NA,NA,NA,NA,NA,NA,NA,NA,5,4,5,2,12,10,11,7,9,3,8,1,6,NA,NA,NA,NA,NA,NA,NA,NA,4,6,36,0,12,0,58,TRUE,"B1944",1,1,0,0,0,0,0,0,0,1,1,0,2,2,3,2,1,1,1,5,26,17,28,9,9,89
"244",27,FALSE,2022-12-07 18:23:34,"B2754",NA,NA,NA,NA,NA,NA,NA,NA,NA,NA,NA,NA,NA,NA,NA,NA,NA,NA,NA,NA,NA,NA,NA,NA,NA,NA,NA,NA,NA,NA,NA,NA,NA,NA,NA,NA,NA,NA,NA,NA,NA,NA,NA,NA,NA,NA,NA,NA,NA,NA,NA,NA,NA,NA,NA,NA,NA,NA,NA,NA,NA,NA,NA,NA,NA,NA,NA,NA,NA,NA,NA,NA,NA,NA,NA,NA,NA,NA,0,0,0,0,0,0,0,FALSE,"B2754",0,0,0,0,0,0,0,0,0,0,0,0,0,0,NA,NA,NA,NA,NA,NA,0,0,0,0,0,0
"245",1250,FALSE,2022-12-07 19:00:14,"D2697",NA,NA,NA,NA,NA,NA,NA,NA,NA,NA,NA,NA,NA,NA,NA,NA,NA,NA,NA,NA,NA,NA,NA,NA,NA,NA,NA,NA,NA,NA,NA,NA,NA,NA,NA,NA,NA,NA,NA,NA,NA,NA,NA,NA,NA,NA,NA,NA,NA,NA,NA,NA,NA,NA,NA,NA,NA,NA,NA,NA,NA,NA,NA,NA,NA,NA,NA,NA,NA,NA,NA,NA,NA,NA,NA,NA,NA,NA,0,0,0,0,0,0,0,FALSE,"D2697",0,0,0,0,0,0,0,0,0,0,0,0,0,0,NA,NA,NA,NA,NA,NA,0,0,0,0,0,0
"246",873,FALSE,2022-12-07 19:59:20,"B1146",4,7,1,4,4,4,6,7,4,7,1,7,1,1,4,7,7,7,1,15,5,3,14,4,8,2,18,7,17,6,16,13,9,11,10,12,NA,2,7,2,2,4,1,2,1,1,3,NA,NA,NA,NA,NA,NA,NA,NA,NA,NA,5,11,5,10,1,8,9,7,2,6,3,4,12,NA,NA,NA,NA,NA,NA,NA,NA,5,5,36,0,12,0,58,TRUE,"B1146",0,0,0,1,0,0,0,0,1,1,0,0,1,2,1,4,4,1,1,4,26,21,28,12,14,101
"247",167100,FALSE,2022-12-09 14:00:24,"E1775",7,7,1,1,5,4,4,4,1,4,1,4,1,1,5,2,5,4,14,17,8,10,13,1,9,11,3,12,6,4,16,15,2,5,7,18,2,2,7,2,2,2,2,4,2,2,3,2,NA,NA,NA,NA,NA,NA,NA,NA,NA,7,2,5,9,12,7,3,8,4,6,10,1,11,NA,NA,NA,NA,NA,NA,NA,NA,6,6,36,0,12,0,60,TRUE,"E1775",1,0,0,1,0,0,0,0,0,0,0,0,2,0,1,1,1,1,1,5,33,19,22,6,9,89
