UID,Source,Consent,Assent,Condition,CounterBalance,Age,Sex,Ethnicity,Gaming,Physics,Pre_Form,Pre_Dur,Pre_Near,Pre_Far,Pre_Total,Post_Form,Post_Dur,Post_Near,Post_Far,Post_Total,Gain,Gain_Near,Gain_Far,Enjoy,Competence,Effort,Frustation,Value,pre_NQ1_ect.lever,pre_NQ2_ect.lever,pre_NQ3_ect.pendulum,pre_NQ4_ect.pendulum,pre_NQ5_ect.ramp,pre_NQ6_ect.ramp,pre_NQ7_ect.springboard,pre_NQ8_ect.springboard,pre_NQ9_pot.lever.distance,pre_NQ10_pot.lever.distance,pre_NQ11_pot.lever.mass,pre_NQ12_pot.lever.mass,pre_NQ13_pot.springboard,pre_NQ14_pot.springboard,pre_FQ1_ect.lever,pre_FQ2_ect.lever,pre_FQ3_ect.pendulum,pre_FQ4_ect.pendulum,pre_FQ5_ect.ramp,pre_FQ6_ect.ramp,pre_FQ7_ect.springboard,pre_FQ8_ect.springboard,pre_FQ9_pot.lever.distance,pre_FQ10_pot.lever.distance,pre_FQ11_pot.lever.mass,pre_FQ12_pot.lever.mass,pre_FQ13_pot.springboard,pre_FQ14_pot.springboard,post_NQ1_ect.lever,post_NQ2_ect.lever,post_NQ3_ect.pendulum,post_NQ4_ect.pendulum,post_NQ5_ect.ramp,post_NQ6_ect.ramp,post_NQ7_ect.springboard,post_NQ8_ect.springboard,post_NQ9_pot.lever.distance,post_NQ10_pot.lever.distance,post_NQ11_pot.lever.mass,post_NQ12_pot.lever.mass,post_NQ13_pot.springboard,post_NQ14_pot.springboard,post_FQ1_ect.lever,post_FQ2_ect.lever,post_FQ3_ect.pendulum,post_FQ4_ect.pendulum,post_FQ5_ect.ramp,post_FQ6_ect.ramp,post_FQ7_ect.springboard,post_FQ8_ect.springboard,post_FQ9_pot.lever.distance,post_FQ10_pot.lever.distance,post_FQ11_pot.lever.mass,post_FQ12_pot.lever.mass,post_FQ13_pot.springboard,post_FQ14_pot.springboard,n_levels_visited,mean_level_duration,n_gold,n_silver,n_unsolved,n_revisits,mean_money_earned,n_ls_viewed,mean_PA_duration,n_PA_spgbrd,n_PA_lever,n_PA_ramp,n_PA_pendulum,n_hints,n_game_tools,n_ramps_drawn,n_levers_drawn,n_spgbrd_drawn,n_pendulum_drawn,n_weights_drawn,n_freeform_drawn,n_pins_drawn,PA_ECT_ramp_sum,PA_ECT_pen_sum,PA_ECT_sp_sum,PA_ECT_lever_sum,PA_POT_sp_sum,PA_POT_lever_distance_sum,PA_POT_lever_mass_sum,SevenPVs,PVs_total,n_coins,coin_score,n_pa,n_otherSupports,solutionRate,LackOfFrustation,Cohort,uid.x,n_unique_level_attempts,level_duration_trim_sum_min,level_duration_trim_mn,level_badge_number,level_agents_count,focal_agent_drawn_bin_mn,nextLevelSuccess,agentUsedNextLevel,uid.y,sucsess_rate,Pre_Missing,Post_Missing,Game_Missing,Survey_Missing,coinsByunsolved
001p1t1,Summer Camp,1,1,Before,T1,NA,NA,NA,NA,NA,A,16.23,11,12,23,B,12.38,12,9,21,-2,1,-3,6.2,4.5,5.5,4.33,6,1,1,0,1,1,0,1,1,1,0,1,1,1,1,1,1,1,0,1,1,1,1,0,1,1,1,1,1,0,1,1,1,1,1,1,1,1,1,0,1,1,1,1,1,0,0,1,0,1,1,1,1,1,0,0,1,31,258.8387097,12,13,6,6,11.93548387,25,75.33333333,4,8,2,2,8,1,116,11,46,44,23,534,358,2,2,2,2,2,3,3,1,16,25,37,16,9,0.806451612903226,4.33,Summer Camp,001p1t1,25,133.733333333333,258.838709677419,2,1.54838709677419,0.580645161290323,1.26666666666667,0.777777777777778,001p1t1,37,0,0,0,0,4.16666666666667
002p1t2,Summer Camp,1,1,Before,T2,NA,NA,NA,NA,NA,A,11.13,9,9,18,B,10.55,14,8,22,4,5,-1,4.8,5.5,4.5,2,2.5,0,1,1,1,1,0,0,1,1,1,0,1,1,0,0,1,1,0,1,1,0,1,0,1,1,0,1,1,1,1,1,1,1,1,1,1,1,1,1,1,1,1,1,1,0,0,0,1,0,1,1,1,1,0,0,1,56,305.8214286,22,18,16,28,11.07142857,28,71.36,9,12,2,3,1,1,182,4,29,44,9,862,728,2,3,4,4,5,4,4,1,26,40,62,26,2,0.714285714285714,2,Summer Camp,002p1t2,28,256.75,275.089285714286,2,1.07142857142857,0.267857142857143,1.07407407407407,0.888888888888889,002p1t2,62,0,0,0,0,2.5
003p1t1,Summer Camp,1,1,Before,T1,NA,NA,NA,NA,NA,B,6.5,13,9,22,A,9.77,12,11,23,1,-1,2,7,7,7,5,6.5,1,1,1,1,1,1,1,1,1,0,1,1,1,1,1,1,0,0,1,0,1,0,1,1,1,1,0,1,1,1,1,1,1,0,1,1,1,1,0,1,1,1,1,1,1,0,1,0,1,1,0,1,1,1,1,1,50,422.66,28,6,16,22,12.4,38,58.04166667,6,9,4,5,6,8,157,10,62,105,25,452,405,4,5,3,4,3,2,3,1,24,34,62,24,14,0.68,5,Summer Camp,003p1t1,28,313.916666666667,376.7,2,1.36,0.56,1.47826086956522,0.615384615384615,003p1t1,62,0,0,0,0,2.125
005p1t1,Summer Camp,1,1,Before,T1,13,Female,Asian,Never,Yes,B,209.62,13,8,21,A,15.13,11,13,24,3,-2,5,5,3,4.5,1.67,4,1,1,1,1,1,1,1,1,1,0,1,1,1,1,1,1,0,1,1,0,1,0,1,1,0,1,0,0,1,1,1,1,0,0,1,1,1,1,0,1,1,1,1,1,1,1,1,1,1,1,1,1,0,1,1,1,27,298.8518519,13,6,8,2,11.85185185,23,58.5,4,6,2,2,6,3,153,14,39,95,26,612,502,2,2,2,2,2,2,2,1,14,19,32,14,9,0.703703703703704,1.67,Summer Camp,005p1t1,25,134.483333333333,298.851851851852,2,1.85185185185185,0.666666666666667,1.14285714285714,0.7,005p1t1,32,0,0,0,0,2.375
006p1t2,Summer Camp,1,1,Before,T2,12,Female,Mixed,Once a week,Yes,B,14.05,11,8,19,A,16.53,11,9,20,1,0,1,6.8,5.75,7,4.33,6.5,0,1,1,1,1,1,1,1,0,1,0,1,1,1,1,1,0,0,1,0,1,0,1,0,1,1,0,1,1,1,1,1,1,0,0,1,1,1,0,1,1,1,1,1,1,0,1,0,1,0,1,0,1,0,1,1,18,2036.555556,7,4,7,8,10,14,51.33333333,1,3,2,0,8,0,80,10,81,105,46,541,514,2,0,1,1,0,1,1,0,6,11,18,6,8,0.611111111111111,4.33,Summer Camp,006p1t2,10,213.166666666667,710.555555555556,2,1.72222222222222,0.611111111111111,1,0.5,006p1t2,18,0,0,0,0,1.57142857142857
007p1t1,Summer Camp,1,1,Before,T1,16,Female,White,Once a week,Yes,A,14.05,7,8,15,B,14.58,14,7,21,6,7,-1,5.6,5,6,2,6.5,0,1,0,1,1,0,0,0,1,1,0,1,0,1,0,1,0,0,1,0,1,1,0,1,1,1,1,0,1,1,1,1,1,1,1,1,1,1,1,1,1,1,1,1,0,0,1,0,1,1,0,1,0,1,0,0,35,307.8285714,7,10,18,9,6.857142857,35,79.4,3,10,2,2,15,3,145,20,27,66,19,568,333,2,2,2,3,1,3,4,1,17,17,24,17,18,0.485714285714286,2,Summer Camp,007p1t1,26,174.083333333333,298.428571428571,2,1.34285714285714,0.514285714285714,0.888888888888889,0.8,007p1t1,24,0,0,0,0,0.944444444444444
008p1t2,Summer Camp,1,1,Before,T2,16,Male,Black or African American,Everyday,Yes,A,55.43,3,3,6,B,29.58,5,3,8,2,2,0,4.4,3.5,4.5,3.33,3,0,0,0,0,0,0,0,1,0,0,0,1,1,0,0,1,0,0,0,0,0,0,1,0,0,0,1,0,0,0,0,0,0,1,0,0,1,1,0,1,1,0,0,1,0,0,0,0,1,0,0,0,1,0,0,0,13,327.1538462,2,0,11,1,3.076923077,7,148.5,2,3,1,0,1,0,23,3,0,59,0,133,98,1,0,1,1,1,0,2,0,6,2,4,6,1,0.153846153846154,3.33,Summer Camp,008p1t2,12,70.8833333333333,327.153846153846,2,0.769230769230769,0.461538461538462,0,1,008p1t2,4,0,0,0,0,0.181818181818182
009p1t1,Summer Camp,1,1,Before,T1,12,Male,Black or African American,Everyday,Yes,A,28.62,10,8,18,B,13.52,12,10,22,4,2,2,6.4,4,6,5.33,4,1,0,1,1,0,0,1,1,1,1,1,1,0,1,0,1,1,0,1,0,0,1,0,1,1,0,1,1,1,1,1,1,0,1,1,1,1,0,1,1,1,1,1,1,0,0,1,0,1,1,1,1,1,1,0,1,26,315.4615385,12,6,8,10,11.53846154,43,63.2,4,5,4,2,21,7,209,17,22,80,6,533,474,4,2,1,2,3,2,1,1,15,18,30,15,28,0.692307692307692,5.33,Summer Camp,009p1t1,16,136.7,315.461538461538,2,1.53846153846154,0.615384615384615,1,0.8,009p1t1,30,0,0,0,0,2.25
011p1t1,Summer Camp,1,1,Before,T1,14,Male,White,Everyday,Yes,B,5.88,1,3,4,A,21.2,5,9,14,10,4,6,6.8,4,7,4,7,0,0,1,0,0,0,0,0,0,0,0,0,0,0,1,1,0,0,0,1,0,0,0,0,0,0,0,0,0,0,1,0,0,0,0,1,0,1,0,1,1,0,1,0,0,1,1,1,0,0,1,1,1,1,0,1,29,287.5517241,5,3,21,11,4.482758621,23,82.125,2,13,0,1,3,4,40,17,0,59,0,380,167,0,1,1,4,1,5,4,1,16,8,13,16,7,0.275862068965517,4,Summer Camp,011p1t1,18,138.983333333333,287.551724137931,2,0.793103448275862,0.310344827586207,0.533333333333333,1,011p1t1,13,0,0,0,0,0.380952380952381
013p1t1,Summer Camp,1,1,Before,T1,17,Male,Black or African American,Everyday,Yes,A,25.97,10,10,20,B,20.97,7,10,17,-3,-3,0,5.6,2.5,3.75,4,7,1,1,0,0,1,0,0,1,1,1,1,1,1,1,0,1,1,0,1,0,1,1,1,1,1,0,1,1,0,1,1,0,1,0,1,0,0,1,0,0,1,1,1,1,0,0,1,0,1,1,1,1,1,1,0,1,32,804.625,9,2,21,20,6.25,22,60.875,6,3,7,1,4,1,179,11,29,74,8,348,440,7,1,0,2,6,1,0,0,17,11,20,17,5,0.34375,4,Summer Camp,013p1t1,12,342.116666666667,641.46875,2,1.09375,0.53125,0.833333333333333,0.625,013p1t1,20,0,0,0,0,0.523809523809524
014p1t2,Summer Camp,1,1,Before,T2,14,Male,Hispanic,Everyday,Yes,A,49.75,7,11,18,B,24.12,13,9,22,4,6,-2,7,6.25,7,3,7,0,1,1,1,1,0,0,1,1,0,0,1,0,0,0,1,1,0,1,0,1,1,1,1,1,1,1,1,1,1,1,1,1,1,1,1,1,0,1,1,1,1,1,1,0,0,1,0,1,1,0,1,1,1,0,1,36,283.75,13,8,15,8,9.444444444,28,73.88235294,6,7,2,2,9,2,99,15,48,92,31,482,404,2,2,2,2,4,2,3,1,17,21,34,17,11,0.583333333333333,3,Summer Camp,014p1t2,28,159.6,266,2,1.47222222222222,0.5,0.875,0.444444444444444,014p1t2,34,0,0,0,0,1.4
015p1t1,Summer Camp,1,1,Before,T1,17,Female,Hispanic,Once a week,Yes,A,17.9,6,7,13,B,26.67,11,8,19,6,5,1,7,4.75,7,4.33,7,0,0,1,1,1,0,0,0,1,0,0,1,0,1,1,1,0,0,1,0,0,1,0,1,0,1,0,1,1,1,1,1,1,0,1,0,1,1,0,1,1,1,1,1,0,0,1,0,1,1,0,1,1,1,0,0,16,1560.4375,1,4,11,7,3.75,18,61,1,2,1,1,8,5,129,10,6,53,3,845,251,1,1,0,1,1,1,0,0,5,5,6,5,13,0.3125,4.33,Summer Camp,015p1t1,9,199.966666666667,749.875,2,1.375,0.375,0.833333333333333,0.6,015p1t1,6,0,0,0,0,0.454545454545455
017p1t1,Summer Camp,1,1,Before,T1,14,Male,Mixed,Everyday,Yes,A,17.8,10,8,18,B,12.1,12,7,19,1,2,-1,4.8,3.75,3.75,3.67,3.5,0,1,1,1,0,0,1,1,1,0,1,1,1,1,0,0,0,0,1,1,1,1,1,0,1,0,1,1,0,1,1,1,1,1,1,1,1,0,1,1,1,1,0,1,0,0,1,0,1,1,0,0,1,1,0,1,38,317.4210526,12,16,10,10,10.52631579,56,39.95238095,8,6,4,3,33,2,172,29,50,74,11,729,404,4,3,2,2,6,2,2,1,21,28,40,21,35,0.736842105263158,3.67,Summer Camp,017p1t1,28,201.033333333333,317.421052631579,2,1.73684210526316,0.657894736842105,1.1,0.533333333333333,017p1t1,40,0,0,0,0,2.8
019p1t1,Summer Camp,1,1,Before,T1,16,Female,White,Never,Yes,A,25.78,8,10,18,B,17.32,10,6,16,-2,2,-4,4.6,2.5,4.25,4,3.5,1,1,0,0,0,0,1,0,1,1,1,1,0,1,1,1,1,0,1,1,0,1,0,1,1,0,1,1,0,1,1,0,1,1,1,1,1,0,0,1,1,1,1,1,0,0,0,0,1,1,0,1,0,0,0,1,31,323.7096774,6,11,14,8,7.419354839,27,83,5,8,2,3,9,0,137,14,28,90,13,673,545,2,3,3,2,2,3,3,1,18,17,23,18,9,0.548387096774194,4,Summer Camp,019p1t1,23,155.366666666667,300.709677419355,2,1.58064516129032,0.419354838709677,0.611111111111111,0.6,019p1t1,23,0,0,0,0,1.21428571428571
023p1t1,Summer Camp,1,1,Before,T1,16,NA,Black or African American,Once a week,Yes,B,19.63,7,5,12,A,14.7,13,11,24,12,6,6,4.8,3.75,5,4.33,4,1,1,0,1,0,0,0,0,0,0,1,1,1,1,0,1,0,0,0,0,1,0,0,1,1,1,0,0,1,1,1,1,1,1,1,1,1,1,0,1,1,1,1,1,0,0,1,0,1,1,1,1,1,1,1,1,56,381.9285714,16,12,28,28,7.857142857,49,40.92592593,9,6,7,5,14,8,115,24,58,93,43,592,288,7,5,2,2,7,2,2,1,27,28,44,27,22,0.5,4.33,Summer Camp,023p1t1,28,321.683333333333,344.660714285714,2,1.41071428571429,0.625,0.703703703703704,0.789473684210526,023p1t1,44,0,0,0,0,1
031p2t1,Summer Camp,1,1,After,T1,NA,NA,NA,NA,NA,B,18.97,10,6,16,A,11.25,11,10,21,5,1,4,5.6,5.25,5.5,6,5,0,1,1,1,1,1,1,0,1,0,1,1,0,1,1,1,0,0,1,0,1,0,0,0,1,0,0,1,1,1,0,1,1,0,1,1,1,1,0,1,1,1,0,1,1,0,1,0,1,1,1,1,1,0,1,1,43,123.8604651,12,6,25,15,6.976744186,27,68.05263158,7,8,2,2,8,0,134,3,22,29,9,408,306,2,2,4,3,3,2,3,1,19,18,30,19,8,0.418604651162791,6,Summer Camp,031p2t1,28,88.7666666666667,123.860465116279,2,1,0.348837209302326,0.947368421052632,0.846153846153846,031p2t1,30,0,0,0,0,0.72
032p2t2,Summer Camp,1,1,After,T2,NA,NA,NA,NA,NA,B,7.92,9,8,17,A,7.65,7,5,12,-5,-2,-3,5,3.5,5.75,1,3,0,1,1,0,1,1,1,0,1,0,0,1,1,1,1,1,0,0,0,0,1,0,1,1,1,1,0,1,1,1,0,1,1,0,0,0,1,0,0,1,1,0,1,1,0,0,1,0,1,0,0,0,1,0,0,0,35,372.7714286,5,7,23,14,4.857142857,25,101.2727273,5,5,1,2,11,1,115,35,30,92,16,625,449,1,2,3,2,2,1,2,1,13,12,17,13,12,0.342857142857143,1,Summer Camp,032p2t2,21,217.45,372.771428571429,2,1.6,0.485714285714286,0.5,0.375,032p2t2,17,0,0,0,0,0.521739130434783
033p2t1,Summer Camp,1,1,After,T1,NA,NA,NA,NA,NA,A,13.67,10,12,22,B,12.68,14,11,25,3,4,-1,5.2,6,5,2.33,3.5,0,1,1,1,1,0,1,1,1,1,0,1,0,1,1,1,0,1,1,1,1,1,0,1,1,1,1,1,1,1,1,1,1,1,1,1,1,1,1,1,1,1,1,1,0,1,1,1,1,1,1,1,1,0,0,1,51,287.4117647,18,3,30,23,7.647058824,45,51.14814815,8,9,3,9,15,1,98,16,39,52,19,559,384,3,9,3,3,5,2,4,1,29,21,39,29,16,0.411764705882353,2.33,Summer Camp,033p2t1,28,198.183333333333,233.156862745098,2,1.09803921568627,0.411764705882353,0.928571428571429,0.857142857142857,033p2t1,39,0,0,0,0,0.7
036p2t2,Summer Camp,1,1,After,T2,NA,NA,NA,NA,NA,B,27.73,11,7,18,A,27.07,12,10,22,4,1,3,6.2,5,6,4,4.5,1,1,1,1,0,1,1,0,0,1,1,1,1,1,0,1,0,0,1,0,1,0,0,1,1,1,0,1,1,1,1,1,0,1,1,1,1,1,0,1,1,1,0,1,1,0,1,0,1,1,1,1,1,0,1,1,39,161.2820513,9,8,22,11,6.666666667,19,39.05555556,6,8,3,2,0,0,155,35,37,19,19,743,515,3,2,4,3,2,3,2,1,19,17,26,19,0,0.435897435897436,4,Summer Camp,036p2t2,28,104.833333333333,161.282051282051,2,1.35897435897436,0.538461538461538,0.526315789473684,0.6,036p2t2,26,0,0,0,0,0.772727272727273
037p2t1,Summer Camp,1,1,After,T1,13,Male,Black or African American,Everyday,NA,A,21.87,11,12,23,B,22.78,13,11,24,1,2,-1,6.2,5,5,6.33,5,1,1,1,1,0,0,0,1,1,1,1,1,1,1,1,1,1,0,1,1,0,1,1,1,1,1,1,1,1,1,1,1,1,1,1,1,1,1,1,1,0,1,1,1,0,1,1,0,1,1,1,1,1,1,0,1,7,185.5714286,2,0,5,0,5.714285714,4,140.6666667,1,2,0,1,0,0,22,8,2,60,2,117,41,0,1,0,1,1,1,0,0,4,2,4,4,0,0.285714285714286,6.33,Summer Camp,037p2t1,7,21.65,185.571428571429,2,1.71428571428571,0.571428571428571,0.666666666666667,0.5,037p2t1,4,0,0,0,0,0.4
042p2t2,Summer Camp,1,1,After,T2,15,Male,Mixed,Everyday,Yes,B,16.03,12,10,22,A,21.38,11,8,19,-3,-1,-2,7,7,6.25,7,7,1,1,0,1,1,1,1,0,1,1,1,1,1,1,1,1,0,0,1,1,1,0,1,1,1,1,0,1,1,1,1,1,1,1,1,1,1,1,0,1,0,0,1,1,0,0,1,0,0,1,1,0,1,0,1,1,61,4707.754098,15,4,42,33,5.573770492,31,55.07692308,12,10,3,3,1,2,271,111,26,42,25,1124,210,3,3,8,2,4,4,4,1,28,19,34,28,3,0.311475409836066,7,Summer Camp,042p2t2,28,805.033333333333,791.83606557377,2,1.34426229508197,0.377049180327869,0.703703703703704,0.75,042p2t2,34,0,0,0,0,0.452380952380952
043p2t1,Summer Camp,1,1,After,T1,15,Female,Black or African American,Everyday,Yes,B,29.48,10,7,17,A,28.53,7,12,19,2,-3,5,4.6,5,6.25,2.67,6,0,1,1,1,1,0,1,0,1,0,1,1,1,1,0,1,0,0,1,0,1,0,1,1,1,1,0,0,1,0,0,0,0,0,1,1,1,1,0,0,1,1,1,1,0,0,1,1,1,1,1,1,1,1,1,1,49,186.5714286,8,4,37,21,4.081632653,49,56.30434783,5,11,5,3,13,12,190,20,61,69,39,608,377,5,3,3,5,2,3,3,1,24,12,20,24,25,0.244897959183673,2.67,Summer Camp,043p2t1,28,152.366666666667,186.571428571429,2,1.16326530612245,0.448979591836735,0.52,0.6875,043p2t1,20,0,0,0,0,0.324324324324324
044p2t2,Summer Camp,1,1,After,T2,14,Male,Hispanic,Everyday,Yes,B,30.4,11,8,19,A,26.32,12,10,22,3,1,2,6.4,5.5,7,2.67,5.5,0,1,1,1,1,0,1,1,1,1,1,1,1,0,1,1,0,0,1,0,0,0,1,1,1,1,0,1,1,1,1,1,1,0,1,1,1,1,0,1,1,1,1,1,1,1,1,0,1,1,0,0,1,0,1,1,21,391.4761905,6,2,13,7,6.666666667,26,62,2,3,1,1,8,11,235,16,60,30,44,592,257,1,1,1,1,1,1,1,1,7,8,14,7,19,0.380952380952381,2.67,Summer Camp,044p2t2,14,137.016666666667,391.47619047619,2,1.71428571428571,0.476190476190476,0.333333333333333,0.75,044p2t2,14,0,0,0,0,0.615384615384615
045p2t1,Summer Camp,1,1,After,T1,16,Male,Asian,Everyday,Yes,A,29.85,7,3,10,B,18.67,11,7,18,8,4,4,3.2,3,3.5,6,4,0,1,0,1,0,1,0,1,1,1,1,0,0,0,0,1,0,0,1,0,0,0,0,0,1,0,0,0,1,1,1,0,0,1,1,0,1,1,1,1,1,1,1,1,0,0,0,0,1,1,0,1,1,0,0,1,30,289.5333333,4,6,20,8,4.666666667,23,94.35714286,4,7,1,2,5,4,84,74,35,31,24,509,135,1,2,1,4,3,2,1,1,14,10,14,14,9,0.333333333333333,6,Summer Camp,045p2t1,22,144.766666666667,289.533333333333,2,1.6,0.5,0.466666666666667,0.666666666666667,045p2t1,14,0,0,0,0,0.5
046p2t2,Summer Camp,1,1,After,T2,15,Male,Black or African American,Everyday,Yes,A,11.75,4,4,8,B,15.83,8,2,10,2,4,-2,4.8,3.25,5,2,2.5,1,0,0,0,0,1,0,0,0,0,0,1,0,1,0,1,0,0,0,0,0,1,1,0,0,1,0,0,1,1,0,0,0,1,1,1,1,0,0,1,1,0,0,1,0,0,0,0,0,0,0,0,0,1,0,0,14,587.2142857,3,0,11,3,4.285714286,17,292.4,1,3,1,1,10,1,85,11,12,120,4,297,226,1,1,1,1,0,1,1,0,6,3,6,6,11,0.214285714285714,2,Summer Camp,046p2t2,11,137.016666666667,587.214285714286,2,1.71428571428571,0.642857142857143,0,0.666666666666667,046p2t2,6,0,0,0,0,0.272727272727273
054p2t2,Summer Camp,1,1,After,T2,14,Male,Asian,3 to 4 times a week,Yes,B,21.92,10,5,15,A,9.13,12,11,23,8,2,6,6.2,6,6.5,4,7,1,1,1,1,0,1,0,1,1,0,0,1,1,1,1,1,0,1,0,0,0,0,0,1,0,0,0,1,1,1,1,1,1,0,1,1,1,1,0,1,1,1,1,1,0,1,1,0,1,1,1,1,1,0,1,1,19,394.7894737,3,6,10,1,6.315789474,11,130.125,2,4,1,2,1,1,198,9,63,92,30,466,337,1,2,1,2,1,1,1,1,9,9,12,9,2,0.473684210526316,4,Summer Camp,054p2t2,18,115.516666666667,364.789473684211,2,2.26315789473684,0.631578947368421,0.625,0.6,054p2t2,12,0,0,0,0,0.9
055p2t1,Summer Camp,1,1,After,T1,16,Female,White,3 to 4 times a week,Yes,B,22.25,9,5,14,A,19.55,6,6,12,-2,-3,1,7,6.5,7,5,7,1,1,1,0,1,0,1,0,1,0,1,1,1,0,1,1,0,0,1,0,0,0,0,1,0,1,0,0,1,1,0,0,1,0,0,1,1,0,0,1,0,0,1,1,1,0,1,0,0,1,1,0,0,0,0,0,27,318.1481481,3,0,24,9,2.222222222,38,109.3333333,3,6,6,2,17,4,127,10,5,120,5,417,400,6,2,0,3,3,1,2,0,17,3,6,17,21,0.111111111111111,5,Summer Camp,055p2t1,18,143.166666666667,318.148148148148,2,1.25925925925926,0.444444444444444,0.222222222222222,0.7,055p2t1,6,0,0,0,0,0.125
067p3t0,Summer Camp,1,1,Control,Control,16,Female,White,Once a month or less,Yes,A,11.02,11,11,22,B,9.33,12,10,22,0,1,-1,5.2,2.25,5.75,1,2,1,1,1,1,1,0,1,1,1,1,0,1,1,0,1,1,1,0,1,1,1,1,0,1,1,0,1,1,1,1,1,1,0,1,1,1,1,1,0,1,1,1,1,1,0,0,1,0,1,1,1,1,1,1,0,1,17,471.4705882,3,5,9,2,6.470588235,10,NA,0,0,0,0,10,0,132,18,13,45,5,287,255,0,0,0,0,0,0,0,0,0,8,11,0,10,0.470588235294118,1,Summer Camp,067p3t0,15,129.45,456.882352941176,2,1.76470588235294,0.470588235294118,NA,NA,067p3t0,11,0,0,0,0,0.888888888888889
069p3t0,Summer Camp,1,1,Control,Control,15,Female,Asian,Never,Yes,B,40.62,13,6,19,A,12.88,11,10,21,2,-2,4,4.8,4.75,5,4,5,1,1,1,1,1,1,1,1,1,1,1,0,1,1,1,1,0,0,1,0,1,0,0,1,0,1,0,0,1,1,0,1,1,0,1,1,1,1,0,1,1,1,0,1,1,0,1,1,1,1,1,1,1,0,1,0,47,362.7446809,14,9,24,19,7.872340426,14,NA,0,0,0,0,7,7,181,29,75,95,31,560,357,0,0,0,0,0,0,0,0,0,23,37,0,14,0.48936170212766,4,Summer Camp,069p3t0,28,240.216666666667,306.659574468085,2,1.63829787234043,0.680851063829787,NA,NA,069p3t0,37,0,0,0,0,0.958333333333333
070p3t0,Summer Camp,1,1,Control,Control,13,Female,White,Never,Yes,B,24.82,9,6,15,A,22.6,6,1,7,-8,-3,-5,4,1.25,6.75,2,4.5,0,1,0,1,0,1,1,0,1,1,1,1,0,1,1,1,0,1,0,0,0,0,0,1,1,0,0,1,1,1,1,1,1,0,0,0,1,0,0,0,0,0,0,0,0,0,0,0,1,0,0,0,0,0,0,0,28,140.6071429,3,2,23,15,2.857142857,0,NA,0,0,0,0,0,0,32,15,0,41,0,206,141,0,0,0,0,0,0,0,0,0,5,8,0,0,0.178571428571429,2,Summer Camp,070p3t0,13,65.6166666666667,140.607142857143,2,1.07142857142857,0.464285714285714,NA,NA,070p3t0,8,0,0,0,0,0.217391304347826
074p3t0,Summer Camp,1,1,Control,Control,13,Male,Other,Everyday,NA,B,14.42,9,6,15,A,18.08,10,13,23,8,1,7,2.2,4.75,4,2,3,1,1,1,1,0,0,0,1,0,1,1,1,1,0,0,1,0,0,0,0,1,0,1,1,0,1,0,1,1,1,1,0,0,0,1,1,1,1,0,1,1,1,1,1,1,1,1,0,1,1,1,1,1,1,1,1,48,237.5,17,11,20,20,9.375,21,NA,0,0,0,0,20,1,165,32,32,41,22,609,212,0,0,0,0,0,0,0,0,0,28,45,0,21,0.583333333333333,2,Summer Camp,074p3t0,28,189.45,236.8125,2,1.5,0.5625,NA,NA,074p3t0,45,0,0,0,0,1.4
076p3t0,Summer Camp,1,1,Control,Control,14,Male,Hispanic,Everyday,NA,B,25.75,8,6,14,A,20.02,13,9,22,8,5,3,7,5.25,6.5,3.33,6.5,0,1,0,1,1,1,0,0,0,1,1,1,0,1,0,0,0,1,1,0,1,0,0,0,1,1,0,1,1,1,1,1,1,1,1,1,1,1,0,1,1,1,0,1,1,0,1,0,1,0,1,0,1,1,1,1,48,340.4166667,16,6,26,21,7.916666667,53,NA,0,0,0,0,40,13,142,15,18,135,11,475,588,0,0,0,0,0,0,0,0,0,22,38,0,53,0.458333333333333,3.33,Summer Camp,076p3t0,27,272.333333333333,340.416666666667,2,1.3125,0.416666666666667,NA,NA,076p3t0,38,0,0,0,0,0.846153846153846
077p3t0,Summer Camp,1,1,Control,Control,13,Female,Asian,Once a week,Yes,B,41.52,9,4,13,A,37.77,9,7,16,3,0,3,6.2,4,7,1.33,5.5,1,0,1,0,1,1,0,0,1,1,1,0,1,1,0,1,0,0,1,1,0,0,0,0,1,0,0,0,0,1,0,1,1,1,1,1,1,0,0,1,0,1,0,1,0,0,1,0,1,1,1,0,0,0,1,1,32,227.21875,6,14,12,4,8.125,23,NA,0,0,0,0,21,2,159,90,8,57,16,934,278,0,0,0,0,0,0,0,0,0,20,26,0,23,0.625,1.33,Summer Camp,077p3t0,28,121.183333333333,227.21875,2,1.90625,0.5625,NA,NA,077p3t0,26,0,0,0,0,1.66666666666667
078p3t0,Summer Camp,1,1,Control,Control,14,Female,Hispanic,3 to 4 times a week,Yes,A,25.77,4,6,10,B,23.37,9,6,15,5,5,0,6.8,4,5.5,4.33,6.5,0,0,0,0,0,1,0,0,0,1,1,1,0,0,0,1,0,0,1,1,0,1,0,1,0,1,0,0,0,1,1,1,0,1,1,0,0,1,1,1,1,0,1,0,0,0,1,0,1,1,0,1,0,0,0,1,21,489.3333333,4,7,10,7,7.142857143,32,NA,0,0,0,0,19,13,152,23,37,62,14,567,516,0,0,0,0,0,0,0,0,0,11,15,0,32,0.523809523809524,4.33,Summer Camp,078p3t0,14,168.083333333333,480.238095238095,2,2,0.714285714285714,NA,NA,078p3t0,15,0,0,0,0,1.1
082p3t0,Summer Camp,1,1,Control,Control,14,Female,Asian,Once a month or less,Yes,B,18.93,11,7,18,A,18.33,9,11,20,2,-2,4,6.8,5.5,6.5,3.33,5,0,1,1,1,1,1,1,1,1,1,1,0,1,0,1,1,0,0,1,1,1,0,1,0,0,1,0,0,1,1,1,1,1,0,1,1,1,1,0,0,0,0,1,1,1,0,1,0,1,1,1,0,1,1,1,1,49,220.244898,16,15,18,29,9.591836735,53,NA,0,0,0,0,38,15,188,6,37,124,26,748,571,0,0,0,0,0,0,0,0,0,31,47,0,53,0.63265306122449,3.33,Summer Camp,082p3t0,20,179.866666666667,220.244897959184,2,1.18367346938776,0.326530612244898,NA,NA,082p3t0,47,0,0,0,0,1.72222222222222
083p3t0,Summer Camp,1,1,Control,Control,15,Male,White,Everyday,Yes,A,19.65,11,9,20,B,11.23,12,8,20,0,1,-1,4,4.75,6.25,1,2.5,1,0,1,1,0,1,1,1,1,1,0,1,1,1,0,0,0,0,1,1,1,1,1,1,1,0,1,1,0,1,1,1,1,1,1,1,1,1,0,1,1,1,1,1,0,1,1,0,0,1,0,1,1,0,0,1,34,264.9705882,3,18,13,6,7.058823529,20,NA,0,0,0,0,16,4,231,85,93,96,24,1095,515,0,0,0,0,0,0,0,0,0,21,24,0,20,0.617647058823529,1,Summer Camp,083p3t0,28,150.15,264.970588235294,2,2.20588235294118,0.735294117647059,NA,NA,083p3t0,24,0,0,0,0,1.61538461538462
085p3t0,Summer Camp,1,1,Control,Control,16,Male,White,Everyday,NA,B,22.02,11,6,17,A,22.3,11,11,22,5,0,5,4.2,4.25,6,3,3.5,0,1,1,1,1,1,1,0,1,1,1,0,1,1,0,1,0,0,1,0,1,0,0,1,0,1,0,1,1,0,1,1,1,0,1,1,1,1,0,1,1,1,1,1,1,0,1,1,1,1,0,1,1,0,1,1,44,329.0681818,19,10,15,16,10.90909091,44,NA,0,0,0,0,34,10,259,33,86,155,59,803,664,0,0,0,0,0,0,0,0,0,29,48,0,44,0.659090909090909,3,Summer Camp,085p3t0,28,220.8,301.090909090909,2,1.90909090909091,0.727272727272727,NA,NA,085p3t0,48,0,0,0,0,1.93333333333333
088p3t0,Summer Camp,1,1,Control,Control,14,Female,Asian,Once a week,Yes,B,22.93,11,9,20,A,18.82,11,9,20,0,0,0,6.2,4.5,5,3.33,4,1,1,1,0,1,1,1,1,1,0,1,1,0,1,1,1,0,0,1,1,1,0,0,1,1,1,0,1,1,1,1,1,1,0,1,1,1,1,0,1,1,0,1,0,1,0,1,0,0,1,0,1,1,1,1,1,16,703.25,5,7,4,3,10.625,22,NA,0,0,0,0,18,4,248,13,65,117,10,879,773,0,0,0,0,0,0,0,0,0,12,17,0,22,0.75,3.33,Summer Camp,088p3t0,13,132,495,2,2.0625,0.625,NA,NA,088p3t0,17,0,0,0,0,3
091p1t1,Summer Camp,1,1,Before,T1,15,Female,Asian,Once a month or less,Yes,A,27.08,6,9,15,B,22.85,8,8,16,1,2,-1,5.8,4.75,5.5,6,5,0,1,0,1,1,0,1,0,0,0,1,1,0,0,1,1,0,0,1,1,1,1,0,1,1,0,0,1,0,1,0,1,1,0,1,1,0,1,0,1,0,1,1,0,0,0,1,0,1,1,0,1,1,1,0,1,19,382.2631579,4,1,14,4,4.736842105,25,79.66666667,3,4,1,1,9,7,132,12,1,84,3,447,356,1,1,1,2,2,1,1,1,9,5,9,9,16,0.263157894736842,6,Summer Camp,091p1t1,15,121.05,382.263157894737,2,1.31578947368421,0.473684210526316,0.5,1,091p1t1,9,0,0,0,0,0.357142857142857
093p1t1,After School,1,1,Before,T1,13,Female,Asian,3 to 4 times a week,NA,A,20.72,11,8,19,B,12.12,13,8,21,2,2,0,5.6,3.5,6,3.33,5,0,1,0,1,1,0,1,1,1,1,1,1,1,1,0,1,1,0,1,0,1,1,0,1,0,0,1,1,1,1,1,1,1,1,1,1,1,0,1,1,1,1,1,1,0,0,1,1,0,1,0,1,0,1,0,1,19,497.8947368,7,1,11,12,7.894736842,24,134.5454545,3,6,0,3,9,3,51,11,6,112,5,308,144,0,3,0,2,3,4,0,0,12,8,15,12,12,0.421052631578947,3.33,After School,093p1t1,7,150.233333333333,474.421052631579,2,1.36842105263158,0.578947368421053,0.833333333333333,1,093p1t1,15,0,0,0,0,0.727272727272727
095p1t1,After School,1,1,Before,T1,16,Female,Black or African American,Never,Yes,A,22.63,6,6,12,B,23.53,6,5,11,-1,0,-1,4.8,2.25,5.75,1,4.5,0,1,0,0,1,0,0,0,1,0,1,0,1,1,1,1,0,0,1,0,0,1,1,1,0,0,0,0,0,1,0,0,1,0,1,0,1,0,1,1,0,0,0,1,0,0,1,0,0,1,0,1,0,0,0,1,10,322.4,2,1,7,4,5,15,126.25,0,4,0,1,2,8,70,7,12,26,6,255,180,0,1,0,3,0,1,0,0,5,3,5,5,10,0.3,1,After School,095p1t1,6,53.7333333333333,322.4,2,1.3,0.5,0.833333333333333,0.75,095p1t1,5,0,0,0,0,0.428571428571429
098p1t2,After School,1,1,Before,T2,13,Male,Black or African American,Everyday,Yes,A,21.48,6,9,15,B,23.72,12,5,17,2,6,-4,NA,3.25,4.25,2.67,3.5,1,1,1,0,1,0,0,0,0,1,0,1,0,0,1,1,1,1,1,0,0,1,0,1,0,1,0,1,0,1,1,1,1,1,1,1,1,0,1,1,1,1,0,1,0,0,1,0,1,1,0,1,0,0,0,0,8,406.375,2,3,3,2,8.75,6,88,2,1,1,0,1,1,29,2,2,49,0,267,336,1,0,2,0,0,0,1,0,4,5,7,4,2,0.625,2.67,After School,098p1t2,6,54.1833333333333,406.375,2,1.5,0.5,0.333333333333333,0.5,098p1t2,7,0,0,0,0,1.66666666666667
118p1t2,After School,1,1,Before,T2,13,Male,Asian,3 to 4 times a week,Yes,B,16.33,12,10,22,A,13.33,13,12,25,3,1,2,6.4,5.25,5.5,4,6,1,1,1,1,1,1,1,1,1,0,0,1,1,1,1,1,0,1,1,0,1,0,1,1,1,1,0,1,1,1,1,1,1,1,1,1,1,1,0,1,1,1,1,0,1,1,1,1,1,1,1,1,1,0,1,1,34,255.7647059,6,23,5,6,10.29411765,17,30.29411765,7,6,2,2,0,0,196,43,80,44,39,664,304,2,2,4,2,3,2,2,1,17,29,35,17,0,0.852941176470588,4,After School,118p1t2,28,144.933333333333,255.764705882353,2,1.91176470588235,0.676470588235294,0.941176470588235,0.727272727272727,118p1t2,35,0,0,0,0,5.8
124p2t2,After School,1,1,After,T2,14,Female,Mixed,Once a month or less,Yes,A,23.58,8,11,19,B,22.55,11,7,18,-1,3,-4,6.6,4.25,4.75,3.67,7,0,1,0,1,1,1,1,0,1,1,0,1,0,0,1,1,1,0,1,0,1,1,1,1,0,1,1,1,1,1,1,1,1,0,0,1,1,0,1,1,1,1,1,1,0,0,1,0,0,1,0,1,0,1,0,1,9,686.6666667,1,0,8,5,2.222222222,4,55,0,0,1,0,2,1,22,1,0,10,0,176,163,1,0,0,0,0,0,0,0,1,1,2,1,3,0.111111111111111,3.67,After School,124p2t2,4,100.833333333333,672.222222222222,2,0.666666666666667,0.111111111111111,0,1,124p2t2,2,0,0,0,0,0.125
125p2t1,After School,1,1,After,T1,15,Female,Mixed,Once a week,Yes,B,14.23,12,8,20,B,16.05,14,10,24,4,2,2,7,3,7,3.67,7,1,1,1,1,1,1,0,1,1,1,1,1,0,1,1,1,0,0,1,0,1,0,0,1,1,1,0,1,1,1,1,1,1,1,1,1,1,1,1,1,1,1,1,1,0,0,1,0,1,1,1,1,1,1,0,1,20,319.9,5,2,13,7,6,26,48,3,6,1,1,11,4,106,27,52,60,22,408,245,1,1,1,3,2,1,2,1,11,7,12,11,15,0.35,3.67,After School,125p2t1,13,106.633333333333,319.9,2,1.9,0.65,0.4,0.333333333333333,125p2t1,12,0,0,0,0,0.538461538461538
126p2t2,After School,1,1,After,T2,13,Female,Mixed,Once a month or less,Yes,A,23.82,8,8,16,B,20.17,12,8,20,4,4,0,5.2,5.5,6.25,4,6,0,0,1,1,0,0,0,1,0,1,1,1,1,1,0,1,0,0,1,0,1,1,0,1,1,0,1,1,1,1,1,1,1,0,1,0,1,1,1,1,1,1,0,1,0,0,1,1,1,1,0,1,1,0,0,1,30,338.9666667,4,6,20,14,4.666666667,19,46,3,7,3,2,3,1,138,15,24,58,12,325,345,3,2,2,2,1,1,4,1,15,10,14,15,4,0.333333333333333,4,After School,126p2t2,16,157.416666666667,314.833333333333,2,1.66666666666667,0.633333333333333,0.333333333333333,0.625,126p2t2,14,0,0,0,0,0.5
133p2t1,After School,1,1,After,T1,15,Male,White,Everyday,NA,B,218.28,5,5,10,A,25.18,10,9,19,9,5,4,4.8,4,4.75,6,3.5,0,1,0,1,0,0,0,0,1,1,1,0,0,0,0,0,0,0,1,0,0,0,0,1,1,1,0,1,1,1,1,0,0,1,1,1,1,1,0,1,0,1,1,0,1,0,1,1,1,1,0,0,1,0,1,1,19,284.0526316,2,5,12,5,4.736842105,8,57.28571429,2,4,1,1,0,0,168,31,39,28,13,530,251,1,1,1,1,1,1,2,1,8,7,9,8,0,0.368421052631579,6,After School,133p2t1,14,89.95,284.052631578947,2,2.21052631578947,0.631578947368421,0.777777777777778,0.666666666666667,133p2t1,9,0,0,0,0,0.583333333333333
146p2t2,After School,1,1,After,T2,14,Male,Asian,Everyday,Yes,B,19.48,10,11,21,B,10.58,14,11,25,4,4,0,6.6,7,4.25,7,5,1,1,1,1,1,1,0,1,1,0,1,0,1,0,1,1,0,1,1,1,1,0,1,1,1,1,0,1,1,1,1,1,1,1,1,1,1,1,1,1,1,1,1,1,0,0,1,1,1,1,1,1,1,1,0,1,36,176.6944444,3,5,28,8,3.055555556,53,62.625,5,7,2,2,31,6,109,41,19,97,20,476,204,2,2,3,2,2,2,3,1,16,8,11,16,37,0.222222222222222,7,After School,146p2t2,28,106.016666666667,176.694444444444,2,1.41666666666667,0.527777777777778,0.375,0.818181818181818,146p2t2,11,0,0,0,0,0.285714285714286
151p3t0,Summer Camp,1,1,Control,Control,13,Female,Mixed,Once a month or less,NA,A,19.33,5,6,11,B,18.33,11,9,20,9,6,3,6,4.5,6.5,3.67,5.5,1,0,0,1,0,0,0,1,0,0,1,1,0,0,0,0,1,0,1,1,1,0,0,0,0,1,1,0,1,1,1,0,0,1,1,0,1,1,1,1,1,1,1,1,0,1,1,0,1,1,0,0,1,1,0,1,74,401.9324324,12,4,58,46,3.783783784,68,NA,0,0,0,0,54,14,277,9,77,71,48,755,739,0,0,0,0,0,0,0,0,0,16,28,0,68,0.216216216216216,3.67,Summer Camp,151p3t0,28,438.916666666667,355.878378378378,2,1.16216216216216,0.391891891891892,NA,NA,151p3t0,28,0,0,0,0,0.275862068965517
156p3t0,After School,1,1,Control,Control,16,Male,Other,Once a week,Yes,B,22.48,9,9,18,A,18.88,11,10,21,3,2,1,7,4.25,6.75,6,7,0,1,1,1,1,1,1,1,1,0,0,1,0,0,1,1,0,0,1,1,1,0,0,1,1,1,0,1,1,1,1,1,1,1,1,1,1,0,0,1,0,1,1,0,1,0,1,0,1,1,1,1,1,0,1,1,26,222.0769231,10,3,13,5,8.846153846,5,NA,0,0,0,0,4,1,162,33,7,122,5,662,302,0,0,0,0,0,0,0,0,0,13,23,0,5,0.5,6,After School,156p3t0,21,96.2333333333333,222.076923076923,2,1.84615384615385,0.538461538461538,NA,NA,156p3t0,23,0,0,0,0,1
159p3t0,After School,1,1,Control,Control,13,Female,Asian,3 to 4 times a week,Yes,A,10.78,9,8,17,B,11.88,11,7,18,1,2,-1,6.8,5.25,6.5,5.33,7,0,1,0,1,1,0,1,1,1,0,0,1,1,1,0,0,1,0,1,0,1,1,1,1,1,1,0,0,0,1,0,1,1,1,1,0,1,1,1,1,1,1,1,1,0,0,1,0,1,1,0,0,1,1,0,0,33,336.969697,14,2,17,14,9.090909091,25,NA,0,0,0,0,18,7,63,8,23,138,17,233,207,0,0,0,0,0,0,0,0,0,16,30,0,25,0.484848484848485,5.33,After School,159p3t0,19,185.333333333333,336.969696969697,2,0.909090909090909,0.424242424242424,NA,NA,159p3t0,30,0,0,0,0,0.941176470588235
162p3t0,After School,1,1,Control,Control,16,Male,Asian,3 to 4 times a week,Yes,B,18.33,7,6,13,A,17.67,11,12,23,10,4,6,6.6,5.75,5.75,4.33,6,0,0,1,0,1,0,1,0,1,0,1,0,1,1,0,1,0,0,1,0,1,0,1,1,0,0,0,1,1,1,0,1,1,0,1,1,1,1,0,1,1,1,1,0,1,0,1,1,1,1,1,1,1,1,1,1,18,258.3333333,3,12,3,3,10,0,NA,0,0,0,0,0,0,100,2,32,89,9,349,200,0,0,0,0,0,0,0,0,0,15,18,0,0,0.833333333333333,4.33,After School,162p3t0,15,77.5,258.333333333333,2,1.94444444444444,0.611111111111111,NA,NA,162p3t0,18,0,0,0,0,5
182p1t2,FSUS,1,1,Before,T2,15,Male,White,Once a week,NA,B,20.68,10,6,16,A,20,7,10,17,1,-3,4,5.6,4.25,2.75,5.67,4,0,1,1,1,1,0,1,0,1,0,1,1,1,1,1,1,0,1,0,0,1,0,0,1,0,0,0,1,1,1,1,0,0,0,1,1,1,0,0,1,0,0,0,1,1,1,1,0,0,1,1,1,1,1,0,1,NA,NA,NA,NA,NA,NA,NA,NA,NA,NA,NA,NA,NA,NA,NA,NA,NA,NA,NA,NA,NA,NA,NA,NA,NA,NA,NA,NA,NA,NA,NA,NA,NA,NA,NA,NA,5.67,FSUS,NA,NA,NA,NA,NA,NA,NA,NA,NA,NA,NA,0,0,1,0,NA
184p1t2,FSUS,1,1,Before,T2,15,Male,White,Everyday,Yes,A,18.38,8,6,14,B,30.88,13,9,22,8,5,3,7,7,7,7,6.5,1,0,0,0,0,0,1,0,1,1,1,1,1,1,1,0,0,1,1,0,0,1,0,1,0,0,1,0,1,1,1,1,1,1,1,1,1,0,1,1,1,1,1,1,0,0,1,0,1,1,0,1,1,1,0,1,37,1717.324324,6,11,20,15,6.216216216,33,1061,4,13,3,1,10,2,132,11,6,134,1,670,396,3,1,2,3,2,8,2,1,21,17,23,21,12,0.459459459459459,7,FSUS,184p1t2,22,338.966666666667,549.675675675676,2,0.837837837837838,0.27027027027027,0.7,0.571428571428571,184p1t2,23,0,0,0,0,0.85
185p1t1,FSUS,1,1,Before,T1,14,Female,Other,Once a week,Yes,B,17.32,11,6,17,A,19.28,12,11,23,6,1,5,6.8,4,6.25,3.33,6.5,1,0,1,1,1,1,1,0,1,1,1,1,0,1,0,1,0,0,1,0,1,0,0,0,1,1,0,1,1,1,1,1,1,0,1,1,1,1,0,1,1,1,1,1,1,0,1,0,1,1,0,1,1,1,1,1,22,316.4090909,9,6,7,2,10.90909091,27,88,3,5,2,2,12,3,147,26,15,66,14,572,300,2,2,1,2,2,2,1,1,12,15,24,12,15,0.681818181818182,3.33,FSUS,185p1t1,20,116.016666666667,316.409090909091,2,1.90909090909091,0.636363636363636,1.16666666666667,0.6,185p1t1,24,0,0,0,0,2.14285714285714
186p1t2,FSUS,1,1,Before,T2,14,Female,Black or African American,Once a month or less,Yes,A,11.78,5,6,11,B,29.07,10,9,19,8,5,3,6.4,4,4,5,5.5,1,1,1,0,0,0,0,1,1,0,0,0,0,0,0,1,0,0,0,1,0,0,0,1,0,1,1,1,1,1,1,0,1,1,1,0,1,0,1,1,0,1,1,1,0,0,1,0,1,1,0,1,1,1,0,1,11,245.1818182,1,0,10,2,1.818181818,9,85.8,2,2,2,0,3,0,25,0,0,45,0,136,101,2,0,2,1,0,0,1,0,6,1,2,6,3,0.0909090909090909,5,FSUS,186p1t2,9,44.95,245.181818181818,2,0.818181818181818,0.363636363636364,0.333333333333333,0.6,186p1t2,2,0,0,0,0,0.1
187p1t1,FSUS,1,1,Before,T1,14,Female,Asian,Never,Yes,A,14.43,11,8,19,B,20.18,13,8,21,2,2,0,4,3.25,5,3,4.5,1,1,1,1,1,0,1,1,1,0,1,1,1,0,1,1,1,0,1,0,1,0,0,1,0,0,1,1,1,1,1,1,1,1,1,1,1,1,1,1,0,1,0,1,0,0,1,1,1,1,0,0,1,1,0,1,28,513.7857143,5,1,22,15,3.928571429,28,121.875,2,6,3,5,10,2,47,14,1,107,7,216,152,3,5,0,2,2,3,1,0,16,6,11,16,12,0.214285714285714,3,FSUS,187p1t1,13,237.7,509.357142857143,2,0.714285714285714,0.285714285714286,0.6875,0.727272727272727,187p1t1,11,0,0,0,0,0.272727272727273
188p1t2,FSUS,1,1,Before,T2,14,Male,Black or African American,3 to 4 times a week,Yes,B,44.75,6,3,9,A,20.92,5,8,13,4,-1,5,5.8,7,7,5,7,0,0,0,1,0,1,1,0,1,0,1,1,0,0,0,1,0,0,0,0,0,0,0,1,1,0,0,0,0,0,0,1,0,0,1,0,1,0,0,0,1,1,1,1,0,1,0,1,1,1,1,0,0,1,0,0,NA,NA,NA,NA,NA,NA,NA,NA,NA,NA,NA,NA,NA,NA,NA,NA,NA,NA,NA,NA,NA,NA,NA,NA,NA,NA,NA,NA,NA,NA,NA,NA,NA,NA,NA,NA,5,FSUS,NA,NA,NA,NA,NA,NA,NA,NA,NA,NA,NA,0,0,1,0,NA
189p1t1,FSUS,1,1,Before,T1,14,Female,White,Once a month or less,Yes,A,6.37,2,1,3,B,18.6,5,1,6,3,3,0,5,5.75,5.25,3,2.5,0,0,1,0,0,0,0,0,0,0,0,0,0,1,0,0,0,0,0,0,0,0,1,0,0,0,0,0,0,0,0,0,0,1,1,1,0,1,1,0,0,0,0,0,0,0,0,0,1,0,0,0,0,0,0,0,6,222,2,0,4,0,6.666666667,3,96.66666667,1,1,0,1,0,0,5,4,1,4,2,42,16,0,1,0,1,1,0,0,0,3,2,4,3,0,0.333333333333333,3,FSUS,189p1t1,6,22.2,222,2,1.16666666666667,0.5,1.33333333333333,1,189p1t1,4,0,0,0,0,0.5
190p1t2,FSUS,1,1,Before,T2,15,Female,Black or African American,Once a week,NA,A,15.25,3,5,8,B,14.38,4,1,5,-3,1,-4,5.2,3.75,6,3,4,0,0,0,0,1,0,0,0,0,0,1,0,1,0,0,0,0,0,1,0,0,1,1,0,0,1,1,0,0,1,0,1,0,0,0,0,0,0,1,0,0,1,0,1,0,0,0,0,0,0,0,0,0,0,0,0,4,253.25,1,0,3,1,5,2,74.5,0,0,2,0,0,0,11,1,1,19,0,84,56,2,0,0,0,0,0,0,0,2,1,2,2,0,0.25,3,FSUS,190p1t2,3,16.8833333333333,253.25,2,1.5,0.75,0.666666666666667,1,190p1t2,2,0,0,0,0,0.333333333333333
191p1t1,FSUS,1,1,Before,T1,14,Female,Mixed,Everyday,Yes,B,11.78,5,2,7,A,8.63,5,6,11,4,0,4,1.6,1.75,1.25,5,1,1,0,0,1,0,0,0,0,1,0,0,1,1,0,1,0,0,0,1,0,0,0,0,0,0,0,0,0,1,1,0,1,0,0,1,1,0,0,0,0,0,0,0,1,0,1,0,1,0,1,0,0,0,0,1,1,8,1275.375,2,2,4,5,7.5,7,392.75,0,5,0,0,2,0,44,9,0,3,2,156,53,0,0,0,4,0,1,0,0,5,4,6,5,2,0.5,5,FSUS,191p1t1,3,58.9666666666667,442.25,2,1.375,0.625,0.5,0.5,191p1t1,6,0,0,0,0,1
192p1t2,FSUS,1,1,Before,T2,15,Female,Black or African American,Once a month or less,Yes,A,25.92,8,6,14,B,26.35,10,5,15,1,2,-1,6.2,NA,6,3.33,5,1,1,0,1,1,0,0,1,1,0,0,1,1,0,0,1,0,0,1,1,1,0,1,1,0,0,0,0,0,1,1,0,1,0,1,1,0,1,1,1,1,1,1,1,0,0,1,0,1,0,0,1,0,0,0,0,31,252.7096774,3,6,22,9,3.870967742,20,62.90909091,3,5,3,2,6,1,128,8,35,78,18,411,288,3,2,1,3,2,1,1,1,13,9,12,13,7,0.290322580645161,3.33,FSUS,192p1t2,22,130.566666666667,252.709677419355,2,1.09677419354839,0.419354838709677,0.307692307692308,0.75,192p1t2,12,0,0,0,0,0.409090909090909
196p1t2,FSUS,1,1,Before,T2,14,Female,White,Once a month or less,Yes,A,13.02,4,6,10,B,15.53,4,5,9,-1,0,-1,3,2.5,3.75,5,1.5,1,1,0,1,0,0,0,0,0,0,0,1,0,0,0,0,1,1,1,1,0,0,0,1,0,1,0,0,0,1,1,0,0,0,0,1,0,0,0,0,1,0,0,1,0,1,1,1,0,0,0,0,0,0,0,1,12,131.75,4,0,8,3,6.666666667,9,152.25,1,2,2,0,3,1,12,4,0,17,0,38,15,2,0,1,1,0,0,1,0,5,4,8,5,4,0.333333333333333,5,FSUS,196p1t2,9,26.35,131.75,2,1,0.583333333333333,0.666666666666667,0.4,196p1t2,8,0,0,0,0,0.5
197p1t1,FSUS,1,1,Before,T1,14,Male,Mixed,3 to 4 times a week,Yes,B,15.37,11,6,17,A,17.88,12,11,23,6,1,5,6.8,6.25,6.75,4.67,5.5,0,1,1,0,1,1,1,0,1,1,1,1,1,1,1,0,0,0,1,0,1,0,0,1,0,1,0,1,1,1,1,1,1,0,1,1,1,1,0,1,1,1,1,1,1,0,1,0,1,1,1,1,0,1,1,1,16,380.5,6,3,7,5,9.375,11,82.25,3,2,2,1,2,1,181,23,20,32,28,346,495,2,1,0,1,3,1,0,0,8,9,15,8,3,0.5625,4.67,FSUS,197p1t1,11,101.466666666667,380.5,2,1.5625,0.6875,0.875,0.8,197p1t1,15,0,0,0,0,1.28571428571429
199p1t1,FSUS,1,1,Before,T1,14,Male,White,3 to 4 times a week,Yes,B,19.8,9,7,16,A,17.42,12,10,22,6,3,3,5.4,4.75,4.5,6,2.5,0,1,1,1,0,0,1,0,1,1,0,1,1,1,1,1,0,1,1,0,1,0,0,1,0,0,0,1,1,0,1,1,1,1,1,1,1,1,0,1,1,1,1,1,1,0,1,0,1,1,0,1,1,0,1,1,44,249.3409091,24,6,14,16,12.27272727,31,50.54545455,5,8,3,6,8,1,118,21,17,58,23,518,270,3,6,3,2,2,4,2,1,22,30,54,22,9,0.681818181818182,6,FSUS,199p1t1,28,182.85,249.340909090909,2,1.31818181818182,0.477272727272727,1.14285714285714,0.714285714285714,199p1t1,54,0,0,0,0,2.14285714285714
201p1t1,FSUS,1,1,Before,T1,14,Male,Hispanic,Everyday,Yes,B,16.18,5,5,10,A,18.73,12,12,24,14,7,7,4.8,3,5.5,6.33,3.5,0,1,0,1,1,0,1,0,0,0,0,0,1,0,1,0,0,0,0,0,1,0,0,1,0,1,0,1,1,1,1,1,1,0,1,1,1,1,0,1,1,1,1,1,1,0,1,0,1,1,1,1,1,1,1,1,15,599.6666667,4,2,9,7,6.666666667,18,56.5,2,4,1,1,5,5,155,38,12,33,12,620,263,1,1,0,3,2,1,0,0,8,6,10,8,10,0.4,6.33,FSUS,201p1t1,8,145.883333333333,583.533333333333,2,1.73333333333333,0.533333333333333,1,1,201p1t1,10,0,0,0,0,0.666666666666667
203p1t1,FSUS,1,1,Before,T1,15,Female,Black or African American,3 to 4 times a week,Yes,A,15.83,8,9,17,B,17.93,12,6,18,1,4,-3,7,3.75,7,3.67,5,0,1,0,0,0,1,1,1,0,0,1,1,1,1,0,1,0,0,1,1,1,1,0,1,0,1,1,1,1,1,1,1,0,1,1,1,1,0,1,1,1,1,1,1,0,0,0,0,1,1,0,1,0,0,0,1,16,453.8125,4,2,10,8,6.25,18,153.7777778,2,5,1,2,6,2,87,12,1,23,3,327,170,1,2,0,4,2,1,0,0,10,6,10,10,8,0.375,3.67,FSUS,203p1t1,8,121.016666666667,453.8125,2,1.1875,0.375,0.9,0.8,203p1t1,10,0,0,0,0,0.6
204p1t2,FSUS,1,1,Before,T2,14,Male,Black or African American,3 to 4 times a week,Yes,A,15.92,8,8,16,B,17.13,2,1,3,-13,-6,-7,4.8,4.75,4.75,5,3.5,1,1,0,0,1,0,1,0,1,0,1,1,0,1,1,1,1,0,1,0,0,1,0,0,0,1,1,1,0,0,0,0,0,0,0,0,1,1,0,0,0,0,0,0,0,1,0,0,0,0,0,0,0,0,0,0,12,626.75,3,0,9,4,5,8,124.8571429,1,2,4,0,0,1,40,25,0,21,0,201,42,4,0,1,0,0,0,2,0,7,3,6,7,1,0.25,5,FSUS,204p1t2,8,118.183333333333,590.916666666667,2,1,0.583333333333333,0.571428571428571,0.75,204p1t2,6,0,0,0,0,0.333333333333333
207p1t1,FSUS,1,1,Before,T1,16,Female,White,Everyday,Yes,A,12.25,5,5,10,B,14.43,2,2,4,-6,-3,-3,4.6,4,4.75,4,5.5,1,0,0,1,0,0,1,0,1,0,0,1,0,0,0,0,1,0,1,0,0,1,0,1,0,1,0,0,0,0,0,1,0,0,0,0,1,0,0,0,0,0,0,0,0,0,0,0,0,0,0,1,0,1,0,0,7,187,2,0,5,1,5.714285714,4,79.5,0,2,0,2,0,0,31,2,0,41,0,81,54,0,2,0,1,0,1,0,0,4,2,4,4,0,0.285714285714286,4,FSUS,207p1t1,6,21.8166666666667,187,2,1.28571428571429,0.428571428571429,0.8,1,207p1t1,4,0,0,0,0,0.4
208p1t2,FSUS,1,1,Before,T2,14,Female,Black or African American,Once a month or less,Yes,B,28,8,6,14,A,16.8,12,9,21,7,4,3,5.8,3.5,6.75,1,6,0,1,0,1,0,1,0,1,1,0,1,1,0,1,0,0,0,0,1,0,1,0,0,1,1,1,0,1,1,1,1,1,1,0,1,1,1,1,0,1,1,1,1,0,0,0,1,0,1,1,1,1,1,0,1,1,18,423.1111111,3,4,11,9,5.555555556,16,54.6,1,4,2,0,5,4,89,8,52,17,35,582,326,2,0,1,2,0,0,2,0,7,7,10,7,9,0.388888888888889,1,FSUS,208p1t2,9,126.933333333333,423.111111111111,2,1.22222222222222,0.5,0.5,1,208p1t2,10,0,0,0,0,0.636363636363636
211p2t1,FSUS,1,1,After,T1,15,Male,Black or African American,3 to 4 times a week,Yes,A,7,8,7,15,B,19.08,7,6,13,-2,-1,-1,7,5.75,6.75,2.33,6,1,1,1,0,1,0,0,0,1,1,0,1,0,1,1,0,0,1,1,1,1,1,1,0,0,0,0,0,0,0,1,1,0,1,0,0,0,1,1,1,1,0,0,1,0,1,1,0,0,1,0,1,1,0,0,0,32,229.3125,4,6,22,15,4.375,28,67.26666667,3,7,2,3,6,7,153,44,18,69,24,485,144,2,3,1,3,2,3,1,1,15,10,14,15,13,0.3125,2.33,FSUS,211p2t1,17,122.3,229.3125,2,1.65625,0.59375,0.5,0.555555555555556,211p2t1,14,0,0,0,0,0.454545454545455
213p2t1,FSUS,1,1,After,T1,14,Male,Black or African American,3 to 4 times a week,Yes,A,20.02,7,6,13,B,25.37,6,6,12,-1,-1,0,5.4,5.5,3.75,5,5.5,1,0,0,1,1,1,0,0,1,0,0,1,0,1,1,0,0,0,0,1,0,1,1,1,0,0,1,0,0,0,1,0,0,1,0,0,1,0,1,1,0,1,1,0,0,0,1,0,0,1,0,1,0,1,0,1,13,329.5384615,1,1,11,6,2.307692308,30,102.3333333,0,4,0,2,9,15,43,7,3,138,5,122,38,0,2,0,3,0,1,0,0,6,2,3,6,24,0.153846153846154,5,FSUS,213p2t1,7,71.4,329.538461538462,2,1.23076923076923,0.538461538461538,0.333333333333333,0.666666666666667,213p2t1,3,0,0,0,0,0.181818181818182
214p2t2,FSUS,1,1,After,T2,13,Male,Black or African American,3 to 4 times a week,NA,A,19.5,6,7,13,B,25.12,8,8,16,3,2,1,5.6,5.5,3.75,5.33,5.5,1,1,0,0,0,0,0,0,1,1,1,1,0,0,0,1,0,0,1,0,1,1,1,1,0,0,1,0,1,1,0,0,0,0,1,0,0,1,1,1,1,1,1,1,0,0,1,0,1,1,0,1,1,0,0,1,14,311.7857143,3,2,9,7,5.714285714,5,64.5,1,2,2,0,0,0,52,17,16,66,4,274,210,2,0,1,0,0,0,2,0,5,5,8,5,0,0.357142857142857,5.33,FSUS,214p2t2,7,72.75,311.785714285714,2,1.28571428571429,0.357142857142857,0.25,0.333333333333333,214p2t2,8,0,0,0,0,0.555555555555556
215p2t1,FSUS,1,1,After,T1,15,Female,White,Never,NA,B,173.15,10,7,17,A,21.38,11,9,20,3,1,2,5.4,3.5,4,4,5,1,1,0,0,1,1,1,1,1,0,0,1,1,1,1,1,0,0,0,0,1,0,0,1,1,1,0,1,1,1,1,1,1,0,1,1,1,1,0,1,0,1,0,1,1,0,1,0,1,1,0,1,1,0,1,1,8,204.5,0,1,7,2,1.25,13,133.5,0,4,0,0,0,9,17,3,0,57,1,113,78,0,0,0,1,0,3,0,0,4,1,1,4,9,0.125,4,FSUS,215p2t1,6,27.2666666666667,204.5,1,1.5,0.5,0.2,0.5,215p2t1,1,0,0,0,0,0.142857142857143
218p2t2,FSUS,1,1,After,T2,14,Female,White,3 to 4 times a week,Yes,A,19.85,11,6,17,B,24.38,13,7,20,3,2,1,5,4.75,5.25,2.33,3.5,1,1,1,1,1,0,1,1,1,0,1,1,1,0,0,0,0,1,1,0,1,1,0,0,0,1,1,0,1,1,1,1,1,1,1,1,1,0,1,1,1,1,1,1,0,0,1,0,1,1,0,0,0,1,0,1,25,343.24,4,1,20,14,3.6,23,134.4615385,3,7,4,1,6,2,121,21,41,59,15,345,200,4,1,3,2,0,1,4,0,15,5,9,15,8,0.2,2.33,FSUS,218p2t2,11,143.016666666667,343.24,2,1.52,0.64,0,0.8,218p2t2,9,0,0,0,0,0.25
219p2t1,FSUS,1,1,After,T1,15,Male,White,3 to 4 times a week,Yes,B,30.63,3,7,10,A,25.42,6,6,12,2,3,-1,5.6,4.75,3.25,6,2.5,0,0,1,0,0,0,1,0,1,0,0,0,0,0,1,1,0,1,1,0,1,0,0,1,0,1,0,0,1,1,1,1,0,0,0,0,1,0,0,1,0,0,0,1,1,0,1,1,0,0,0,1,0,1,0,0,NA,NA,NA,NA,NA,NA,NA,NA,NA,NA,NA,NA,NA,NA,NA,NA,NA,NA,NA,NA,NA,NA,NA,NA,NA,NA,NA,NA,NA,NA,NA,NA,NA,NA,NA,NA,6,FSUS,NA,NA,NA,NA,NA,NA,NA,NA,NA,NA,NA,0,0,1,0,NA
220p2t2,FSUS,1,1,After,T2,14,Female,Black or African American,Once a week,NA,B,14.63,12,7,19,A,15.65,11,9,20,1,-1,2,3.8,2,3,3.67,3,1,1,1,1,1,1,1,0,1,0,1,1,1,1,0,1,0,1,1,0,1,0,0,1,1,0,0,1,1,1,1,1,1,0,1,1,1,0,0,1,1,1,1,1,1,0,1,0,0,1,1,1,0,0,1,1,16,454.625,2,1,13,8,3.125,11,269.5714286,2,3,2,0,3,1,239,30,29,47,16,787,323,2,0,2,0,0,0,3,0,7,3,5,7,4,0.1875,3.67,FSUS,220p2t2,8,121.233333333333,454.625,2,1.8125,0.375,0,0.25,220p2t2,5,0,0,0,0,0.230769230769231
221p2t1,FSUS,1,1,After,T1,14,Male,White,Once a month or less,Yes,A,25.25,10,7,17,B,11.75,12,8,20,3,2,1,4.8,4.5,5.5,5,4,1,0,0,1,1,0,1,1,1,1,1,1,0,1,0,1,1,0,1,0,0,1,0,1,0,0,1,1,0,1,1,1,1,1,1,1,1,1,0,1,1,1,1,1,0,0,1,0,1,1,0,1,1,0,0,1,11,231.2727273,2,0,9,5,3.636363636,11,69.66666667,0,5,0,1,5,0,26,1,0,27,1,107,43,0,1,0,4,0,1,0,0,6,2,4,6,5,0.181818181818182,5,FSUS,221p2t1,6,42.4,231.272727272727,2,0.909090909090909,0.363636363636364,0.333333333333333,1,221p2t1,4,0,0,0,0,0.222222222222222
225p2t1,FSUS,1,1,After,T1,15,Male,Black or African American,Once a week,Yes,A,1444.8,12,6,18,B,33.17,12,4,16,-2,0,-2,3.6,3.5,4.5,1.67,2.5,1,1,0,1,1,0,1,1,1,1,1,1,1,1,0,0,0,0,1,0,1,1,0,1,0,0,1,1,1,1,0,1,1,1,1,1,1,0,1,1,1,1,0,0,0,0,0,0,1,1,0,0,1,0,0,1,14,408.7857143,2,1,11,5,3.571428571,9,173,2,3,0,1,2,1,53,6,8,34,8,128,112,0,1,0,2,2,1,0,0,6,3,5,6,3,0.214285714285714,1.67,FSUS,225p2t1,9,95.3833333333333,408.785714285714,2,1.35714285714286,0.428571428571429,0.5,0.666666666666667,225p2t1,5,0,0,0,0,0.272727272727273
227p2t1,FSUS,1,1,After,T1,14,Male,White,Once a week,Yes,A,16.68,9,11,20,B,13.62,12,9,21,1,3,-2,5.6,5.75,6,4.33,4.5,0,1,0,1,1,0,1,0,0,1,1,1,1,1,1,1,1,1,1,1,1,1,1,0,0,1,1,0,1,1,1,1,1,1,1,1,1,0,1,1,1,0,0,1,0,0,1,1,1,1,0,1,1,1,0,1,21,288.8571429,3,2,16,6,3.80952381,14,62.44444444,3,4,1,1,5,0,79,23,8,53,10,397,291,1,1,1,1,2,1,2,1,9,5,8,9,5,0.238095238095238,4.33,FSUS,227p2t1,15,101.1,288.857142857143,2,1.66666666666667,0.571428571428571,0.444444444444444,0.666666666666667,227p2t1,8,0,0,0,0,0.3125
228p2t2,FSUS,1,1,After,T2,15,Female,White,Never,Yes,A,18.68,11,5,16,B,18.75,5,3,8,-8,-6,-2,6.8,5.5,5,3,4.5,0,1,1,1,1,1,1,1,1,0,1,1,0,1,0,1,0,0,1,0,0,1,0,0,0,1,1,0,0,1,1,0,0,0,0,0,1,0,1,1,0,0,1,0,0,0,0,0,0,0,0,1,0,0,0,1,13,225.8461538,2,0,11,3,3.076923077,7,264,3,2,1,0,0,1,52,5,0,33,0,156,20,1,0,2,0,1,1,1,0,6,2,4,6,1,0.153846153846154,3,FSUS,228p2t2,10,48.9333333333333,225.846153846154,2,0.769230769230769,0.230769230769231,0.4,1,228p2t2,4,0,0,0,0,0.181818181818182
229p2t1,FSUS,1,1,After,T1,16,Male,Mixed,Everyday,Yes,B,19.77,8,5,13,A,14.6,9,5,14,1,1,0,6.4,5.5,6.25,1,6.5,1,0,0,1,0,1,1,1,1,0,0,1,0,1,0,1,0,0,1,0,1,0,0,0,0,1,0,1,1,0,1,1,0,1,0,1,1,1,0,1,0,1,0,1,1,0,1,0,0,0,1,0,0,0,0,1,29,420.6206897,2,3,24,19,2.413793103,21,98.13333333,4,7,4,2,3,1,114,16,10,94,5,352,246,4,2,0,4,4,3,0,0,17,5,7,17,4,0.172413793103448,1,FSUS,229p2t1,10,203.3,420.620689655172,2,1.20689655172414,0.310344827586207,0.222222222222222,0.727272727272727,229p2t1,7,0,0,0,0,0.208333333333333
231p2t1,FSUS,1,1,After,T1,15,Male,Black or African American,3 to 4 times a week,Yes,A,16.17,8,6,14,B,23.47,7,5,12,-2,-1,-1,6.8,5.25,6.5,5,6,1,1,1,1,0,0,0,1,1,1,0,1,0,0,1,0,0,0,1,0,1,1,1,1,0,0,0,0,0,0,1,1,0,0,1,0,1,0,0,1,1,1,1,0,0,0,1,0,0,1,0,1,0,0,0,1,29,208.0344828,2,7,20,11,3.793103448,16,74.86666667,4,8,2,2,0,0,106,47,34,55,3,779,238,2,2,2,1,2,4,3,1,16,9,11,16,0,0.310344827586207,5,FSUS,231p2t1,18,100.55,208.034482758621,2,1.96551724137931,0.551724137931034,0.333333333333333,0.444444444444444,231p2t1,11,0,0,0,0,0.45
233p2t1,FSUS,1,1,After,T1,14,Female,Black or African American,3 to 4 times a week,Yes,B,28.43,7,4,11,A,15.92,8,6,14,3,1,2,7,5.75,6.5,5,6,0,1,1,0,1,0,1,0,1,0,1,0,0,1,0,1,0,0,1,0,1,0,0,0,0,0,0,1,1,1,0,0,0,0,1,0,1,1,0,1,1,1,0,1,0,0,0,0,1,1,0,0,1,0,1,1,13,361,1,3,9,2,3.846153846,3,69.33333333,1,1,0,1,0,0,55,3,37,30,27,215,279,0,1,0,0,1,1,0,0,3,4,5,3,0,0.307692307692308,5,FSUS,233p2t1,11,78.2166666666667,361,2,1.61538461538462,0.538461538461538,0.75,0.75,233p2t1,5,0,0,0,0,0.444444444444444
235p2t1,FSUS,1,1,After,T1,14,Male,White,Once a week,Yes,A,152.58,13,10,23,B,18.23,13,9,22,-1,0,-1,NA,NA,NA,NA,NA,1,1,1,1,1,0,1,1,1,1,1,1,1,1,1,1,1,0,1,0,1,1,1,1,0,0,1,1,0,1,1,1,1,1,1,1,1,1,1,1,1,1,1,1,0,0,1,0,1,1,0,1,1,1,0,1,27,267.6296296,4,3,20,7,4.074074074,29,67.5,3,7,1,2,9,7,149,15,17,50,4,440,264,1,2,2,2,1,3,2,1,13,7,11,13,16,0.259259259259259,NA,FSUS,235p2t1,20,120.433333333333,267.62962962963,2,1.44444444444444,0.481481481481481,0.357142857142857,0.714285714285714,235p2t1,11,0,0,0,1,0.35
236p2t2,FSUS,1,1,After,T2,15,Female,Black or African American,Once a month or less,Yes,B,19.2,9,5,14,A,18.05,11,8,19,5,2,3,6.8,3,4.75,4,7,1,0,1,1,0,0,1,1,0,0,1,1,1,1,0,0,0,0,1,0,1,0,0,1,1,1,0,0,1,1,1,1,0,0,1,1,1,1,0,1,1,1,1,1,1,0,1,0,0,1,1,1,0,0,1,0,22,271.6363636,5,3,14,13,5.909090909,14,96,1,3,4,0,4,2,83,4,8,144,4,348,214,4,0,1,0,0,0,3,0,8,8,13,8,6,0.363636363636364,4,FSUS,236p2t2,9,99.6,271.636363636364,2,1.36363636363636,0.5,0.25,0.714285714285714,236p2t2,13,0,0,0,0,0.571428571428571
238p2t2,FSUS,1,1,After,T2,15,Female,Hispanic,Once a month or less,Yes,B,18.78,8,4,12,A,17.3,9,6,15,3,1,2,4.2,4.25,4.5,1,2.5,0,0,1,1,1,1,0,0,1,0,1,1,0,1,0,1,0,0,1,0,1,0,0,1,0,0,0,0,1,1,1,1,0,0,1,0,1,0,0,1,1,1,0,1,0,0,1,0,0,1,1,0,0,0,1,1,15,292.0666667,1,2,12,8,2.666666667,9,58.16666667,1,2,4,0,2,0,19,2,1,74,1,264,97,4,0,1,0,0,0,2,0,7,3,4,7,2,0.2,1,FSUS,238p2t2,7,73.0166666666667,292.066666666667,2,1,0.466666666666667,0,0.833333333333333,238p2t2,4,0,0,0,0,0.25
241p3t0,FSUS,1,1,Control,Control,15,Male,Mixed,3 to 4 times a week,Yes,A,9.42,6,6,12,B,9.8,11,6,17,5,5,0,5.8,4.5,4.25,6.67,6.5,1,1,0,0,1,0,0,1,1,0,1,0,0,0,1,0,1,0,1,0,0,0,1,1,0,1,0,0,1,0,1,1,0,1,1,0,1,1,1,1,1,1,0,1,0,1,1,0,0,0,0,1,1,0,0,1,18,118.4444444,8,3,7,6,10.55555556,2,NA,0,0,0,0,2,0,50,14,33,25,11,151,121,0,0,0,0,0,0,0,0,0,11,19,0,2,0.611111111111111,6.67,FSUS,241p3t0,12,35.5333333333333,118.444444444444,2,1.38888888888889,0.444444444444444,2,1,241p3t0,19,0,0,0,0,1.57142857142857
242p3t0,FSUS,1,1,Control,Control,15,Male,Black or African American,3 to 4 times a week,Yes,B,21.12,7,5,12,A,24.08,7,6,13,1,0,1,1.8,2.75,4.25,2,3.5,1,1,0,0,0,0,1,0,1,1,1,1,0,0,1,0,0,0,0,0,0,0,0,1,1,1,0,1,0,1,1,1,0,0,0,1,0,1,0,1,1,0,1,1,0,0,1,0,1,0,0,0,0,0,1,1,16,165.4375,5,1,10,4,6.875,9,NA,0,0,0,0,7,2,16,1,1,84,0,114,99,0,0,0,0,0,0,0,0,0,6,11,0,9,0.375,2,FSUS,242p3t0,12,44.1166666666667,165.4375,2,0.75,0.3125,NA,NA,242p3t0,11,0,0,0,0,0.6
243p3t0,FSUS,1,1,Control,Control,14,Male,Black or African American,Once a week,NA,A,11.7,2,5,7,B,18.97,5,3,8,1,3,-2,4,4,4,4,4,0,0,0,0,0,0,0,0,1,1,0,0,0,0,0,1,0,0,1,0,0,1,0,0,0,1,1,0,0,1,0,0,1,0,0,0,0,0,1,1,0,1,1,1,0,0,0,0,0,1,0,0,0,0,0,0,29,183.7931034,4,1,24,10,3.103448276,0,NA,0,0,0,0,0,0,45,8,0,46,3,253,269,0,0,0,0,0,0,0,0,0,5,9,0,0,0.172413793103448,4,FSUS,243p3t0,19,88.8333333333333,183.793103448276,2,0.931034482758621,0.310344827586207,NA,NA,243p3t0,9,0,0,0,0,0.208333333333333
244p3t0,FSUS,1,1,Control,Control,15,Male,White,Everyday,Yes,A,24.52,7,6,13,B,19.35,12,8,20,7,5,2,5,5.5,5,1.33,3,1,1,1,1,0,0,0,0,0,0,1,1,0,1,0,1,1,0,1,1,0,1,0,0,0,0,1,0,1,1,1,1,0,1,1,1,1,1,1,0,1,1,1,1,0,0,1,0,1,1,0,1,0,1,0,1,21,287.2380952,10,6,5,5,12.38095238,2,NA,0,0,0,0,2,0,92,6,33,30,20,455,304,0,0,0,0,0,0,0,0,0,16,26,0,2,0.761904761904762,1.33,FSUS,244p3t0,16,100.533333333333,287.238095238095,2,1.66666666666667,0.666666666666667,NA,NA,244p3t0,26,0,0,0,0,3.2
245p3t0,FSUS,1,1,Control,Control,15,Male,White,Once a week,Yes,B,10.13,11,6,17,A,12.53,10,10,20,3,-1,4,5.2,3.75,5.5,3,4.5,1,1,1,0,1,1,1,1,1,0,1,1,0,1,0,1,0,0,1,0,1,0,0,0,1,1,0,1,1,1,0,1,1,0,0,1,1,1,0,1,1,1,1,1,1,0,1,1,1,1,0,0,1,1,0,1,23,202.6521739,6,7,10,8,8.260869565,6,NA,0,0,0,0,5,1,114,5,34,68,12,311,229,0,0,0,0,0,0,0,0,0,13,19,0,6,0.565217391304348,3,FSUS,245p3t0,15,77.6833333333333,202.652173913043,2,1.65217391304348,0.565217391304348,NA,NA,245p3t0,19,0,0,0,0,1.3
246p3t0,FSUS,1,1,Control,Control,15,Female,Mixed,Everyday,Yes,A,18.12,9,7,16,B,16.8,10,6,16,0,1,-1,5.6,3.5,6.5,1.67,6,1,1,0,1,0,1,1,1,1,1,0,1,0,0,1,1,0,0,1,0,0,1,0,1,1,0,0,1,0,1,1,1,0,1,1,0,1,1,1,1,0,1,0,1,0,0,1,0,1,1,0,1,0,0,0,1,16,295.125,3,5,8,6,6.875,2,NA,0,0,0,0,1,1,339,7,2,71,1,454,251,0,0,0,0,0,0,0,0,0,8,11,0,2,0.5,1.67,FSUS,246p3t0,10,78.7,295.125,2,1.375,0.3125,NA,NA,246p3t0,11,0,0,0,0,1
248p3t0,FSUS,1,1,Control,Control,15,Female,Hispanic,Once a month or less,Yes,B,14.32,8,3,11,A,15.15,8,5,13,2,0,2,6.6,5.5,6.25,3.67,6.5,0,0,1,1,0,0,1,0,1,1,1,1,1,0,1,0,0,0,0,0,0,0,0,1,0,0,0,1,1,1,0,1,0,0,0,1,1,0,0,1,1,1,0,0,0,0,0,0,1,1,1,1,0,0,0,1,13,350.1538462,3,2,8,5,6.153846154,5,NA,0,0,0,0,4,1,80,9,6,49,1,254,151,0,0,0,0,0,0,0,0,0,5,8,0,5,0.384615384615385,3.67,FSUS,248p3t0,8,75.8666666666667,350.153846153846,2,1.76923076923077,0.615384615384615,NA,NA,248p3t0,8,0,0,0,0,0.625
249p3t0,FSUS,1,1,Control,Control,15,Female,White,Once a week,Yes,A,14.95,3,7,10,B,18.72,9,7,16,6,6,0,6.2,3.25,5.5,3.67,4.5,0,1,0,0,0,0,0,0,0,1,0,1,0,0,1,0,0,1,0,1,0,1,1,1,0,0,1,0,1,1,1,1,0,1,1,0,1,0,0,1,1,0,1,1,0,1,0,0,0,1,0,1,1,1,0,0,26,208.8461538,2,2,22,6,2.307692308,2,NA,0,0,0,0,1,1,34,7,9,36,8,264,121,0,0,0,0,0,0,0,0,0,4,6,0,2,0.153846153846154,3.67,FSUS,249p3t0,20,90.5,208.846153846154,2,0.769230769230769,0.307692307692308,NA,NA,249p3t0,6,0,0,0,0,0.181818181818182
250p3t0,FSUS,1,1,Control,Control,14,Female,Mixed,3 to 4 times a week,Yes,A,20.03,8,7,15,B,17.95,12,7,19,4,4,0,5.6,6.25,3.75,2,6,1,1,1,0,0,0,1,1,1,1,0,1,0,0,1,1,0,1,1,0,0,0,1,1,0,0,1,0,0,1,1,1,1,1,1,1,1,0,1,1,1,1,0,1,0,1,1,0,0,1,0,1,0,1,0,1,26,844.2307692,5,7,14,8,6.538461538,21,NA,0,0,0,0,14,7,111,11,119,69,42,425,311,0,0,0,0,0,0,0,0,0,12,17,0,21,0.461538461538462,2,FSUS,250p3t0,18,165.75,382.5,2,1.61538461538462,0.538461538461538,NA,NA,250p3t0,17,0,0,0,0,0.857142857142857
251p3t0,FSUS,1,1,Control,Control,14,Female,Mixed,Once a month or less,NA,A,16.68,4,7,11,B,23.13,6,1,7,-4,2,-6,5.6,NA,6.75,NA,5.5,0,1,1,0,0,0,1,0,0,0,0,1,0,0,1,1,1,0,1,0,1,0,0,1,0,1,0,0,1,0,0,0,1,0,0,1,0,0,1,1,0,1,0,0,0,0,0,0,0,0,0,1,0,0,0,0,25,212.24,5,0,20,8,4,15,NA,0,0,0,0,11,4,87,7,1,31,2,231,127,0,0,0,0,0,0,0,0,0,5,10,0,15,0.2,NA,FSUS,251p3t0,17,88.4333333333333,212.24,2,0.8,0.36,NA,NA,251p3t0,10,0,0,0,1,0.25
252p3t0,FSUS,1,1,Control,Control,14,Female,White,3 to 4 times a week,Yes,B,16.63,4,2,6,A,17.48,11,6,17,11,7,4,6.8,4.5,6,3.67,6,0,0,0,1,0,0,0,1,1,0,1,0,0,0,0,0,0,0,0,0,0,0,1,0,0,1,0,0,1,1,1,1,1,0,1,1,1,1,0,1,0,1,1,1,1,0,0,0,0,1,1,0,0,0,1,0,22,403.1363636,7,3,12,13,7.727272727,14,NA,0,0,0,0,9,5,282,32,24,174,16,801,510,0,0,0,0,0,0,0,0,0,10,17,0,14,0.454545454545455,3.67,FSUS,252p3t0,9,147.816666666667,403.136363636364,2,2,0.636363636363636,NA,NA,252p3t0,17,0,0,0,0,0.833333333333333
253p3t0,FSUS,1,1,Control,Control,14,Female,White,3 to 4 times a week,NA,B,21.78,12,10,22,A,22.85,11,11,22,0,-1,1,6,5.75,6.25,3.67,5,1,1,1,1,1,1,1,0,1,0,1,1,1,1,1,1,0,1,1,0,1,0,1,1,1,1,0,1,1,1,1,0,1,0,1,1,1,1,0,1,1,1,1,1,1,0,1,0,1,1,1,1,1,0,1,1,27,169.5925926,6,6,15,4,6.666666667,5,NA,0,0,0,0,5,0,48,18,18,42,10,329,210,0,0,0,0,0,0,0,0,0,12,18,0,5,0.444444444444444,3.67,FSUS,253p3t0,23,76.3166666666667,169.592592592593,2,1.18518518518519,0.481481481481481,NA,NA,253p3t0,18,0,0,0,0,0.8
254p3t0,FSUS,1,1,Control,Control,14,Female,White,Once a week,Yes,B,17.92,6,7,13,A,20,10,5,15,2,4,-2,6.6,5.5,5.25,3.67,6,0,1,0,0,0,0,0,0,1,1,1,1,0,1,1,1,0,0,1,0,1,0,1,1,1,0,0,0,1,1,0,0,1,0,1,1,1,1,0,1,1,1,0,1,0,0,1,1,0,1,1,0,0,0,0,0,27,659,5,11,11,5,7.777777778,10,NA,0,0,0,0,7,3,108,17,19,28,7,463,355,0,0,0,0,0,0,0,0,0,16,21,0,10,0.592592592592593,3.67,FSUS,254p3t0,22,116.366666666667,258.592592592593,2,1.33333333333333,0.555555555555556,NA,NA,254p3t0,21,0,0,0,0,1.45454545454545
255p3t0,FSUS,1,1,Control,Control,14,Female,Mixed,Never,Yes,A,18.07,7,4,11,B,15.78,5,3,8,-3,-2,-1,5,1,5,1,1.5,1,1,1,0,1,0,0,1,0,1,0,0,0,1,0,0,0,0,0,0,1,0,0,1,0,1,1,0,0,0,1,0,0,1,0,1,0,0,0,1,1,0,0,0,0,0,0,0,0,0,0,1,0,1,0,1,22,335.5,2,0,20,10,1.818181818,3,NA,0,0,0,0,3,0,29,9,0,127,2,287,159,0,0,0,0,0,0,0,0,0,2,4,0,3,0.0909090909090909,1,FSUS,255p3t0,12,123.016666666667,335.5,2,1.13636363636364,0.363636363636364,NA,NA,255p3t0,4,0,0,0,0,0.1
256p3t0,FSUS,1,1,Control,Control,14,Female,White,Once a week,Yes,A,14.58,7,5,12,B,18.67,10,9,19,7,3,4,6.6,4.5,5,4.33,5.5,1,1,1,0,0,0,1,0,1,0,1,1,0,0,0,1,0,0,1,0,0,1,1,0,0,0,1,0,1,0,1,0,1,1,1,0,1,0,1,1,1,1,1,1,0,0,0,0,1,1,1,1,1,1,0,1,28,313.0714286,4,3,21,8,3.928571429,13,NA,0,0,0,0,8,5,47,20,0,21,3,243,92,0,0,0,0,0,0,0,0,0,7,11,0,13,0.25,4.33,FSUS,256p3t0,20,141.016666666667,302.178571428571,2,1,0.321428571428571,NA,NA,256p3t0,11,0,0,0,0,0.333333333333333
257p3t0,FSUS,1,1,Control,Control,14,NA,Mixed,Everyday,Yes,A,13.07,6,4,10,B,10,4,4,8,-2,-2,0,5,5,5.25,1.67,3,0,1,1,0,0,1,0,0,0,1,1,1,0,0,0,0,0,0,0,0,0,0,0,1,0,1,1,1,0,0,0,1,0,0,0,0,0,1,1,0,1,0,1,0,0,0,0,1,0,0,1,0,0,0,0,1,22,221.9090909,7,0,15,10,6.363636364,2,NA,0,0,0,0,1,1,53,12,12,57,4,287,228,0,0,0,0,0,0,0,0,0,7,14,0,2,0.318181818181818,1.67,FSUS,257p3t0,12,81.3666666666667,221.909090909091,2,1.13636363636364,0.409090909090909,NA,NA,257p3t0,14,0,0,0,0,0.466666666666667
258p3t0,FSUS,1,1,Control,Control,14,Female,White,3 to 4 times a week,Yes,A,14.3,12,8,20,B,11.52,9,6,15,-5,-3,-2,5,4,5,2,4.5,1,0,1,1,1,0,1,1,1,1,1,1,1,1,1,1,0,0,0,0,1,0,1,1,1,0,1,1,1,1,1,0,1,0,1,0,0,1,0,1,1,1,1,1,0,0,1,0,0,0,0,1,0,1,0,1,34,176.5588235,20,1,13,20,12.05882353,6,NA,0,0,0,0,6,0,100,11,49,144,10,345,255,0,0,0,0,0,0,0,0,0,21,41,0,6,0.617647058823529,2,FSUS,258p3t0,14,100.05,176.558823529412,2,1.58823529411765,0.588235294117647,NA,NA,258p3t0,41,0,0,0,0,1.61538461538462
259p3t0,FSUS,1,1,Control,Control,15,Female,White,Never,NA,B,6.23,8,3,11,A,7.98,6,4,10,-1,-2,1,4.2,5,5.25,5.67,3.5,1,0,1,0,0,1,1,0,0,1,1,1,0,1,1,1,0,0,0,0,0,0,0,0,0,0,0,1,1,0,0,0,0,0,1,0,1,1,0,1,0,1,0,1,0,0,1,0,0,0,0,0,0,1,1,0,11,194.3636364,4,0,7,4,7.272727273,0,NA,0,0,0,0,0,0,16,0,0,94,0,111,105,0,0,0,0,0,0,0,0,0,4,8,0,0,0.363636363636364,5.67,FSUS,259p3t0,7,35.6333333333333,194.363636363636,2,0.909090909090909,0.272727272727273,NA,NA,259p3t0,8,0,0,0,0,0.571428571428571
260p3t0,FSUS,1,1,Control,Control,14,Male,White,Everyday,Yes,B,13.27,12,6,18,A,12.3,11,9,20,2,-1,3,2.6,4.75,4.25,1.67,1,1,1,1,1,0,1,1,1,1,0,1,1,1,1,1,1,0,0,1,0,1,0,0,0,1,1,0,0,1,1,1,1,0,0,1,1,1,1,0,1,1,1,1,0,0,0,1,1,1,1,1,1,1,0,1,0,51,163.5098039,21,7,23,32,9.607843137,22,NA,0,0,0,0,20,2,103,6,17,100,4,273,139,0,0,0,0,0,0,0,0,0,28,49,0,22,0.549019607843137,1.67,FSUS,260p3t0,19,138.983333333333,163.509803921569,2,1.07843137254902,0.372549019607843,NA,NA,260p3t0,49,0,0,0,0,1.21739130434783
262p3t0,FSUS,1,1,Control,Control,14,Male,White,Once a week,NA,B,5.28,5,3,8,A,7.6,7,3,10,2,2,0,4.2,4,4,3.67,2.5,1,0,0,0,1,0,0,0,1,0,1,1,0,0,1,0,0,0,0,0,0,0,1,0,0,0,0,1,1,1,0,0,1,0,0,1,0,1,0,1,1,0,0,0,1,0,1,0,0,0,0,0,1,0,0,0,75,132.4133333,14,13,48,47,5.466666667,6,NA,0,0,0,0,6,0,158,119,58,37,30,743,361,0,0,0,0,0,0,0,0,0,27,41,0,6,0.36,3.67,FSUS,262p3t0,28,165.516666666667,132.413333333333,2,1.28,0.546666666666667,NA,NA,262p3t0,41,0,0,0,0,0.5625
264p3t0,FSUS,1,1,Control,Control,15,Female,White,3 to 4 times a week,Yes,A,38.83,6,8,14,B,15.82,9,5,14,0,3,-3,3.4,3,4.5,1.33,2.5,0,1,0,0,0,0,0,0,1,1,1,1,1,0,1,1,0,0,1,0,0,1,0,1,1,0,1,1,0,1,1,0,1,0,1,0,1,1,1,1,0,1,1,1,0,0,1,0,0,0,0,1,0,0,0,1,39,92.05128205,5,4,30,18,3.58974359,39,NA,0,0,0,0,19,20,87,4,23,64,16,338,181,0,0,0,0,0,0,0,0,0,9,14,0,39,0.230769230769231,1.33,FSUS,264p3t0,21,59.8333333333333,92.0512820512821,2,1.05128205128205,0.384615384615385,NA,NA,264p3t0,14,0,0,0,0,0.3
266p3t0,FSUS,1,1,Control,Control,14,Male,Hispanic,Everyday,Yes,B,20.68,8,6,14,A,12.65,12,11,23,9,4,5,5.2,4,5.75,3,4.5,0,1,1,1,0,1,1,1,0,0,1,1,0,0,1,1,0,0,1,1,1,0,0,0,0,0,0,1,1,1,1,1,1,0,1,1,1,1,0,1,1,1,1,1,1,0,1,1,1,1,1,0,1,0,1,1,38,215.7368421,16,3,19,20,9.210526316,20,NA,0,0,0,0,19,1,191,13,17,79,1,666,828,0,0,0,0,0,0,0,0,0,19,35,0,20,0.5,3,FSUS,266p3t0,18,136.633333333333,215.736842105263,2,1.39473684210526,0.394736842105263,NA,NA,266p3t0,35,0,0,0,0,1
267p3t0,FSUS,1,1,Control,Control,14,Female,White,Never,Yes,B,10.17,8,7,15,A,16.1,9,8,17,2,1,1,3.8,2.5,5,1,2,0,1,1,0,1,1,1,1,0,0,1,1,0,0,1,1,0,0,1,0,0,0,0,1,1,1,0,1,1,0,1,1,1,0,0,1,1,1,0,1,1,0,0,1,1,0,1,0,0,0,1,1,0,1,1,1,30,184.1,8,0,22,6,5.333333333,16,NA,0,0,0,0,8,8,66,19,13,40,12,312,286,0,0,0,0,0,0,0,0,0,8,16,0,16,0.266666666666667,1,FSUS,267p3t0,24,92.05,184.1,2,1.46666666666667,0.433333333333333,NA,NA,267p3t0,16,0,0,0,0,0.363636363636364
332p3t0,FSUS,1,1,Control,Control,14,Male,White,Everyday,Yes,A,13.2,9,7,16,B,17.93,12,11,23,7,3,4,5.6,5.75,6.25,4.67,4.5,0,1,1,1,1,0,0,1,1,0,1,1,0,1,0,1,0,0,1,0,1,1,0,1,1,0,1,0,0,1,1,1,1,1,1,1,1,1,0,1,1,1,1,1,0,1,1,0,1,1,1,1,1,1,0,1,33,190.1818182,18,4,11,19,12.12121212,18,NA,0,0,0,0,11,7,114,10,33,105,12,427,347,0,0,0,0,0,0,0,0,0,22,40,0,18,0.666666666666667,4.67,FSUS,332p3t0,14,104.6,190.181818181818,2,1.45454545454545,0.515151515151515,NA,NA,332p3t0,40,0,0,0,0,2
333p3t0,FSUS,1,1,Control,Control,14,Male,Black or African American,Everyday,Yes,A,9.75,14,10,24,B,8.13,13,9,22,-2,-1,-1,4.8,5,7,2,5.5,1,1,1,1,1,1,1,1,1,1,1,1,1,1,0,1,1,0,1,1,1,1,0,1,1,1,1,0,0,1,1,1,1,1,1,1,1,1,1,1,1,1,1,1,0,0,1,0,1,1,0,1,1,1,0,1,77,251.2857143,31,14,32,49,9.87012987,12,NA,0,0,0,0,12,0,205,50,93,162,59,577,327,0,0,0,0,0,0,0,0,0,45,76,0,12,0.584415584415584,2,FSUS,333p3t0,28,322.483333333333,251.285714285714,2,1.53246753246753,0.584415584415584,NA,NA,333p3t0,76,0,0,0,0,1.40625
335p3t0,FSUS,1,1,Control,Control,14,Male,Black or African American,Everyday,NA,B,11.87,3,1,4,A,16.12,5,4,9,5,2,3,1.6,5.25,6.75,5,1,0,0,0,0,0,1,1,0,0,0,0,1,0,0,0,1,0,0,0,0,0,0,0,0,0,0,0,0,0,0,0,0,0,0,1,0,1,1,0,1,1,0,0,1,1,0,0,0,0,1,1,0,0,0,0,0,7,124.8571429,4,0,3,0,11.42857143,4,NA,0,0,0,0,4,0,12,9,0,55,0,75,42,0,0,0,0,0,0,0,0,0,4,8,0,4,0.571428571428571,5,FSUS,335p3t0,7,14.5666666666667,124.857142857143,2,1.42857142857143,0.285714285714286,NA,NA,335p3t0,8,0,0,0,0,1.33333333333333
337p3t0,FSUS,1,1,Control,Control,14,Male,Black or African American,3 to 4 times a week,Yes,A,9.73,3,5,8,B,8.6,5,4,9,1,2,-1,3.6,3.25,NA,5,3.5,0,1,0,0,1,0,0,0,1,0,0,0,0,0,0,1,0,1,0,0,1,1,0,1,0,0,0,0,0,0,1,0,0,0,0,0,1,1,1,0,1,0,0,0,0,0,0,0,0,0,1,1,1,0,0,1,3,251.6666667,2,0,1,0,13.33333333,0,NA,0,0,0,0,0,0,23,5,0,46,2,82,52,0,0,0,0,0,0,0,0,0,2,4,0,0,0.666666666666667,5,FSUS,337p3t0,3,12.5833333333333,251.666666666667,2,1.66666666666667,0.666666666666667,NA,NA,337p3t0,4,0,0,0,0,2
338p3t0,FSUS,1,1,Control,Control,14,Female,Mixed,3 to 4 times a week,Yes,A,17.47,7,5,12,B,12.93,8,7,15,3,1,2,5.4,5.5,6.5,1.67,4.5,1,0,1,1,1,0,1,1,0,1,0,0,0,0,0,0,0,0,1,1,0,0,0,0,1,0,1,1,1,0,1,0,1,0,1,0,1,0,0,1,1,1,1,1,0,0,0,0,0,1,1,1,1,0,0,1,12,329,3,3,6,4,7.5,1,NA,0,0,0,0,0,1,87,36,0,67,0,322,190,0,0,0,0,0,0,0,0,0,6,9,0,1,0.5,1.67,FSUS,338p3t0,8,65.8,329,2,1.83333333333333,0.5,NA,NA,338p3t0,9,0,0,0,0,1
340p3t0,FSUS,1,1,Control,Control,14,Female,Mixed,Never,Yes,B,15.05,7,4,11,A,21.13,7,7,14,3,0,3,2.6,2.25,5,1.33,1.5,1,1,1,0,1,0,0,1,1,0,0,1,0,0,0,1,0,0,1,0,0,0,0,0,1,0,0,1,1,1,0,1,1,0,1,1,0,0,0,1,0,0,0,1,1,0,1,1,1,0,1,0,0,0,0,1,13,150.5384615,2,3,8,3,5.384615385,0,NA,0,0,0,0,0,0,64,63,0,18,1,359,34,0,0,0,0,0,0,0,0,0,5,7,0,0,0.384615384615385,1.33,FSUS,340p3t0,10,32.6166666666667,150.538461538462,2,1.23076923076923,0.461538461538462,NA,NA,340p3t0,7,0,0,0,0,0.625
342p3t0,FSUS,1,1,Control,Control,15,Male,Black or African American,Once a week,Yes,B,18.45,4,8,12,A,15.27,6,4,10,-2,2,-4,NA,NA,NA,NA,NA,0,0,1,0,1,0,0,0,1,0,0,1,0,0,0,1,0,1,1,0,0,0,1,1,1,1,0,1,1,0,0,1,1,0,1,1,0,0,0,0,1,0,0,1,0,0,1,0,1,0,0,0,0,0,0,1,16,353,4,2,10,8,6.25,5,NA,0,0,0,0,4,1,29,27,0,140,2,305,174,0,0,0,0,0,0,0,0,0,6,10,0,5,0.375,NA,FSUS,342p3t0,8,94.1333333333333,353,2,1.5,0.5625,NA,NA,342p3t0,10,0,0,0,1,0.6
343p3t0,FSUS,1,1,Control,Control,15,Male,Black or African American,Everyday,Yes,B,18.85,4,2,6,A,9.77,2,3,5,-1,-2,1,3.4,6.75,4,5.67,2.5,0,1,0,0,0,1,0,0,0,1,0,0,1,0,0,0,0,0,1,1,0,0,0,0,0,0,0,0,0,1,0,0,0,0,0,0,0,0,0,0,1,0,0,0,0,0,0,1,0,0,0,0,0,1,0,1,12,356.6666667,1,5,6,4,5.833333333,0,NA,0,0,0,0,0,0,33,60,0,39,1,342,73,0,0,0,0,0,0,0,0,0,6,7,0,0,0.5,5.67,FSUS,343p3t0,8,71.3333333333333,356.666666666667,2,1.5,0.333333333333333,NA,NA,343p3t0,7,0,0,0,0,1
344p3t0,FSUS,1,1,Control,Control,14,Male,White,Everyday,NA,A,13.1,10,13,23,B,12.73,7,9,16,-7,-3,-4,5.6,4.75,6,3.67,4.5,1,1,1,1,0,0,1,1,1,0,1,1,1,0,1,1,1,0,1,1,1,1,1,1,1,1,1,1,0,1,1,0,1,1,0,0,1,0,0,1,0,1,1,1,0,1,1,0,1,1,0,1,1,0,0,1,26,242.4230769,4,13,9,8,8.076923077,4,NA,0,0,0,0,4,0,121,13,42,101,8,584,407,0,0,0,0,0,0,0,0,0,17,21,0,4,0.653846153846154,3.67,FSUS,344p3t0,18,105.05,242.423076923077,2,1.76923076923077,0.576923076923077,NA,NA,344p3t0,21,0,0,0,0,1.88888888888889
346p3t0,FSUS,1,1,Control,Control,14,Male,Black or African American,Everyday,NA,A,8.2,4,5,9,B,8.95,2,2,4,-5,-2,-3,6,6.5,4.75,3.33,5.5,1,0,0,0,0,0,0,0,1,1,0,0,1,0,0,0,1,0,1,0,0,1,1,0,1,0,0,0,1,0,0,0,0,0,1,0,0,0,0,0,0,0,0,0,0,0,0,0,0,0,0,0,1,1,0,0,5,177,3,1,1,0,14,1,NA,0,0,0,0,0,1,9,20,0,51,0,113,39,0,0,0,0,0,0,0,0,0,4,7,0,1,0.8,3.33,FSUS,346p3t0,5,14.75,177,2,1.6,0.8,NA,NA,346p3t0,7,0,0,0,0,4
361p1t1,HCR,1,1,Before,T1,13,Female,White,3 to 4 times a week,Yes,A,NA,5,9,14,B,NA,13,8,21,7,8,-1,6,5.5,5.25,3,5,0,1,0,1,0,0,0,1,0,0,0,1,0,1,1,0,1,0,1,1,0,1,1,1,0,0,1,1,1,1,1,1,1,1,1,1,1,1,0,1,1,1,1,1,0,0,1,1,1,0,0,1,1,0,0,1,22,1146.863636,10,5,7,1,11.36363636,16,52.72727273,3,5,2,1,4,1,72,38,11,62,12,429,155,2,1,2,1,1,2,2,1,11,15,25,11,5,0.681818181818182,3,HCR,361p1t1,21,88.8,242.181818181818,2,1.81818181818182,0.681818181818182,1,0.5,361p1t1,25,0,0,0,0,2.14285714285714
362p1t1,HCR,1,1,Before,T1,13,Female,White,NA,Yes,B,NA,5,6,11,A,NA,9,9,18,7,4,3,6.6,5.75,7,6.33,6.5,0,1,1,0,0,1,1,0,0,0,0,1,0,0,1,1,0,1,1,0,0,0,0,1,1,0,0,0,0,1,1,1,0,0,1,1,1,1,0,1,0,1,1,0,1,1,1,0,1,1,1,0,1,0,1,0,9,142,1,3,5,1,5.555555556,8,53,1,3,1,1,1,1,15,1,3,24,0,75,79,1,1,0,2,1,1,0,0,6,4,5,6,2,0.444444444444444,6.33,HCR,362p1t1,8,21.3,142,2,1,0.555555555555556,0.6,1,362p1t1,5,0,0,0,0,0.8
364p1t1,HCR,1,1,Before,T1,13,Female,PNS,Never,Yes,A,NA,9,7,16,B,NA,12,6,18,2,3,-1,6.2,5,6.5,3.33,6.5,0,1,0,0,1,0,1,1,1,0,1,1,1,1,0,1,1,0,1,0,0,1,0,1,0,1,0,1,1,1,1,1,1,1,1,1,1,0,0,1,1,1,1,1,0,0,1,0,1,0,0,1,0,0,0,1,14,1851,3,3,8,4,6.428571429,22,50.14285714,1,4,1,1,11,4,139,7,1,28,1,487,287,1,1,0,2,1,2,0,0,7,6,9,7,15,0.428571428571429,3.33,HCR,364p1t1,10,125.966666666667,539.857142857143,2,1.5,0.428571428571429,0.875,0.5,364p1t1,9,0,0,0,0,0.75
366p1t1,HCR,1,1,Before,T1,14,Female,White,NA,Yes,B,NA,11,9,20,A,NA,11,10,21,1,0,1,6,4,5.75,3.67,6,1,1,1,1,1,1,1,0,1,0,1,1,1,0,1,1,1,0,1,0,1,0,0,1,0,1,1,1,1,0,1,1,1,0,1,1,1,1,0,1,1,1,1,1,1,0,1,0,1,1,0,1,0,1,1,1,23,585.6956522,4,1,18,13,3.913043478,42,49.2,3,4,2,1,10,22,66,10,3,49,6,276,173,2,1,0,3,3,1,0,0,10,5,9,10,32,0.217391304347826,3.67,HCR,366p1t1,10,122.3,319.04347826087,2,1.21739130434783,0.304347826086957,0.6,0.714285714285714,366p1t1,9,0,0,0,0,0.277777777777778
367p1t2,HCR,1,1,Before,T2,13,Female,White,Once a week,Yes,A,NA,7,11,18,B,NA,12,6,18,0,5,-5,6.4,4.75,6.5,4,5.5,1,0,0,0,1,0,0,1,1,1,1,0,0,1,1,1,1,1,1,0,1,1,0,1,0,1,1,1,1,1,1,1,1,0,1,1,1,0,1,1,1,1,1,1,0,0,1,0,0,0,0,1,1,0,0,1,28,321.4642857,8,2,18,13,6.428571429,19,50.33333333,4,6,3,2,3,1,89,9,8,48,8,363,422,3,2,3,2,1,2,2,1,15,10,18,15,4,0.357142857142857,4,HCR,367p1t2,15,89.8333333333333,192.5,2,1.10714285714286,0.464285714285714,0.2,0.833333333333333,367p1t2,18,0,0,0,0,0.555555555555556
369p1t2,HCR,1,1,Before,T2,14,Female,White,NA,Yes,B,NA,8,8,16,A,NA,8,6,14,-2,0,-2,4.6,3.75,7,3.33,4.5,1,1,1,1,1,0,0,1,1,0,0,1,0,0,0,0,1,0,1,0,1,0,0,1,1,1,1,1,1,1,0,1,1,0,1,1,0,0,0,1,1,0,0,1,0,0,1,0,1,0,0,1,1,0,1,0,19,1975.947368,5,3,11,5,6.842105263,19,56.72727273,4,5,1,1,6,2,119,52,2,330,4,712,489,1,1,3,1,1,2,2,1,11,8,13,11,8,0.421052631578947,3.33,HCR,369p1t2,14,129.3,408.315789473684,2,1.68421052631579,0.315789473684211,0.1,0.333333333333333,369p1t2,13,0,0,0,0,0.727272727272727
370p1t2,HCR,1,1,Before,T2,13,Female,White,NA,Yes,B,NA,8,5,13,A,NA,11,8,19,6,3,3,3.6,2.5,5.75,2.67,3,0,1,1,1,1,1,0,0,1,0,1,1,0,0,1,1,0,1,1,0,0,0,0,1,0,0,0,0,1,1,1,1,1,0,1,1,1,0,0,1,1,1,1,1,0,0,1,0,1,1,1,1,0,0,1,0,17,1408.529412,1,1,15,3,1.764705882,23,67.33333333,2,3,1,0,14,3,65,14,29,15,8,390,451,1,0,2,0,0,2,1,0,6,2,3,6,17,0.117647058823529,2.67,HCR,370p1t2,14,80.55,284.294117647059,2,1.58823529411765,0.529411764705882,0.285714285714286,0.6,370p1t2,3,0,0,0,0,0.133333333333333
371p1t2,HCR,1,1,Before,T2,13,Female,White,Never,Yes,A,NA,5,7,12,B,NA,5,1,6,-6,0,-6,5,4,4,4,4,0,1,0,0,1,0,0,0,0,0,1,0,1,1,0,1,1,0,1,0,1,1,0,1,0,0,1,0,1,0,0,1,0,0,1,0,0,0,1,0,0,1,0,0,0,0,0,0,0,0,0,0,0,0,1,0,10,297.8,3,1,6,3,7,7,197,1,2,1,0,3,0,46,2,1,43,0,153,81,1,0,1,0,0,0,2,0,4,4,7,4,3,0.4,4,HCR,371p1t2,7,49.6333333333333,297.8,2,1.4,0.3,0.25,0,371p1t2,7,0,0,0,0,0.666666666666667
379p2t1,HCR,1,1,After,T1,14,Female,White,NA,Yes,B,NA,5,7,12,A,NA,10,8,18,6,5,1,4.2,4,6.5,4,5,0,1,0,1,1,0,0,0,1,0,0,1,0,0,1,1,0,0,1,0,0,0,0,1,1,0,1,1,1,1,1,0,1,0,1,1,1,1,0,1,0,1,1,1,1,0,1,0,0,1,1,0,0,0,1,1,13,2956.769231,1,1,11,3,2.307692308,14,2231.666667,2,3,1,1,6,1,62,8,3,50,0,240,135,1,1,0,1,2,2,0,0,7,2,3,7,7,0.153846153846154,4,HCR,379p2t1,10,93.5,431.538461538462,2,1.53846153846154,0.538461538461538,0.142857142857143,1,379p2t1,3,0,0,0,0,0.181818181818182
380p2t2,HCR,1,1,After,T2,14,Female,White,NA,Yes,B,NA,8,5,13,A,NA,9,5,14,1,1,0,6.4,2.75,7,4,7,1,0,1,1,0,0,0,1,1,0,1,1,1,0,0,1,0,1,1,0,1,0,0,1,0,0,0,0,1,1,0,1,0,0,1,1,1,1,0,1,1,0,0,0,0,0,1,0,0,1,1,0,1,0,1,0,62,11116.87097,4,1,57,35,1.451612903,117,1499.103448,11,14,1,5,56,30,121,40,15,51,23,589,331,1,5,6,6,5,2,6,1,31,5,9,31,86,0.0806451612903226,4,HCR,380p2t2,27,461.416666666667,446.532258064516,2,1.06451612903226,0.435483870967742,0.233333333333333,0.823529411764706,380p2t2,9,0,0,0,0,0.087719298245614
384p2t2,HCR,1,1,After,T2,13,Female,White,Once a month or less,Yes,A,NA,10,7,17,B,NA,12,9,21,4,2,2,4.6,3,6,4,4,0,0,1,1,1,0,1,1,1,1,0,1,1,1,1,1,0,0,1,0,0,1,1,1,0,0,1,0,0,1,1,1,1,1,1,1,1,0,1,1,1,1,1,1,0,0,1,1,1,0,0,1,1,1,0,1,23,1963.695652,2,0,21,13,1.739130435,19,36.75,2,2,1,0,10,4,27,10,4,160,2,212,111,1,0,2,1,0,0,1,0,5,2,4,5,14,0.0869565217391304,4,HCR,384p2t2,10,163.733333333333,427.130434782609,2,1.34782608695652,0.391304347826087,0.4,0.5,384p2t2,4,0,0,0,0,0.0952380952380952
393p3t0,HCR,1,1,Control,Control,14,Female,White,NA,Yes,B,NA,10,12,22,A,NA,11,8,19,-3,1,-4,6.2,6,6,7,7,0,1,1,0,1,1,1,1,1,0,1,1,0,1,1,1,1,0,1,1,1,0,1,1,1,1,1,1,1,1,1,1,1,0,1,1,1,1,0,1,0,1,1,1,0,0,1,1,1,0,0,0,1,0,1,1,59,643.5084746,8,10,41,31,4.406779661,31,NA,0,0,0,0,23,8,295,236,13,25,13,1312,287,0,0,0,0,0,0,0,0,0,18,26,0,31,0.305084745762712,7,HCR,393p3t0,28,193.983333333333,197.271186440678,2,1.52542372881356,0.491525423728814,NA,NA,393p3t0,26,0,0,0,0,0.439024390243902
444p3t0,FSUS,1,1,Control,Control,14,Male,White,Everyday,Yes,A,23.25,7,9,16,B,11,9,6,15,-1,2,-3,4,4,4.25,4,4,1,0,1,1,1,1,0,0,1,1,0,0,0,0,1,1,0,1,1,1,0,1,1,1,0,0,0,1,0,1,1,1,0,1,1,0,1,0,1,1,1,0,1,1,0,0,1,1,0,0,0,1,0,0,0,1,5,162.6,0,2,3,0,4,0,NA,0,0,0,0,0,0,13,9,0,0,0,77,20,0,0,0,0,0,0,0,0,0,2,2,0,0,0.4,4,FSUS,444p3t0,5,13.55,162.6,1,1.6,0.6,NA,NA,444p3t0,2,0,0,0,0,0.666666666666667
a1001p1t1,DCSD,1,1,Before,T1,NA,NA,NA,NA,NA,A,2005.37,10,13,23,A,11.4,12,13,25,2,2,0,5.8,4.5,5,2,4,1,1,1,0,1,0,1,1,1,1,0,0,1,1,1,0,1,1,1,1,1,1,1,1,1,1,1,1,1,1,1,1,1,0,1,1,1,1,0,1,1,1,1,1,1,1,1,1,1,1,1,0,1,1,1,1,37,383.2162162,16,16,5,9,12.97297297,39,54.68421053,5,8,2,4,17,3,233,26,57,186,43,575,242,2,4,2,3,3,3,2,1,19,32,48,19,20,0.864864864864865,2,DCSD,a1001p1t1,28,200.65,325.378378378378,2,1.7027027027027,0.756756756756757,1.31578947368421,0.785714285714286,a1001p1t1,48,0,0,0,0,6.4
a1019p1t1,DCSD,1,1,Before,T1,NA,NA,NA,NA,NA,A,17.8,11,9,20,B,17.23,12,10,22,2,1,1,6.4,5.5,6.25,5.33,6.5,1,1,1,1,1,0,1,1,1,1,1,1,0,0,1,0,0,0,1,1,1,1,0,1,1,0,1,1,0,1,1,1,1,1,1,1,1,1,0,1,1,1,1,1,1,0,1,1,1,1,0,1,1,0,1,0,32,645.5,13,12,7,6,11.875,27,64.70588235,3,7,3,4,10,0,197,42,40,58,37,640,281,3,4,1,3,2,2,2,1,17,25,38,17,10,0.78125,5.33,DCSD,a1019p1t1,26,241.183333333333,452.21875,2,1.84375,0.78125,1.27777777777778,0.785714285714286,a1019p1t1,38,0,0,0,0,3.57142857142857
a1027p1t1,DCSD,1,1,Before,T1,NA,NA,NA,NA,NA,A,5.12,3,3,6,A,4.7,4,6,10,4,1,3,4,5,3.75,3,6.5,1,0,0,1,0,0,0,1,0,0,0,0,0,0,1,0,0,0,0,0,1,0,0,0,1,0,0,0,0,0,0,0,0,0,0,0,1,1,0,1,0,1,1,1,1,0,0,1,0,0,0,0,1,0,0,1,4,3058.25,0,1,3,0,2.5,4,64.66666667,0,2,1,0,1,0,10,11,0,22,0,41,1,1,0,0,1,0,1,0,0,3,1,1,3,1,0.25,3,DCSD,a1027p1t1,4,62.6166666666667,939.25,1,1.75,0.75,0,0,a1027p1t1,1,0,0,0,0,0.333333333333333
a1031p2t1,DCSD,1,1,After,T1,NA,NA,NA,NA,NA,A,23.15,6,8,14,B,5.53,5,2,7,-7,-1,-6,3.4,3,3.75,3.33,2.5,0,1,0,1,0,1,0,0,1,0,0,0,1,1,1,0,0,0,1,1,0,0,1,1,0,1,1,1,0,1,0,0,0,1,0,1,0,0,1,1,0,0,0,0,0,1,0,0,0,0,0,1,0,0,0,0,7,491.4285714,2,1,4,0,7.142857143,23,54.33333333,0,2,0,1,9,11,29,1,3,43,2,105,68,0,1,0,1,0,1,0,0,3,3,5,3,20,0.428571428571429,3.33,DCSD,a1031p2t1,7,57.3333333333333,491.428571428571,2,1.42857142857143,0.714285714285714,1,1,a1031p2t1,5,0,0,0,0,0.75
a1032p2t2,DCSD,1,1,After,T2,NA,NA,NA,NA,NA,A,97.88,8,10,18,A,18.9,8,11,19,1,0,1,4,2.75,5.5,1,3,0,0,1,1,1,0,0,1,1,1,0,1,1,0,0,1,0,0,1,0,1,1,1,1,1,1,1,1,0,1,0,1,0,0,1,0,1,1,0,1,1,1,0,1,1,0,1,0,1,1,1,1,1,1,1,1,17,358.8235294,5,1,11,0,6.470588235,35,53.14285714,2,2,2,1,18,10,73,13,2,34,3,357,366,2,1,1,1,1,0,1,0,7,6,11,7,28,0.352941176470588,1,DCSD,a1032p2t2,17,101.666666666667,358.823529411765,2,1.35294117647059,0.470588235294118,0.428571428571429,0.4,a1032p2t2,11,0,0,0,0,0.545454545454545
a1040p2t2,DCSD,1,1,After,T2,NA,NA,NA,NA,NA,A,140.32,12,9,21,A,11.02,11,10,21,0,-1,1,6.4,4,5.25,3,7,1,1,1,1,1,0,1,1,1,1,0,1,1,1,1,0,1,0,1,0,1,1,0,1,1,0,1,1,0,1,1,1,1,0,1,1,1,1,0,1,1,1,1,0,1,0,1,1,1,1,0,1,1,0,1,1,20,340.95,5,3,12,0,6.5,32,49.7,3,4,2,1,18,4,108,14,21,55,18,301,227,2,1,2,1,1,1,2,1,10,8,13,10,22,0.4,3,DCSD,a1040p2t2,20,113.65,340.95,2,1.7,0.75,0.7,0.75,a1040p2t2,13,0,0,0,0,0.666666666666667
a1045p2t1,DCSD,1,1,After,T1,NA,NA,NA,NA,NA,A,154.82,9,8,17,A,13.12,11,8,19,2,2,0,5,4.25,5.25,1.67,3,0,1,0,0,0,1,1,1,1,1,0,1,1,1,1,0,0,0,0,0,1,1,1,1,0,1,1,1,0,1,1,1,0,1,1,1,1,1,0,1,1,1,1,0,0,0,0,0,1,1,1,1,0,1,1,1,18,365.2777778,2,5,11,0,5,24,52.875,1,5,1,1,15,1,159,5,26,175,12,573,418,1,1,1,2,0,2,1,0,8,7,9,8,16,0.388888888888889,1.67,DCSD,a1045p2t1,18,109.583333333333,365.277777777778,2,1.72222222222222,0.5,0.5,0.4,a1045p2t1,9,0,0,0,0,0.636363636363636
a1051p2t1,DCSD,1,1,After,T1,NA,NA,NA,NA,NA,A,14.5,12,12,24,B,11.32,13,10,23,-1,1,-2,6.4,4,6.25,6,5,1,1,1,1,0,1,1,1,1,1,1,1,1,0,1,1,1,0,1,1,1,1,0,1,1,1,1,1,1,1,1,1,1,1,1,1,0,1,1,1,1,1,1,1,0,0,1,1,1,1,1,1,1,1,0,0,35,379.7714286,5,10,20,7,5.714285714,21,45.27777778,5,8,2,3,2,1,272,5,25,46,20,573,473,2,3,3,3,2,2,3,1,18,15,20,18,3,0.428571428571429,6,DCSD,a1051p2t1,28,212.266666666667,363.885714285714,2,1.25714285714286,0.371428571428571,0.5,0.727272727272727,a1051p2t1,20,0,0,0,0,0.75
a1056p2t2,DCSD,1,1,After,T2,NA,NA,NA,NA,NA,A,227.22,11,12,23,A,17.68,11,11,22,-1,0,-1,5.6,3.75,6.25,3.33,5,1,1,0,0,1,1,1,1,1,1,1,1,1,0,1,1,0,0,1,1,1,1,1,1,1,1,1,1,0,1,1,1,1,1,1,1,0,1,0,1,1,1,1,1,0,0,1,1,1,1,0,1,1,1,1,1,16,452.1875,2,5,9,1,5.625,9,68.42857143,2,2,1,2,2,0,127,108,2,29,1,885,99,1,2,1,1,1,0,1,0,7,7,9,7,2,0.4375,3.33,DCSD,a1056p2t2,15,120.583333333333,452.1875,2,1.75,0.6875,0.428571428571429,0.5,a1056p2t2,9,0,0,0,0,0.777777777777778
b1013p1t1,DCSD,1,1,Before,T1,NA,NA,NA,NA,NA,B,20.65,13,10,23,A,11.7,12,12,24,1,-1,2,6.8,6.25,6.75,4,6,1,1,1,1,1,1,1,1,1,0,1,1,1,1,1,1,0,0,1,1,1,0,1,1,1,1,0,1,1,1,1,1,1,0,1,1,1,1,0,1,1,1,0,1,1,0,1,1,1,1,1,1,1,1,1,1,34,885,17,6,11,9,11.76470588,19,74.61111111,3,5,6,4,0,1,234,15,31,125,12,519,531,6,4,1,2,2,2,1,1,18,23,40,18,1,0.676470588235294,4,DCSD,b1013p1t1,25,326.45,576.088235294118,2,1.67647058823529,0.617647058823529,1.26315789473684,0.416666666666667,b1013p1t1,40,0,0,0,0,2.09090909090909
b1037p2t1,DCSD,1,1,After,T1,NA,NA,NA,NA,NA,B,25.03,9,9,18,A,16,12,11,23,5,3,2,5.4,5.25,4,1.67,2.5,1,1,1,0,1,0,0,0,1,1,1,0,1,1,1,1,0,0,1,1,1,0,0,1,1,1,0,1,1,1,1,1,1,0,1,1,1,1,0,1,1,1,1,1,1,0,1,1,1,0,1,1,1,0,1,1,46,2251.086957,18,2,26,19,8.260869565,34,114.44,5,10,2,8,9,0,127,15,72,102,43,591,396,2,8,2,5,3,2,3,1,25,20,38,25,9,0.434782608695652,1.67,DCSD,b1037p2t1,27,550.633333333333,718.217391304348,2,1.69565217391304,0.608695652173913,0.96,0.714285714285714,b1037p2t1,38,0,0,0,0,0.769230769230769
b1041p2t1,DCSD,1,1,After,T1,NA,NA,NA,NA,NA,B,81.97,10,8,18,A,13.28,10,10,20,2,0,2,5.4,2.5,6,4,4,1,1,1,1,0,1,1,1,1,0,0,1,1,0,0,1,0,1,1,0,1,0,0,1,1,1,0,1,0,1,0,1,1,0,1,1,1,1,0,1,1,1,1,1,0,1,1,0,0,1,1,1,1,0,1,1,9,1240.888889,1,2,6,1,4.444444444,22,60,0,2,0,1,9,10,821,4,26,67,7,552,289,0,1,0,1,0,1,0,0,3,3,4,3,19,0.333333333333333,4,DCSD,b1041p2t1,8,118.466666666667,789.777777777778,2,1.55555555555556,0.777777777777778,0.333333333333333,1,b1041p2t1,4,0,0,0,0,0.5
b1057p2t1,DCSD,1,1,After,T1,NA,NA,NA,NA,NA,B,101.85,12,9,21,A,9.62,11,9,20,-1,-1,0,4.6,2.75,5,2.67,4,1,1,1,0,1,1,1,1,1,1,1,1,0,1,1,1,0,0,1,1,1,0,0,1,1,1,0,1,1,1,1,1,1,0,1,1,1,1,0,0,1,1,0,1,0,0,1,0,0,1,1,1,1,1,1,1,14,175.6428571,2,2,10,1,4.285714286,15,60.66666667,0,2,0,1,12,0,74,11,13,49,12,212,127,0,1,0,1,0,1,0,0,3,4,6,3,12,0.285714285714286,2.67,DCSD,b1057p2t1,13,40.9833333333333,175.642857142857,2,1.57142857142857,0.714285714285714,0.5,0.666666666666667,b1057p2t1,6,0,0,0,0,0.4
b1067p3t0,DCSD,1,1,Control,Control,NA,NA,NA,NA,NA,B,78.33,10,9,19,B,10.17,14,10,24,5,4,1,6.4,5.25,7,2.67,7,1,1,1,0,1,1,1,0,1,1,0,1,1,0,1,1,0,0,1,0,1,0,1,1,1,1,0,1,1,1,1,1,1,1,1,1,1,1,1,1,1,1,1,1,0,0,1,0,1,1,1,1,1,1,0,1,24,2672.458333,9,12,3,2,12.5,30,NA,0,0,0,0,26,4,181,20,64,142,25,607,433,0,0,0,0,0,0,0,0,0,21,30,0,30,0.875,2.67,DCSD,b1067p3t0,22,149.5,373.75,2,2.04166666666667,0.708333333333333,NA,NA,b1067p3t0,30,0,0,0,0,7
b1069p3t0,DCSD,1,1,Control,Control,NA,NA,NA,NA,NA,B,12.55,14,10,24,B,15.6,14,11,25,1,0,1,3.4,5,3,3.67,3.5,1,1,1,1,1,1,1,1,1,1,1,1,1,1,1,1,0,0,1,1,1,0,1,1,1,1,0,1,1,1,1,1,1,1,1,1,1,1,1,1,1,1,1,1,0,0,1,1,1,1,1,1,1,1,0,1,38,847.0526316,16,11,11,11,11.31578947,4,NA,0,0,0,0,2,2,92,14,46,28,30,339,222,0,0,0,0,0,0,0,0,0,27,43,0,4,0.710526315789474,3.67,DCSD,b1069p3t0,27,126.15,199.184210526316,2,1.44736842105263,0.526315789473684,NA,NA,b1069p3t0,43,0,0,0,0,2.45454545454545
b1084p3t0,DCSD,1,1,Control,Control,NA,NA,NA,NA,NA,B,11.9,10,8,18,B,9.25,7,6,13,-5,-3,-2,1.6,4.5,4,1,2.5,0,1,1,1,1,0,1,0,1,1,1,1,0,1,1,1,0,0,1,1,1,0,0,1,0,1,0,1,0,1,0,1,1,0,1,1,1,0,1,0,0,0,0,1,0,0,1,0,1,1,0,1,0,0,0,1,23,574.6521739,5,6,12,6,6.956521739,18,NA,0,0,0,0,13,5,58,38,8,14,1,529,95,0,0,0,0,0,0,0,0,0,11,16,0,18,0.478260869565217,1,DCSD,b1084p3t0,17,155.933333333333,406.782608695652,2,1.30434782608696,0.608695652173913,NA,NA,b1084p3t0,16,0,0,0,0,0.916666666666667
