"","Duration (in seconds)","Finished","RecordedDate","UserID1","IMI_1","IMI_2","IMI_3","IMI_4","IMI_5","IMI_6","IMI_7","IMI_8","IMI_9","IMI_10","IMI_11","IMI_12","IMI_13","IMI_14","IMI_15","IMI_16","IMI_17","IMI_18","IMI_DO_1","IMI_DO_2","IMI_DO_3","IMI_DO_4","IMI_DO_5","IMI_DO_6","IMI_DO_7","IMI_DO_8","IMI_DO_9","IMI_DO_10","IMI_DO_11","IMI_DO_12","IMI_DO_13","IMI_DO_14","IMI_DO_15","IMI_DO_16","IMI_DO_17","IMI_DO_18","A-NQ1","A-NQ2","A-NQ3","A-NQ4","A-NQ5","A-NQ6","A-NQ7","A-NQ8","A-NQ12","A-NQ13","A-NQ14","A-FQ1","A-FQ2","A-FQ3","A-FQ4","A-FQ5","A-FQ6","A-FQ7","A-FQ8","Q90","Q74","PA1","PA2","PA3","PA4","PA5","PA6","PA7","SC0","FL_5_DO_NearQ1EcTLever1","FL_5_DO_NearQ2EcT-Lever2","FL_5_DO_NearQ3EcT-Pendulum1","FL_5_DO_NearQ4EcT-Pendulum2","FL_5_DO_NearQ5EcT-Ramp1","FL_5_DO_NearQ6EcT-Ramp2","FL_5_DO_NearQ7EcT-Springboard1","FL_5_DO_NearQ8EcT-Springboard2","FL_5_DO_NearQ12PoT-Lever-Mass2","FL_5_DO_NearQ13PoT-Springboard1","FL_5_DO_NearQ14PoT-Springboard2","FL_5_DO_FarQ1EcT-Lever1","FL_5_DO_FarQ2EcT-Lever2","FL_5_DO_FarQ3EcT-Pendulum1","FL_5_DO_FarQ4EcT-Pendulum2","FL_5_DO_FarQ5EcT-Ramp1","FL_5_DO_FarQ6EcT-Ramp2","FL_5_DO_FarQ7EcT-Springboard1","FL_5_DO_FarQ8EcT-Springboard2","SupportQuestions_DO_PA5","SupportQuestions_DO_PA4","SupportQuestions_DO_PA3","SupportQuestions_DO_PA2","SupportQuestions_DO_PA1","SupportQuestions_DO_Q78","SupportQuestions_DO_PA7","SupportQuestions_DO_PA6","NQcount","FQcount","IMIcount","PAcount","FL5count","SupCount","TotalResponses","ValidResponses","StudyID","Score-A-NQ1","Score-A-NQ2","Score-A-NQ3","Score-A-NQ4","Score-A-NQ5","Score-A-NQ6","Score-A-NQ7","Score-A-NQ8","Score-A-NQ12","Score-A-NQ13","Score-A-NQ14","Score-A-FQ1","Score-A-FQ2","Score-A-FQ3","Score-A-FQ4","Score-A-FQ5","Score-A-FQ6","Score-A-FQ7","Score-A-FQ8","Score-NearECT","Score-NearPOT","Score-FarECT","reversed-IMI_3","reversed-IMI_4","reversed-IMI_9","reversed-IMI_11","reversed-IMI_13","reversed-IMI_15","Enj","PC","Effort","Frust","Value","Total"
"1",481,TRUE,2022-11-30 13:42:33,"C0066",6,6,2,2,6,4,5,6,2,5,2,5,2,2,5,3,6,5,6,2,13,5,4,1,18,16,17,15,10,11,8,14,9,3,7,12,1,2,2,1,3,1,2,1,2,2,2,1,3,3,3,2,2,1,2,"C0066",4,2,5,11,3,12,12,11,17,3,5,6,10,17,14,18,2,7,4,16,9,11,12,8,13,1,15,19,4,7,2,5,6,1,8,3,11,8,36,7,19,8,89,TRUE,"C0066",1,1,0,0,0,0,0,0,1,0,0,1,0,1,0,0,0,0,0,2,1,2,2,2,2,2,2,5,30,21,22,8,11,92
"2",514,TRUE,2022-11-30 13:42:52,"A0202",1,1,7,7,1,2,2,2,5,2,4,3,3,1,5,2,1,1,10,2,15,18,5,8,1,9,11,4,12,3,13,14,6,7,17,16,1,2,2,1,3,2,2,1,3,2,2,2,3,3,3,2,1,1,2,"A0202",4,5,4,14,2,12,12,12,14,17,2,5,10,4,11,16,19,8,3,7,6,9,15,12,13,18,14,1,2,7,4,6,3,1,8,5,11,8,36,7,19,8,89,TRUE,"A0202",1,1,0,0,0,0,0,0,0,0,0,0,0,1,0,0,0,0,0,2,0,1,7,7,5,4,3,5,5,9,14,6,2,36
"3",556,TRUE,2022-11-30 13:42:58,"F0235",5,5,2,2,5,4,3,4,3,3,4,4,2,3,3,5,5,4,11,5,18,8,16,4,7,3,1,14,15,10,17,12,6,2,13,9,1,2,2,1,3,1,2,1,2,2,2,1,3,2,3,2,4,1,2,"Fo235",5,NA,NA,NA,NA,NA,NA,NA,15,8,6,2,16,9,4,3,14,18,19,1,13,7,12,5,10,17,15,11,NA,NA,NA,NA,NA,NA,NA,NA,11,8,36,0,19,0,74,TRUE,"F0235",1,1,0,0,0,0,0,0,1,0,0,1,0,0,0,0,0,0,0,2,1,1,2,2,3,4,2,3,27,16,17,13,9,82
"4",560,TRUE,2022-11-30 13:43:25,"C0022",5,5,3,2,5,6,4,5,3,6,2,6,2,2,4,3,4,5,10,13,4,5,12,8,3,2,11,1,16,6,18,9,17,15,14,7,1,2,1,1,3,1,1,1,2,2,1,1,3,2,3,2,3,1,3,"C0022",4,2,1,12,4,13,15,10,11,14,8,19,12,11,5,9,3,15,6,17,16,2,18,7,1,10,4,13,2,6,3,4,7,1,8,5,11,8,36,7,19,8,89,TRUE,"C0022",1,1,1,0,0,0,1,0,1,0,0,1,0,0,0,0,1,0,1,4,1,3,3,2,3,2,2,4,26,20,24,9,9,88
"5",585,TRUE,2022-11-30 13:43:40,"A0189",4,6,4,2,4,3,4,2,4,4,3,5,4,4,3,4,6,4,13,9,1,2,16,3,18,17,10,14,8,12,6,4,15,7,5,11,1,2,2,1,1,2,2,1,2,1,4,1,3,2,4,2,1,3,2,"A0189",4,2,1,11,3,14,13,11,11,3,4,17,13,19,8,5,18,11,7,12,10,6,14,2,9,16,15,1,3,5,7,4,2,1,8,6,11,8,36,7,19,8,89,TRUE,"A0189",1,1,0,0,1,0,0,0,1,0,0,1,0,0,0,0,0,0,0,3,1,1,4,2,4,3,4,3,24,13,18,13,10,78
"6",530,TRUE,2022-11-30 13:44:53,"C3115",6,5,2,6,5,4,6,4,5,5,4,5,3,5,4,5,6,5,2,11,10,14,13,4,8,18,17,7,15,1,6,16,5,9,12,3,1,2,2,1,4,1,2,1,2,1,2,1,4,3,3,2,2,1,2,"C3115",4,1,2,12,5,14,14,10,14,14,2,7,10,4,11,17,19,3,15,6,9,12,18,5,13,1,8,16,6,3,7,2,5,1,8,4,11,8,36,7,19,8,89,TRUE,"C3115",1,1,0,0,0,0,0,0,1,0,0,1,0,1,0,0,0,0,0,2,1,2,2,6,5,4,3,4,24,17,19,14,11,85
"7",660,TRUE,2022-11-30 13:45:11,"F0044",7,7,1,1,7,7,7,7,1,6,1,5,1,5,1,7,7,7,10,12,3,7,16,2,15,1,17,4,13,5,8,11,14,6,18,9,1,2,1,1,3,2,2,1,2,2,2,1,2,3,4,2,2,1,2,"F0044",5,NA,NA,NA,NA,NA,NA,NA,15,8,2,1,18,14,9,17,6,12,3,13,4,16,15,7,11,5,19,10,NA,NA,NA,NA,NA,NA,NA,NA,11,8,36,0,19,0,74,TRUE,"F0044",1,1,1,0,0,0,0,0,1,0,0,1,1,1,0,0,0,0,0,3,1,3,1,1,1,1,1,1,35,28,25,19,14,121
"8",541,TRUE,2022-11-30 13:45:27,"A3294",5,7,1,2,7,4,2,4,4,6,1,6,2,2,3,2,5,6,16,18,12,5,13,10,11,6,14,7,3,2,4,15,1,9,8,17,1,2,2,1,1,1,2,1,2,2,2,1,3,3,3,2,2,1,2,"A3294",4,2,2,13,4,12,13,11,16,14,7,13,1,9,6,5,2,10,15,19,18,17,8,11,12,3,16,4,5,6,7,4,2,1,8,3,11,8,36,7,19,8,89,TRUE,"A3294",1,1,0,0,1,0,0,0,1,0,0,1,0,1,0,0,0,0,0,3,1,2,1,2,4,1,2,3,32,14,25,9,11,91
"9",582,TRUE,2022-11-30 13:45:50,"F3452",5,6,1,1,6,2,4,5,2,6,1,7,2,5,2,4,6,4,2,9,6,11,8,10,4,15,18,14,17,12,5,3,16,13,1,7,1,2,1,2,3,1,1,1,2,3,2,1,3,2,3,2,2,1,2,"F3452",5,NA,NA,NA,NA,NA,NA,NA,12,18,19,5,6,7,12,16,3,1,17,2,9,8,14,4,10,13,11,15,NA,NA,NA,NA,NA,NA,NA,NA,11,8,36,0,19,0,74,TRUE,"F3452",1,1,1,1,0,0,1,0,1,1,0,1,0,0,0,0,0,0,0,5,2,1,1,1,2,1,2,2,31,17,26,15,10,99
"10",600,TRUE,2022-11-30 13:46:01,"C3104",4,6,4,6,4,6,4,7,1,6,4,1,2,2,2,4,5,4,5,1,13,10,4,17,15,11,18,12,16,6,3,2,14,9,8,7,1,1,3,1,3,1,2,1,2,2,2,2,3,1,4,2,3,3,2,"C3104",4,2,2,12,3,13,12,10,11,5,12,7,10,4,13,6,19,18,17,11,14,9,1,3,8,16,15,2,5,4,2,3,6,1,8,7,11,8,36,7,19,8,89,TRUE,"C3104",1,0,0,0,0,0,0,0,1,0,0,0,0,0,0,0,1,0,0,1,1,1,4,6,1,4,2,2,20,24,17,12,9,82
"11",573,TRUE,2022-11-30 13:46:05,"A3430",6,7,1,1,6,6,5,6,2,6,1,6,1,4,2,7,6,5,14,18,6,7,16,9,1,2,13,3,8,4,11,10,15,5,17,12,1,2,3,1,4,2,2,1,2,2,2,1,2,3,3,2,1,1,4,"A3430",4,3,5,12,1,12,12,12,12,16,19,17,4,7,2,3,13,15,14,1,6,12,11,8,9,18,5,10,7,6,5,4,3,1,8,2,11,8,36,7,19,8,89,TRUE,"A3430",1,1,0,0,0,0,0,0,1,0,0,1,1,1,0,0,0,0,0,2,1,3,1,1,2,1,1,2,33,23,26,17,11,110
"12",588,TRUE,2022-11-30 13:46:14,"C3429",5,6,2,2,2,5,5,5,4,6,2,5,2,3,3,4,6,3,3,7,12,6,14,8,15,18,1,4,5,10,9,13,16,17,11,2,1,2,2,1,3,4,2,1,2,2,2,1,3,1,4,2,4,1,2,"C3429",4,2,2,14,3,14,13,9,15,17,4,16,1,11,12,14,7,15,3,5,10,8,18,6,2,19,9,13,5,3,4,7,2,1,8,6,11,8,36,7,19,8,89,TRUE,"C3429",1,1,0,0,0,0,0,0,1,0,0,1,0,0,0,0,0,0,0,2,1,1,2,2,4,2,2,3,25,19,23,12,9,88
"13",606,TRUE,2022-11-30 13:46:16,"A3351",6,6,2,1,7,4,2,2,4,4,2,5,4,1,5,2,6,6,15,12,5,16,14,1,10,8,9,6,7,3,11,13,2,4,18,17,1,2,1,1,1,4,2,4,2,2,1,1,4,2,3,2,4,2,2,"A3351",4,2,4,13,2,13,14,10,9,2,18,12,5,4,10,1,11,14,17,19,15,9,8,3,7,6,16,13,2,3,5,6,7,1,8,4,11,8,36,7,19,8,89,TRUE,"A3351",1,1,1,0,1,0,0,0,1,0,0,1,0,0,0,0,0,0,0,4,1,1,2,1,4,2,4,5,32,12,19,6,12,81
"14",655,TRUE,2022-11-30 13:46:43,"A3339",6,7,1,1,6,4,3,5,2,5,3,5,2,4,4,7,7,6,9,17,16,6,4,18,14,12,10,13,5,2,1,11,7,15,8,3,1,2,2,1,3,1,2,1,2,2,1,4,3,3,3,2,3,1,2,"A3339",4,4,2,12,1,12,14,12,14,17,10,15,5,13,7,4,19,12,11,16,14,8,3,18,6,9,2,1,3,4,7,6,5,1,8,2,11,8,36,7,19,8,89,TRUE,"A3339",1,1,0,0,0,0,0,0,1,0,0,0,0,1,0,0,1,0,0,2,1,2,1,1,2,3,2,4,33,18,21,15,13,100
"15",775,TRUE,2022-11-30 13:47:00,"A0011",3,2,4,3,4,3,2,3,7,5,2,6,2,1,6,2,3,5,11,13,17,9,2,12,10,3,7,8,4,15,6,14,5,18,1,16,3,2,3,1,3,3,2,1,2,2,2,1,3,3,3,1,3,1,2,"A0011",4,2,2,12,3,12,13,11,14,1,13,18,12,10,6,9,3,7,11,14,19,15,16,4,17,2,8,5,4,5,2,7,3,1,8,6,11,8,36,7,19,8,89,TRUE,"A0011",0,1,0,0,0,1,0,0,1,0,0,1,0,1,0,1,1,0,0,2,1,4,4,3,7,2,2,6,18,9,23,5,8,63
"16",672,TRUE,2022-11-30 13:47:38,"C3148",4,4,2,2,3,6,5,5,2,4,1,7,1,2,3,4,4,4,1,3,2,10,15,12,16,7,11,8,5,18,17,13,6,14,4,9,2,1,2,1,2,2,2,1,1,2,3,4,3,3,2,2,3,1,2,NA,4,3,4,14,4,13,15,12,11,10,8,14,7,16,19,13,6,17,1,11,9,2,18,5,3,15,12,4,2,7,4,6,5,1,8,3,11,8,36,7,19,8,89,TRUE,"C3148",0,0,0,0,0,0,0,0,0,0,1,0,0,1,1,0,1,0,0,0,1,3,2,2,2,1,1,3,23,22,25,11,8,89
"17",866,TRUE,2022-11-30 13:50:58,"F3126",3,3,1,3,2,2,2,3,3,4,1,2,1,2,3,1,4,2,11,7,4,1,12,6,10,17,3,16,9,14,5,8,15,13,2,18,1,4,2,1,3,1,2,1,2,2,4,2,3,2,3,2,3,2,2,"F3126",5,NA,NA,NA,NA,NA,NA,NA,11,10,6,4,9,3,19,12,8,16,7,14,5,17,13,2,18,15,11,1,NA,NA,NA,NA,NA,NA,NA,NA,11,8,36,0,19,0,74,TRUE,"F3126",1,0,0,0,0,0,0,0,1,0,0,0,0,0,0,0,1,0,0,1,1,1,1,3,3,1,1,3,20,12,20,8,6,66
"18",936,TRUE,2022-11-30 13:52:05,"A3328",7,6,2,1,6,5,3,5,2,6,2,5,2,3,6,4,5,6,8,3,11,4,13,16,14,15,2,9,12,18,1,7,6,5,17,10,1,2,2,1,3,1,2,4,2,2,4,1,3,2,3,2,4,1,2,"A3328",4,2,3,12,3,14,13,10,13,17,7,4,2,19,10,6,15,9,18,14,16,1,8,5,11,13,12,3,5,2,3,6,4,1,8,7,11,8,36,7,19,8,89,TRUE,"A3328",1,1,0,0,0,0,0,0,1,0,0,1,0,0,0,0,0,0,0,2,1,1,2,1,2,2,2,6,32,19,23,9,11,94
"19",344,TRUE,2022-11-30 14:37:38,"F3722",4,5,3,2,4,6,4,5,3,3,2,4,2,4,3,3,3,4,4,3,18,9,10,8,12,14,5,13,15,11,2,6,1,7,16,17,1,2,1,1,3,1,2,1,2,2,2,1,3,2,3,2,2,1,2,"F3722",5,NA,NA,NA,NA,NA,NA,NA,15,1,9,11,6,14,2,17,16,3,13,7,15,8,18,12,10,5,19,4,NA,NA,NA,NA,NA,NA,NA,NA,11,8,36,0,19,0,74,TRUE,"F3722",1,1,1,0,0,0,0,0,1,0,0,1,0,0,0,0,0,0,0,3,1,1,3,2,3,2,2,3,24,20,19,12,7,82
"20",482,TRUE,2022-11-30 14:38:33,"A2057",7,7,1,1,7,7,7,7,1,7,1,7,1,7,2,7,7,7,2,8,17,14,3,13,15,5,1,7,6,4,12,16,10,9,18,11,1,1,2,1,3,1,2,1,2,2,2,2,3,3,3,2,4,3,2,"A2057",4,1,1,11,1,15,15,12,13,14,16,11,5,12,18,6,4,17,9,2,10,8,1,13,3,19,15,7,5,2,6,4,7,1,8,3,11,8,36,7,19,8,89,TRUE,"A2057",1,0,0,0,0,0,0,0,1,0,0,0,0,1,0,0,0,0,0,1,1,1,1,1,1,1,1,2,35,28,28,20,14,125
"21",533,TRUE,2022-11-30 14:38:34,"F2024",5,6,2,7,5,6,7,7,5,6,4,2,7,2,5,6,7,6,10,16,4,6,13,8,5,2,7,12,15,11,17,9,18,1,3,14,2,2,4,3,3,2,4,2,3,4,2,4,3,1,3,2,3,2,3,"F2024",4,4,2,13,4,13,11,9,5,15,8,16,6,1,13,4,10,12,18,17,14,19,3,9,5,11,2,7,4,6,5,2,3,1,8,7,11,8,36,7,19,8,89,TRUE,"F2024",0,1,0,0,0,0,0,0,0,0,0,0,0,0,0,0,1,0,1,1,0,2,2,7,5,4,7,5,23,23,13,11,13,83
"22",429,TRUE,2022-11-30 14:39:04,"A3799",7,7,2,1,5,4,3,7,3,5,4,6,1,7,2,7,4,6,6,17,1,14,7,3,8,18,13,12,16,9,4,11,15,5,10,2,3,2,2,2,1,1,2,2,1,3,4,2,3,2,1,1,2,3,2,"A3799",4,1,3,13,1,12,13,11,6,10,7,14,16,13,11,3,6,4,2,1,18,12,19,8,5,17,15,9,2,3,5,7,4,1,8,6,11,8,36,7,19,8,89,TRUE,"A3799",0,1,0,1,1,0,0,0,0,1,0,0,0,0,0,1,0,0,0,3,1,1,2,1,3,4,1,2,32,19,22,20,10,103
"23",421,TRUE,2022-11-30 14:39:04,"C3395",4,5,1,2,5,6,6,7,3,5,1,5,2,3,3,4,6,3,1,5,13,6,16,9,15,12,7,2,18,17,10,14,11,4,3,8,1,2,2,1,3,1,4,2,2,2,2,1,3,3,2,2,2,1,4,"C3395",4,4,4,12,1,12,13,12,15,13,4,18,16,19,3,1,12,11,5,7,9,6,14,10,2,15,17,8,4,3,2,7,5,1,8,6,11,8,36,7,19,8,89,TRUE,"C3395",1,1,0,0,0,0,0,0,1,0,0,1,0,1,1,0,0,0,0,2,1,3,1,2,3,1,2,3,27,24,23,12,9,95
"24",566,TRUE,2022-11-30 14:39:32,"F3182",7,7,1,1,7,6,2,7,3,6,1,6,1,4,4,4,7,7,6,18,11,1,12,13,3,15,5,16,10,4,14,2,7,8,9,17,1,2,2,1,3,1,2,4,2,1,2,1,3,2,3,2,1,2,2,"F3182",5,NA,NA,NA,NA,NA,NA,NA,12,19,1,6,8,17,18,12,2,3,11,13,15,5,14,10,4,7,9,16,NA,NA,NA,NA,NA,NA,NA,NA,11,8,36,0,19,0,74,TRUE,"F3182",1,1,0,0,0,0,0,0,1,0,0,1,0,0,0,0,0,0,0,2,1,1,1,1,3,1,1,4,35,20,26,12,14,107
"25",617,TRUE,2022-11-30 14:39:58,"F1898",7,7,1,1,6,4,4,7,4,7,1,7,1,1,4,4,7,7,8,4,13,11,17,15,6,18,3,12,1,5,16,10,9,14,7,2,1,2,2,1,3,2,2,1,2,3,2,1,3,3,2,2,4,2,2,"F1898",4,1,1,12,5,15,15,9,15,9,7,5,15,17,12,19,2,3,14,8,18,6,11,13,4,10,16,1,4,5,7,3,6,1,8,2,11,8,36,7,19,8,89,TRUE,"F1898",1,1,0,0,0,0,0,0,1,1,0,1,0,1,1,0,0,0,0,2,2,3,1,1,4,1,1,4,34,19,28,9,14,104
"26",397,TRUE,2022-11-30 14:40:34,"F0101",4,4,3,1,5,3,3,5,2,5,1,4,3,3,1,4,5,NA,13,15,2,10,16,12,4,8,5,9,14,3,1,17,11,18,7,6,1,2,2,1,3,2,2,1,2,2,2,1,3,2,3,2,3,1,2,"F0101",5,NA,NA,NA,NA,NA,NA,NA,15,13,7,9,19,2,15,4,18,11,10,5,1,12,14,17,16,3,8,6,NA,NA,NA,NA,NA,NA,NA,NA,11,8,35,0,19,0,73,TRUE,"F0101",1,1,0,0,0,0,0,0,1,0,0,1,0,0,0,0,1,0,0,2,1,2,3,1,2,1,3,1,25,17,21,14,5,82
"27",506,TRUE,2022-11-30 14:40:35,"F3733",5,6,1,2,5,5,5,5,1,4,4,6,3,5,2,6,5,4,12,6,16,13,3,9,14,10,1,18,17,2,5,4,8,7,11,15,1,2,2,1,3,3,2,1,2,2,2,1,3,3,3,2,2,1,2,NA,4,2,2,13,2,13,14,11,18,12,4,16,7,6,1,14,18,15,2,3,5,19,10,8,11,17,13,9,7,6,5,2,3,1,8,4,11,8,36,7,19,8,89,TRUE,"F3733",1,1,0,0,0,1,0,0,1,0,0,1,0,1,0,0,0,0,0,3,1,2,1,2,1,4,3,2,29,22,19,17,9,96
"28",666,TRUE,2022-11-30 14:40:44,"A3193",5,6,1,2,5,2,1,1,3,5,2,6,2,2,4,4,5,5,13,16,17,8,9,11,7,6,15,3,2,14,4,1,5,12,10,18,1,3,3,1,1,3,2,1,2,4,1,3,3,1,2,2,3,4,2,"A3193",4,3,4,13,2,13,13,11,10,11,15,7,14,19,18,6,17,1,16,5,3,9,13,10,8,12,2,4,5,4,2,6,3,1,8,7,11,8,36,7,19,8,89,TRUE,"A3193",1,0,0,0,1,1,0,0,1,0,0,0,0,0,1,0,1,1,0,3,1,3,1,2,3,2,2,4,29,9,23,10,10,81
"29",386,TRUE,2022-11-30 14:41:14,"C0178",5,5,2,2,4,4,4,5,2,5,2,4,2,4,3,5,3,3,5,6,7,12,16,8,4,3,11,14,1,17,10,13,2,18,15,9,2,2,1,1,3,1,1,1,2,2,2,1,3,3,4,2,2,3,2,"c0178",4,3,4,14,1,12,13,12,13,5,17,9,18,6,8,10,12,7,1,2,19,16,14,13,11,3,15,4,5,2,3,4,6,1,8,7,11,8,36,7,19,8,89,TRUE,"C0178",0,1,1,0,0,0,1,0,1,0,0,1,0,1,0,0,0,0,0,3,1,2,2,2,2,2,2,3,26,19,21,14,6,86
"30",466,TRUE,2022-11-30 14:41:50,"A0527",7,4,2,2,5,4,3,5,6,7,1,7,1,1,6,3,4,5,9,13,15,8,11,5,12,17,2,6,18,1,3,10,7,16,14,4,1,2,2,1,4,2,2,1,2,2,2,1,3,3,3,2,2,1,2,"A0527",4,4,3,13,4,13,12,11,16,13,1,19,14,3,6,12,17,9,7,18,10,2,16,4,8,5,11,15,2,4,5,7,6,1,8,3,11,8,36,7,19,8,89,TRUE,"A0527",1,1,0,0,0,0,0,0,1,0,0,1,0,1,0,0,0,0,0,2,1,2,2,2,6,1,1,6,28,14,28,6,9,85
"31",479,TRUE,2022-11-30 14:42:15,"A0561",5,6,3,2,4,4,3,3,4,7,1,7,2,2,4,3,7,5,6,10,13,14,1,16,11,5,12,3,8,2,17,15,9,4,7,18,1,2,2,1,3,1,1,1,2,2,2,2,2,3,4,2,3,2,2,"A0561",4,4,4,13,2,13,11,11,12,3,17,5,13,6,7,19,4,12,11,1,10,14,16,8,15,2,18,9,3,4,7,6,2,1,8,5,11,8,36,7,19,8,89,TRUE,"A0561",1,1,0,0,0,0,1,0,1,0,0,0,1,1,0,0,1,0,0,3,1,3,3,2,4,1,2,4,26,14,27,9,12,88
"32",625,TRUE,2022-11-30 14:42:16,"F3801",6,5,2,2,NA,5,4,7,1,6,1,6,3,4,2,7,6,NA,17,6,15,2,8,1,3,13,11,9,18,4,7,5,14,12,16,10,1,2,2,1,3,1,2,1,2,2,2,2,3,3,3,2,2,1,2,"F3801",5,NA,NA,NA,NA,NA,NA,NA,16,8,14,12,4,19,6,16,17,1,5,18,7,15,9,10,3,11,2,13,NA,NA,NA,NA,NA,NA,NA,NA,11,8,34,0,19,0,72,TRUE,"F3801",1,1,0,0,0,0,0,0,1,0,0,0,0,1,0,0,0,0,0,2,1,1,2,2,1,1,3,2,23,23,24,17,6,93
"33",799,TRUE,2022-11-30 14:42:51,"C2080",3,6,2,1,4,4,4,5,5,7,1,7,1,1,7,1,4,4,11,2,16,13,17,9,4,7,6,10,5,12,1,3,18,15,14,8,4,4,1,1,1,1,2,4,2,2,4,1,3,1,4,2,4,3,2,NA,4,3,3,14,3,12,11,8,8,3,13,1,7,2,5,9,11,15,10,18,12,16,17,8,19,4,14,6,6,2,4,5,7,1,8,3,11,8,36,7,19,8,89,TRUE,"C2080",0,0,1,0,1,0,0,0,1,0,0,1,0,0,0,0,0,0,0,2,1,1,2,1,5,1,1,7,26,16,28,3,8,81
"34",653,TRUE,2022-11-30 14:42:51,"C3586",6,6,1,1,6,4,2,7,4,6,1,6,1,4,3,6,4,2,2,1,11,5,14,3,16,18,8,10,4,12,15,17,7,13,6,9,1,2,2,1,1,1,2,1,2,1,2,1,3,2,3,2,1,1,2,"C3586",4,1,2,12,4,13,13,10,13,16,3,4,7,11,12,5,18,15,10,19,9,17,1,14,8,2,13,6,3,5,2,6,4,1,8,7,11,8,36,7,19,8,89,TRUE,"C3586",1,1,0,0,1,0,0,0,1,0,0,1,0,0,0,0,0,0,0,3,1,1,1,1,4,1,1,3,32,17,26,15,6,96
"35",536,TRUE,2022-11-30 14:42:59,"F0134",4,4,4,2,4,5,6,6,1,1,6,2,6,4,1,4,4,4,10,5,14,7,4,9,8,6,1,16,17,11,12,2,15,13,18,3,1,2,4,1,3,2,2,1,2,2,2,1,4,3,4,2,2,3,2,"F0134",4,3,3,13,2,13,13,11,14,15,4,17,3,10,8,12,5,13,7,16,11,2,14,6,1,9,18,19,2,4,7,5,3,1,8,6,11,8,36,7,19,8,89,TRUE,"F0134",1,1,0,0,0,0,0,0,1,0,0,1,0,1,0,0,0,0,0,2,1,2,4,2,1,6,6,1,22,24,7,15,8,76
"36",823,TRUE,2022-11-30 14:43:08,"C3092",3,5,5,4,4,4,3,3,4,6,2,3,4,3,4,3,3,4,11,2,10,15,1,4,16,14,12,3,7,17,9,13,18,5,8,6,1,3,1,1,3,2,2,1,2,2,2,3,3,4,3,2,3,3,2,"C3092",4,4,2,13,2,13,13,10,11,15,10,5,17,1,11,2,9,14,3,12,6,8,4,16,19,7,13,18,4,6,5,3,2,1,8,7,11,8,36,7,19,8,89,TRUE,"C3092",1,0,1,0,0,0,0,0,1,0,0,0,0,0,0,0,1,0,0,2,1,1,5,4,4,2,4,4,19,14,19,10,7,69
"37",831,TRUE,2022-11-30 14:43:16,"F2068",7,7,1,1,6,6,5,6,1,7,1,7,1,6,1,7,5,6,14,10,12,2,18,8,3,7,17,15,13,9,16,6,4,5,1,11,1,2,2,1,3,1,2,1,2,2,2,1,3,3,4,2,3,1,2,"F2068",5,NA,NA,NA,NA,NA,NA,NA,16,14,12,5,3,17,8,15,1,13,2,6,9,7,16,11,10,19,18,4,NA,NA,NA,NA,NA,NA,NA,NA,11,8,36,0,19,0,74,TRUE,"F2068",1,1,0,0,0,0,0,0,1,0,0,1,0,1,0,0,1,0,0,2,1,3,1,1,1,1,1,1,34,24,28,20,11,117
"38",569,TRUE,2022-11-30 14:43:30,"F0123",7,7,1,1,7,2,1,7,2,7,1,7,1,4,1,6,7,7,9,12,2,13,15,6,4,10,18,16,11,1,14,3,17,7,5,8,1,2,1,1,3,1,2,1,2,2,2,2,3,3,4,2,3,1,2,"F0123",5,NA,NA,NA,NA,NA,NA,NA,14,7,13,1,12,8,3,10,11,19,6,14,5,2,15,9,4,16,17,18,NA,NA,NA,NA,NA,NA,NA,NA,11,8,36,0,19,0,74,TRUE,"F0123",1,1,1,0,0,0,0,0,1,0,0,0,0,1,0,0,1,0,0,3,1,2,1,1,2,1,1,1,35,16,28,17,14,110
"39",575,TRUE,2022-11-30 14:43:32,"A1360",6,6,1,1,6,4,4,6,3,6,1,6,1,2,3,5,5,6,9,18,4,3,6,2,16,1,5,11,7,15,14,17,13,8,12,10,1,1,1,1,3,3,2,1,2,4,2,1,3,3,3,1,3,2,2,"A1360",4,2,2,12,3,13,14,10,12,14,6,1,3,8,2,5,13,9,16,11,18,7,4,17,10,12,15,19,7,6,2,3,4,1,8,5,11,8,36,7,19,8,89,TRUE,"A1360",1,0,1,0,0,1,0,0,1,0,0,1,0,1,0,1,1,0,0,3,1,4,1,1,3,1,1,3,32,19,26,12,11,100
"40",826,TRUE,2022-11-30 14:43:52,"A2079",4,6,1,5,4,3,1,4,4,2,3,2,1,2,4,4,5,4,2,16,12,13,15,5,14,4,11,10,3,9,18,8,6,1,17,7,1,2,2,2,2,2,2,2,1,1,2,2,3,3,2,2,3,1,3,"A2079",4,3,2,12,1,15,13,8,10,4,17,6,13,12,11,10,15,19,14,16,9,1,8,18,7,3,5,2,4,2,5,6,7,1,8,3,11,8,36,7,19,8,89,TRUE,"A2079",1,1,0,1,0,0,0,0,0,0,0,0,0,1,1,0,1,0,1,3,0,4,1,5,4,3,1,4,24,12,16,10,9,71
"41",605,TRUE,2022-11-30 14:44:10,"A0112",6,7,1,1,6,5,NA,6,2,6,1,6,6,4,2,4,5,6,16,6,15,17,10,11,5,1,18,7,3,4,2,8,12,9,14,13,3,1,1,1,3,1,2,1,2,1,2,2,3,3,4,2,1,1,3,"a0112",4,2,4,12,2,14,13,10,10,2,7,4,17,6,10,13,3,12,15,18,5,11,14,19,16,8,9,1,3,4,6,5,7,1,8,2,11,8,35,7,19,8,88,TRUE,"A0112",0,0,1,0,0,0,0,0,1,0,0,0,0,1,0,0,0,0,1,1,1,2,1,1,2,1,6,2,33,17,21,14,11,96
"42",603,TRUE,2022-11-30 14:44:13,"F0156",4,4,4,4,4,4,4,7,4,3,7,NA,5,5,4,5,5,2,18,7,10,5,15,14,2,3,6,12,16,11,13,4,9,8,17,1,1,1,2,1,3,1,2,3,2,2,4,1,3,3,3,2,2,2,3,"F0156",4,2,3,12,4,13,12,9,12,11,5,15,18,3,7,10,17,1,14,16,9,19,2,13,12,6,8,4,2,6,5,3,7,1,8,4,11,8,35,7,19,8,88,TRUE,"F0156",1,0,0,0,0,0,0,1,1,0,0,1,0,1,0,0,0,0,1,2,1,3,4,4,4,7,5,4,20,19,7,14,7,67
"43",732,TRUE,2022-11-30 14:44:51,"C3597",3,4,4,4,4,3,1,1,4,1,1,7,1,1,1,1,3,5,16,9,3,14,1,4,11,13,6,10,8,2,18,17,12,5,15,7,1,2,1,1,3,2,2,1,2,2,2,1,3,3,3,2,1,1,2,"C3597",4,2,1,11,4,12,11,11,15,1,18,13,14,10,12,11,4,15,9,17,7,6,8,5,2,3,19,16,7,2,3,5,6,1,8,4,11,8,36,7,19,8,89,TRUE,"C3597",1,1,1,0,0,0,0,0,1,0,0,1,0,1,0,0,0,0,0,3,1,2,4,4,4,1,1,1,19,9,22,9,8,67
"44",914,TRUE,2022-11-30 14:44:51,"C3834",3,4,1,5,5,1,4,1,7,7,1,7,1,1,7,1,3,1,1,10,14,11,17,4,12,16,6,3,13,18,7,2,15,5,9,8,1,2,2,1,3,1,2,2,2,2,3,2,3,2,3,2,2,1,3,NA,4,3,3,12,2,13,12,10,12,15,11,3,19,6,18,16,12,5,2,8,4,17,9,13,7,10,1,14,6,3,4,7,2,1,8,5,11,8,36,7,19,8,89,TRUE,"C3834",1,1,0,0,0,0,0,0,1,0,1,0,0,0,0,0,0,0,1,2,2,1,1,5,7,1,1,7,22,7,28,3,4,64
"45",620,TRUE,2022-11-30 14:44:52,"C0167",6,6,3,2,5,6,6,6,2,5,3,7,3,4,3,5,6,6,7,3,15,8,5,12,2,18,11,13,16,9,17,10,14,4,1,6,1,1,2,1,3,1,2,1,2,2,4,1,3,3,2,2,1,1,2,"C0167",4,2,2,12,2,13,14,11,15,17,4,5,14,2,11,10,8,9,16,15,19,3,13,1,18,7,12,6,6,7,3,5,2,1,8,4,11,8,36,7,19,8,89,TRUE,"C0167",1,0,0,0,0,0,0,0,1,0,0,1,0,1,1,0,0,0,0,1,1,3,3,2,2,3,3,3,28,24,22,14,12,100
"46",637,TRUE,2022-11-30 14:44:52,"A0246",6,5,2,2,5,4,6,6,3,5,2,5,2,3,3,4,4,6,18,10,15,3,9,1,12,5,13,11,17,4,7,16,14,8,2,6,1,2,2,1,3,1,4,1,2,1,4,1,3,3,2,2,3,3,1,"A0246",4,1,1,11,4,13,14,8,12,4,19,14,1,13,11,18,6,3,16,9,12,17,7,5,10,2,15,8,2,6,3,4,7,1,8,5,11,8,36,7,19,8,89,TRUE,"A0246",1,1,0,0,0,0,0,0,1,0,0,1,0,1,1,0,1,0,0,2,1,4,2,2,3,2,2,3,28,21,22,12,10,93
"47",833,TRUE,2022-11-30 14:46:43,"F3609",4,5,4,4,5,4,4,3,4,5,3,6,3,2,5,2,3,4,13,6,14,7,16,18,15,5,3,8,2,11,12,1,9,10,4,17,1,2,2,1,3,1,2,1,2,2,2,1,3,3,4,2,1,2,2,"F3609",5,NA,NA,NA,NA,NA,NA,NA,15,19,14,6,12,16,10,11,4,7,9,3,18,5,2,17,15,1,8,13,NA,NA,NA,NA,NA,NA,NA,NA,11,8,36,0,19,0,74,TRUE,"F3609",1,1,0,0,0,0,0,0,1,0,0,1,0,1,0,0,0,0,0,2,1,2,4,4,4,3,3,5,22,15,21,7,7,72
"48",358,TRUE,2022-11-30 15:36:08,"C3496",6,7,1,1,6,4,6,5,1,6,2,6,1,5,1,5,6,6,4,18,7,6,1,15,8,16,10,12,5,14,9,17,11,13,3,2,3,1,2,1,1,2,2,1,2,1,3,2,2,1,2,2,2,3,2,"C3496",4,1,2,11,2,12,14,11,9,4,19,16,13,11,10,3,1,15,2,5,9,12,17,8,6,18,7,14,5,6,2,3,4,1,8,7,11,8,36,7,19,8,89,TRUE,"C3496",0,0,0,0,1,0,0,0,1,0,1,0,1,0,1,0,0,0,0,1,2,2,1,1,1,2,1,1,33,22,25,17,12,109
"49",462,TRUE,2022-11-30 15:37:07,"A3474",7,7,1,1,7,7,7,7,5,7,7,7,7,1,4,2,7,7,18,4,1,8,15,16,3,2,9,14,17,5,13,10,6,7,12,11,1,2,2,1,3,2,4,2,2,4,2,3,3,2,2,2,2,4,3,"A3474",5,NA,NA,NA,NA,NA,NA,NA,11,13,3,14,12,8,17,9,2,19,15,18,1,7,10,16,6,4,11,5,NA,NA,NA,NA,NA,NA,NA,NA,11,8,36,0,19,0,74,TRUE,"A3474",1,1,0,0,0,0,0,0,1,0,0,0,0,0,1,0,0,1,1,2,1,3,1,1,5,7,7,4,35,24,16,7,14,96
"50",556,TRUE,2022-11-30 15:38:38,"C3698",5,5,1,1,6,6,5,5,4,4,2,5,2,NA,2,4,6,5,7,16,2,12,5,4,1,13,17,11,15,3,18,14,8,6,10,9,1,2,2,1,3,1,2,1,2,1,2,1,3,3,3,1,1,2,2,"C3698",4,3,4,11,2,12,13,11,13,2,1,17,9,13,16,18,10,15,6,11,14,19,7,8,4,12,5,3,6,7,2,5,4,1,8,3,11,8,35,7,19,8,88,TRUE,"C3698",1,1,0,0,0,0,0,0,1,0,0,1,0,1,0,1,0,0,0,2,1,3,1,1,4,2,2,2,30,20,21,10,11,92
"51",566,TRUE,2022-11-30 15:38:58,"C3676",6,5,2,3,5,4,7,5,3,5,2,5,3,1,5,5,5,6,10,8,12,11,6,4,18,16,2,1,9,17,14,5,3,13,7,15,4,4,3,1,4,4,2,4,2,4,1,3,1,2,3,1,1,2,2,"C3676",4,2,2,11,4,13,14,8,4,10,11,13,2,7,12,3,6,5,1,14,9,15,4,17,19,16,18,8,3,4,2,5,6,1,8,7,11,8,36,7,19,8,89,TRUE,"C3676",0,0,0,0,0,0,0,0,1,0,0,0,0,0,0,1,0,0,0,0,1,1,2,3,3,2,3,5,27,21,21,9,11,89
"52",634,TRUE,2022-11-30 15:39:59,"C3665",7,7,1,1,7,4,7,7,7,7,1,7,1,1,4,7,4,4,17,12,16,18,10,4,1,14,3,7,9,6,2,11,13,5,15,8,1,2,2,3,3,1,4,1,2,2,2,1,2,3,3,2,2,1,2,"C3665",4,4,4,12,3,13,11,10,14,6,16,5,17,9,13,10,18,8,11,3,1,4,7,12,15,14,19,2,4,5,2,3,7,1,8,6,11,8,36,7,19,8,89,TRUE,"C3665",1,1,0,0,0,0,0,0,1,0,0,1,1,1,0,0,0,0,0,2,1,3,1,1,7,1,1,4,35,19,28,12,8,102
"53",725,TRUE,2022-11-30 15:41:31,"C3261",6,7,3,1,6,7,5,7,2,7,2,5,2,2,3,3,7,6,14,17,7,11,2,3,10,5,6,8,12,1,15,9,16,13,18,4,1,2,2,1,3,1,2,1,2,2,2,1,3,3,4,2,3,1,2,"C3261",4,2,2,11,2,13,14,11,16,3,2,18,7,14,17,4,9,13,15,12,16,19,1,5,8,10,11,6,2,7,3,4,6,1,8,5,11,8,36,7,19,8,89,TRUE,"C3261",1,1,0,0,0,0,0,0,1,0,0,1,0,1,0,0,1,0,0,2,1,3,3,1,2,2,2,3,31,25,24,10,13,103
"54",596,TRUE,2022-11-30 15:41:48,"A3520",7,7,1,1,6,5,4,3,3,5,2,4,2,4,4,4,4,6,10,4,7,2,9,16,13,3,8,17,15,18,12,1,5,6,14,11,1,2,1,1,3,1,2,1,2,2,4,1,3,3,4,2,2,1,2,"A3520",4,1,3,11,5,15,12,9,15,7,13,2,5,6,15,19,9,14,12,4,1,16,11,17,10,18,8,3,6,7,3,4,5,1,8,2,11,8,36,7,19,8,89,TRUE,"A3520",1,1,1,0,0,0,0,0,1,0,0,1,0,1,0,0,0,0,0,3,1,2,1,1,3,2,2,4,34,17,21,12,10,94
"55",779,TRUE,2022-11-30 15:42:27,"F3755",4,5,2,1,4,5,5,6,4,5,1,5,2,7,1,7,6,3,18,4,12,6,7,2,10,5,14,8,1,17,15,16,13,3,11,9,1,2,2,3,4,2,2,1,2,2,4,2,3,2,4,2,2,3,2,"F3755",4,2,1,12,4,14,12,11,11,5,9,15,19,12,7,16,13,14,6,4,11,10,8,2,3,18,17,1,4,7,5,3,2,1,8,6,11,8,36,7,19,8,89,TRUE,"F3755",1,1,0,0,0,0,0,0,1,0,0,0,0,0,0,0,0,0,0,2,1,0,2,1,4,1,2,1,26,20,23,21,9,99
"56",371,TRUE,2022-11-30 16:26:59,"F1337",4,1,4,1,1,4,1,1,7,7,7,7,2,7,7,1,2,1,1,10,13,14,2,8,3,5,9,18,16,6,11,7,15,17,4,12,1,2,2,2,3,1,2,2,2,1,1,1,2,3,2,2,3,3,2,"f1337",4,2,5,12,3,13,12,8,11,13,4,3,9,1,16,5,8,17,6,19,11,10,18,12,2,7,15,14,4,6,3,5,2,1,8,7,11,8,36,7,19,8,89,TRUE,"F1337",1,1,0,1,0,0,0,0,1,0,0,1,1,1,1,0,1,0,0,3,1,5,4,1,7,7,2,7,17,7,21,9,3,57
"57",466,TRUE,2022-11-30 16:28:00,"F1405",2,2,5,6,3,2,3,3,5,3,3,4,4,1,7,1,1,4,16,18,4,10,3,5,9,15,1,12,17,8,7,14,6,11,13,2,1,2,2,1,3,3,3,1,2,1,2,1,2,2,2,2,3,1,2,NA,5,NA,NA,NA,NA,NA,NA,NA,14,14,7,12,5,9,19,2,10,15,6,16,11,17,13,18,8,4,1,3,NA,NA,NA,NA,NA,NA,NA,NA,11,8,36,0,19,0,74,TRUE,"F1405",1,1,0,0,0,1,0,0,1,0,0,1,1,0,1,0,1,0,0,3,1,4,5,6,5,3,4,7,12,11,16,3,5,47
"58",496,TRUE,2022-11-30 16:28:44,"C2473",5,5,1,2,5,4,4,5,1,4,3,4,2,7,1,7,6,6,2,10,6,17,4,9,1,16,11,15,14,12,5,7,13,8,3,18,1,2,2,1,4,2,2,4,2,2,2,1,3,3,2,2,3,2,2,NA,4,1,2,11,5,14,14,10,14,7,9,16,1,3,10,2,19,13,18,12,8,14,17,6,15,11,4,5,6,2,5,4,7,1,8,3,11,8,36,7,19,8,89,TRUE,"C2473",1,1,0,0,0,0,0,0,1,0,0,1,0,1,1,0,1,0,0,2,1,4,1,2,1,3,2,1,28,20,19,21,12,100
"59",495,TRUE,2022-11-30 16:29:06,"F1449",5,5,2,2,2,5,4,5,2,4,2,7,3,2,4,4,4,4,14,7,17,11,18,10,3,13,12,16,4,1,8,15,5,9,2,6,1,2,2,3,3,1,1,1,2,2,2,1,3,3,4,2,4,1,2,NA,4,3,4,12,3,13,14,12,14,3,1,15,11,18,9,12,10,19,5,4,6,17,16,13,14,7,8,2,7,4,2,6,3,1,8,5,11,8,36,7,19,8,89,TRUE,"F1449",1,1,0,0,0,0,1,0,1,0,0,1,0,1,0,0,0,0,0,3,1,2,2,2,2,2,3,4,24,20,22,10,8,84
"60",542,TRUE,2022-11-30 16:29:38,"F0358",5,4,2,5,4,1,1,4,5,4,4,4,6,1,7,1,3,5,4,2,6,10,12,14,17,11,3,9,16,7,15,5,18,13,8,1,3,3,2,3,1,2,2,3,1,3,2,3,3,2,4,2,2,2,2,NA,5,NA,NA,NA,NA,NA,NA,NA,7,2,18,9,14,5,17,16,10,6,12,11,3,4,15,1,8,7,19,13,NA,NA,NA,NA,NA,NA,NA,NA,11,8,36,0,19,0,74,TRUE,"F0358",0,0,0,0,1,0,0,1,0,1,0,0,0,0,0,0,0,0,0,2,1,0,2,5,5,4,6,7,22,9,14,3,8,56
"61",553,TRUE,2022-11-30 16:29:50,"A1348",6,6,2,2,5,6,5,5,2,5,2,6,2,4,3,5,5,4,12,2,13,7,17,9,4,1,5,15,11,10,6,14,18,8,16,3,1,2,2,1,3,1,2,1,2,2,2,1,3,2,2,2,2,1,3,"A1348",4,2,1,11,3,14,13,9,16,4,14,13,5,15,6,7,11,3,2,19,18,8,1,9,16,17,10,12,4,3,7,2,5,1,8,6,11,8,36,7,19,8,89,TRUE,"A1348",1,1,0,0,0,0,0,0,1,0,0,1,0,0,1,0,0,0,1,2,1,3,2,2,2,2,2,3,29,22,23,14,9,97
"62",341,TRUE,2022-11-30 16:29:54,"C2642",3,5,3,3,4,4,3,5,5,6,2,6,2,2,5,5,5,5,13,3,10,8,5,1,2,17,14,12,15,6,16,7,18,9,11,4,1,2,4,2,3,2,4,1,2,1,2,1,3,3,3,2,2,3,2,"C2642",4,4,2,14,3,14,14,11,12,3,13,18,17,7,14,10,19,16,1,9,5,4,15,2,8,6,11,12,7,5,2,3,4,1,8,6,11,8,36,7,19,8,89,TRUE,"C2642",1,1,0,1,0,0,0,0,1,0,0,1,0,1,0,0,0,0,0,3,1,2,3,3,5,2,2,5,22,15,24,10,10,81
"63",295,TRUE,2022-11-30 16:30:06,"C2945",7,7,4,3,7,2,4,6,6,6,4,4,1,3,3,3,5,3,6,1,14,8,2,11,12,16,9,5,3,4,10,17,18,7,15,13,1,2,2,1,3,1,2,1,2,3,2,1,3,3,4,2,1,1,3,"C2945",4,4,2,14,1,12,12,12,14,17,15,16,6,1,14,8,13,7,9,12,10,19,5,4,18,11,3,2,7,5,2,4,6,1,8,3,11,8,36,7,19,8,89,TRUE,"C2945",1,1,0,0,0,0,0,0,1,1,0,1,0,1,0,0,0,0,1,2,2,3,4,3,6,4,1,3,30,14,21,11,8,84
"64",542,TRUE,2022-11-30 16:30:07,"A0639",2,3,2,4,4,5,4,3,4,6,2,5,4,2,7,1,2,2,6,5,13,8,17,10,18,12,14,9,3,11,7,16,4,2,1,15,1,2,2,1,3,1,2,1,2,2,2,1,3,3,4,2,3,1,2,"A0639",4,4,4,13,1,11,11,12,16,16,9,8,1,13,15,4,5,2,10,14,19,12,3,18,17,11,7,6,6,7,3,2,5,1,8,4,11,8,36,7,19,8,89,TRUE,"A0639",1,1,0,0,0,0,0,0,1,0,0,1,0,1,0,0,1,0,0,2,1,3,2,4,4,2,4,7,19,16,21,4,4,64
"65",575,TRUE,2022-11-30 16:30:10,"A0651",1,3,6,7,1,5,4,1,3,3,3,3,3,3,6,1,1,3,14,9,2,16,18,17,12,15,5,7,6,8,4,10,11,1,13,3,2,2,2,4,3,2,2,1,2,1,2,2,3,3,3,2,4,4,2,NA,4,2,2,12,5,13,12,12,11,4,7,11,8,13,5,18,1,2,15,3,12,9,6,10,14,17,19,16,6,3,4,7,2,1,8,5,11,8,36,7,19,8,89,TRUE,"A0651",0,1,0,0,0,0,0,0,1,0,0,0,0,1,0,0,0,1,0,1,1,2,6,7,3,3,3,6,8,15,16,6,4,49
"66",395,TRUE,2022-11-30 16:30:25,"F3047",3,3,4,5,1,3,3,4,4,3,4,3,4,6,1,3,4,3,9,12,11,14,7,16,1,10,4,15,2,3,17,8,5,13,18,6,1,2,3,1,3,1,2,1,2,2,2,1,3,3,3,2,4,1,2,"F3047",4,2,3,12,1,11,12,12,15,2,14,4,18,5,3,15,16,11,13,1,12,6,9,7,8,17,10,19,4,7,2,5,3,1,8,6,11,8,36,7,19,8,89,TRUE,"F3047",1,1,0,0,0,0,0,0,1,0,0,1,0,1,0,0,0,0,0,2,1,2,4,5,4,4,4,1,14,14,14,16,7,65
"67",582,TRUE,2022-11-30 16:30:34,"F1382",5,5,2,2,5,7,4,5,3,4,2,4,2,2,2,4,4,3,11,5,7,14,4,1,13,6,18,16,17,8,10,9,12,3,15,2,1,2,2,3,1,3,1,1,2,4,1,2,3,2,3,2,3,2,2,"F1382",4,2,3,13,3,13,13,9,9,2,9,17,5,7,12,10,11,15,3,19,16,4,18,13,1,6,14,8,6,2,7,5,3,1,8,4,11,8,36,7,19,8,89,TRUE,"F1382",1,1,0,0,1,1,1,0,1,0,0,0,0,0,0,0,1,0,0,5,1,1,2,2,3,2,2,2,27,21,20,12,7,87
"68",535,TRUE,2022-11-30 16:30:42,"A0459",7,6,1,1,6,4,5,4,2,7,2,6,2,1,7,2,6,5,2,8,5,11,12,3,10,6,18,1,17,14,16,7,13,9,4,15,2,2,2,1,3,1,3,2,2,2,2,1,2,3,4,2,3,1,4,"A0459",4,5,4,13,2,14,14,8,11,11,9,2,14,13,19,15,10,12,17,4,16,7,5,6,1,8,3,18,3,5,4,7,6,1,8,2,11,8,36,7,19,8,89,TRUE,"A0459",0,1,0,0,0,0,0,0,1,0,0,1,1,1,0,0,1,0,0,1,1,4,1,1,2,2,2,7,33,19,25,4,11,92
"69",602,TRUE,2022-11-30 16:30:48,"A0471",4,4,7,2,4,1,1,4,4,7,4,4,4,4,1,4,1,4,6,4,18,13,15,10,12,9,5,11,14,7,2,8,17,3,16,1,1,1,4,1,3,2,1,2,2,1,1,1,2,3,2,2,4,3,3,"A0471",4,5,5,15,1,11,11,12,8,4,16,14,1,17,9,7,3,11,15,12,6,2,5,13,8,10,18,19,4,2,5,6,7,1,8,3,11,8,36,7,19,8,89,TRUE,"A0471",1,0,0,0,0,0,1,0,1,0,0,1,1,1,1,0,0,0,1,2,1,5,7,2,4,4,4,1,19,10,19,15,5,68
"70",422,TRUE,2022-11-30 16:30:49,"F2923",7,7,1,1,3,5,7,6,2,7,1,6,1,1,1,1,7,7,9,8,18,5,14,3,11,17,4,7,13,10,16,12,15,6,2,1,1,2,2,1,3,1,2,1,2,2,1,1,3,3,3,2,2,2,3,"F2923",5,NA,NA,NA,NA,NA,NA,NA,14,1,5,4,10,16,19,6,3,8,12,11,7,15,14,9,2,18,13,17,NA,NA,NA,NA,NA,NA,NA,NA,11,8,36,0,19,0,74,TRUE,"F2923",1,1,0,0,0,0,0,0,1,0,0,1,0,1,0,0,0,0,1,2,1,3,1,1,2,1,1,1,31,24,27,9,14,105
"71",439,TRUE,2022-11-30 16:31:12,"F2721",7,7,1,1,6,6,4,3,2,7,1,7,2,1,5,3,6,6,3,2,13,10,1,4,7,17,12,16,18,8,11,15,6,5,14,9,1,2,3,1,3,4,2,1,2,2,2,2,3,3,4,2,2,1,2,"F2721",5,NA,NA,NA,NA,NA,NA,NA,15,11,3,16,1,15,17,8,13,5,9,10,4,18,12,6,14,7,2,19,NA,NA,NA,NA,NA,NA,NA,NA,11,8,36,0,19,0,74,TRUE,"F2721",1,1,0,0,0,0,0,0,1,0,0,0,0,1,0,0,0,0,0,2,1,1,1,1,2,1,2,5,34,19,27,7,12,99
"72",670,TRUE,2022-11-30 16:31:33,"A1461",5,NA,3,1,5,3,3,4,4,5,1,4,3,3,4,3,4,5,10,3,12,1,17,14,16,18,8,9,5,2,11,7,13,6,4,15,1,2,1,1,3,1,2,1,2,2,2,1,1,3,3,2,3,3,2,"A1461",4,3,3,13,4,13,13,10,13,2,1,13,10,17,6,7,5,16,14,11,9,15,3,4,12,19,18,8,2,3,5,4,7,1,8,6,11,8,35,7,19,8,88,TRUE,"A1461",1,1,1,0,0,0,0,0,1,0,0,1,0,1,0,0,1,0,0,3,1,3,3,1,4,1,3,4,22,14,21,10,9,76
"73",658,TRUE,2022-11-30 16:31:37,"A1315",1,1,7,7,1,1,1,3,7,3,2,5,4,1,7,1,1,1,13,17,14,15,12,18,3,1,16,5,6,2,9,4,8,10,7,11,1,2,2,3,3,1,1,3,1,2,2,1,2,3,4,2,2,4,1,"A1315",4,2,2,12,2,12,12,9,10,2,6,16,14,4,13,9,3,1,12,11,7,17,5,19,10,8,15,18,5,2,7,6,3,1,8,4,11,8,36,7,19,8,89,TRUE,"A1315",1,1,0,0,0,0,1,1,0,0,0,1,1,1,0,0,0,1,0,4,0,4,7,7,7,2,4,7,5,6,18,3,2,34
"74",408,TRUE,2022-11-30 16:31:45,"F2989",7,7,1,1,7,6,6,7,2,7,1,7,1,1,4,6,7,7,13,7,14,11,8,2,4,6,12,15,9,3,10,16,1,5,18,17,1,2,2,2,3,1,2,1,2,2,2,1,3,3,3,2,3,1,2,"F2989",5,NA,NA,NA,NA,NA,NA,NA,15,10,18,7,2,14,6,16,12,17,19,3,5,11,9,13,15,4,8,1,NA,NA,NA,NA,NA,NA,NA,NA,11,8,36,0,19,0,74,TRUE,"F2989",1,1,0,1,0,0,0,0,1,0,0,1,0,1,0,0,1,0,0,3,1,3,1,1,2,1,1,4,35,25,28,11,14,113
"75",558,TRUE,2022-11-30 16:33:08,"A2934",7,6,1,2,5,5,7,6,1,6,1,6,1,6,3,4,7,4,8,14,10,15,11,6,18,2,4,16,7,13,3,1,5,12,9,17,1,2,1,1,3,1,4,3,2,4,2,1,2,2,3,2,3,1,2,"A2934",4,5,4,12,4,14,14,11,10,15,2,6,3,18,5,11,16,9,19,13,1,10,7,17,12,4,8,14,3,5,4,6,7,1,8,2,11,8,36,7,19,8,89,TRUE,"A2934",1,1,1,0,0,0,0,1,1,0,0,1,1,0,0,0,1,0,0,4,1,3,1,2,1,1,1,3,31,25,26,15,11,108
"76",212,TRUE,2022-11-30 16:33:55,"F1450",7,7,1,1,2,5,7,7,4,7,3,7,1,5,7,7,7,4,4,6,8,2,15,1,12,9,10,5,17,3,11,16,13,14,7,18,2,3,4,3,2,3,1,2,4,2,1,3,3,2,4,4,3,4,1,NA,4,3,2,12,2,13,15,8,3,16,11,18,10,4,14,2,12,8,9,1,19,17,7,6,5,13,15,3,7,5,4,6,3,1,8,2,11,8,36,7,19,8,89,TRUE,"F1450",0,0,0,0,0,1,1,0,0,0,0,0,0,0,0,0,1,1,0,2,0,2,1,1,4,3,1,7,30,23,26,13,11,103
"77",830,TRUE,2022-11-30 16:34:20,"C0437",7,6,1,5,6,NA,3,5,4,7,2,6,4,1,7,4,7,7,9,1,6,4,2,8,11,13,7,12,3,10,5,15,14,18,17,16,1,2,2,1,3,2,1,1,2,2,1,1,3,2,2,2,1,3,3,"C0437",4,1,1,11,5,13,14,8,12,13,5,3,7,14,10,12,6,8,1,16,9,11,19,15,4,2,17,18,2,4,7,6,5,1,8,3,11,8,35,7,19,8,88,TRUE,"C0437",1,1,0,0,0,0,1,0,1,0,0,1,0,0,1,0,0,0,1,3,1,3,1,5,4,2,4,7,29,12,23,6,14,84
"78",657,TRUE,2022-11-30 16:34:44,"A2901",2,2,5,5,3,4,3,4,4,6,2,6,2,4,4,2,3,2,8,14,1,4,18,12,9,17,13,7,6,5,3,11,2,15,10,16,1,2,1,2,3,2,2,1,2,3,4,2,3,2,3,2,2,1,2,"A2091",4,3,3,12,4,15,12,10,11,4,3,19,17,15,10,2,12,7,9,5,8,18,14,13,6,1,16,11,3,7,4,2,6,1,8,5,11,8,36,7,19,8,89,TRUE,"A2901",1,1,1,1,0,0,0,0,1,1,0,0,0,0,0,0,0,0,0,4,2,0,5,5,4,2,2,4,13,15,24,10,5,67
"79",837,TRUE,2022-11-30 16:35:14,"A0426",3,4,3,4,7,1,4,2,3,2,4,2,4,6,1,3,2,2,10,16,5,14,18,2,17,12,11,8,9,6,3,15,13,1,7,4,1,2,3,2,3,3,2,1,2,1,2,1,2,2,2,2,4,2,3,"A0426",4,2,5,12,1,11,11,12,11,8,12,1,16,11,3,5,4,6,13,2,7,19,17,18,14,15,9,10,2,4,6,5,7,1,8,3,11,8,36,7,19,8,89,TRUE,"A0426",1,1,0,1,0,1,0,0,1,0,0,1,1,0,1,0,0,0,1,4,1,4,3,4,3,4,4,1,23,12,12,16,4,67
"80",895,TRUE,2022-11-30 16:35:48,"A0673",4,4,3,3,4,3,4,4,3,3,2,4,2,3,7,2,3,4,5,9,3,4,14,12,8,1,13,7,6,17,10,16,2,11,15,18,3,2,3,1,3,2,2,1,2,2,2,1,3,2,3,2,1,2,2,"067ad1",4,5,4,14,1,11,14,12,12,10,5,13,6,2,7,9,17,14,18,19,16,11,12,4,3,8,1,15,6,2,3,4,7,1,8,5,11,8,36,7,19,8,89,TRUE,"A0673",0,1,0,0,0,0,0,0,1,0,0,1,0,0,0,0,0,0,0,1,1,1,3,3,3,2,2,7,22,16,19,6,7,70
"81",767,TRUE,2022-11-30 16:37:25,"A2967",7,7,2,2,6,7,5,6,3,6,1,6,2,2,2,6,7,7,7,16,3,11,10,13,15,8,6,17,2,4,1,14,12,18,9,5,1,2,2,1,3,1,2,1,2,2,2,1,3,3,3,2,3,2,2,"A2967",4,3,2,11,3,14,14,9,15,12,15,13,4,11,9,19,17,8,2,18,1,3,16,6,7,10,14,5,2,6,3,5,4,1,8,7,11,8,36,7,19,8,89,TRUE,"A2967",1,1,0,0,0,0,0,0,1,0,0,1,0,1,0,0,1,0,0,2,1,3,2,2,3,1,2,2,32,23,25,14,14,108
"82",1088,TRUE,2022-11-30 16:38:47,"C1326",5,5,5,1,5,4,2,2,7,6,2,6,2,1,7,1,4,4,15,18,3,11,7,9,16,14,2,12,13,6,5,10,17,8,1,4,1,2,3,1,3,2,2,1,2,2,2,1,3,1,3,2,1,2,2,"C1326",4,2,2,12,1,12,13,12,13,2,1,12,14,6,9,17,10,16,8,13,15,18,19,11,3,5,7,4,6,2,3,7,5,1,8,4,11,8,36,7,19,8,89,TRUE,"C1326",1,1,0,0,0,0,0,0,1,0,0,1,0,0,0,0,0,0,0,2,1,1,5,1,7,2,2,7,25,9,24,3,8,69
"83",307,TRUE,2022-11-30 17:19:55,"A1753",7,7,1,1,7,4,7,7,1,7,1,7,1,2,2,2,7,7,1,12,18,15,14,8,5,13,7,4,17,10,9,2,3,16,11,6,1,1,1,1,3,2,2,4,2,4,4,2,3,2,3,1,2,2,2,NA,4,2,1,12,2,15,15,8,8,10,11,15,14,19,6,1,2,4,9,7,8,3,12,5,18,17,13,16,7,6,2,4,5,1,8,3,11,8,36,7,19,8,89,TRUE,"A1753",1,0,1,0,0,0,0,0,1,0,0,0,0,0,0,1,0,0,0,2,1,1,1,1,1,1,1,2,35,25,28,10,14,112
"84",352,TRUE,2022-11-30 17:20:27,"C1135",6,6,7,3,4,3,2,5,4,3,3,4,4,2,3,3,3,5,16,3,4,15,14,5,8,13,17,6,9,2,12,1,11,18,7,10,1,2,2,1,3,1,2,1,2,2,2,1,3,3,3,2,3,1,2,"C1135",4,3,3,13,3,12,11,10,16,10,19,6,18,15,9,7,1,4,17,14,5,13,2,3,11,8,16,12,2,5,6,3,7,1,8,4,11,8,36,7,19,8,89,TRUE,"C1135",1,1,0,0,0,0,0,0,1,0,0,1,0,1,0,0,1,0,0,2,1,3,7,3,4,3,4,3,22,14,16,10,8,70
"85",624,TRUE,2022-11-30 17:23:38,"F1528",NA,7,1,1,6,6,2,6,2,5,4,4,2,4,2,4,5,5,9,2,3,5,1,14,17,4,16,8,10,18,7,6,15,13,11,12,1,2,1,1,1,3,2,1,2,4,1,2,3,3,4,2,3,2,2,NA,5,NA,NA,NA,NA,NA,NA,NA,11,15,11,18,7,14,13,16,10,3,9,12,5,8,6,17,2,4,19,1,NA,NA,NA,NA,NA,NA,NA,NA,11,8,35,0,19,0,73,TRUE,"F1528",1,1,1,0,1,1,0,0,1,0,0,0,0,1,0,0,1,0,0,5,1,2,1,1,2,4,2,2,27,20,19,14,10,90
"86",558,TRUE,2022-11-30 17:23:43,"A1573",6,3,1,1,6,4,4,2,1,7,1,7,1,1,4,5,4,6,17,4,10,13,7,14,1,2,16,9,12,8,11,5,18,3,6,15,4,2,2,1,1,2,2,1,2,2,2,1,3,2,2,2,2,3,2,"A1573",4,2,2,12,1,11,11,12,14,7,10,8,1,14,15,5,11,9,6,13,3,17,12,19,18,2,4,16,3,6,4,2,5,1,8,7,11,8,36,7,19,8,89,TRUE,"A1573",0,1,0,0,1,0,0,0,1,0,0,1,0,0,1,0,0,0,0,2,1,2,1,1,1,1,1,4,29,17,28,10,10,94
"87",581,TRUE,2022-11-30 17:24:31,"C1168",6,4,3,3,3,6,4,5,2,4,5,4,3,2,4,1,2,2,3,16,17,13,9,18,5,12,4,7,1,14,10,15,2,6,11,8,1,2,2,1,3,4,2,1,2,2,2,2,3,3,4,4,4,1,2,"C1168",4,3,2,13,4,12,12,11,14,15,14,9,13,3,8,11,16,4,5,2,6,1,12,18,10,19,7,17,4,6,7,2,3,1,8,5,11,8,36,7,19,8,89,TRUE,"C1168",1,1,0,0,0,0,0,0,1,0,0,0,0,1,0,0,0,0,0,2,1,1,3,3,2,5,3,4,23,21,16,7,4,71
"88",668,TRUE,2022-11-30 17:25:34,"A1685",6,6,1,1,7,3,3,4,2,6,1,7,1,5,6,3,4,6,4,12,13,5,15,6,11,1,3,7,16,9,18,2,14,17,10,8,1,2,2,3,1,1,2,1,2,3,4,1,2,3,1,2,2,1,3,"A1685",4,2,2,12,3,12,12,10,11,6,7,16,19,17,2,4,5,11,14,18,13,3,1,10,9,15,8,12,4,5,2,3,7,1,8,6,11,8,36,7,19,8,89,TRUE,"A1685",1,1,0,0,1,0,0,0,1,1,0,1,1,1,0,0,0,0,1,3,2,4,1,1,2,1,1,6,33,16,27,10,10,96
"89",520,TRUE,2022-11-30 17:26:19,"F1562",4,5,2,2,4,7,7,4,1,7,1,7,3,1,7,1,1,4,12,17,5,14,2,13,10,6,16,1,11,7,3,8,4,15,18,9,2,2,1,1,3,2,2,2,1,4,3,1,1,4,3,2,2,4,2,NA,5,NA,NA,NA,NA,NA,NA,NA,8,19,2,14,7,11,16,15,6,10,5,18,13,17,8,1,4,12,9,3,NA,NA,NA,NA,NA,NA,NA,NA,11,8,36,0,19,0,74,TRUE,"F1562",0,1,1,0,0,0,0,0,0,0,1,1,0,0,0,0,0,1,0,2,1,2,2,2,1,1,3,7,25,25,26,3,5,84
"90",470,TRUE,2022-11-30 18:00:58,"C0976",7,7,1,1,6,5,5,4,5,6,1,5,2,2,5,4,6,3,1,17,18,9,10,2,12,14,4,3,11,7,16,8,13,6,5,15,1,2,2,1,3,1,2,1,2,2,2,2,3,3,4,2,2,1,2,"C0976",4,2,4,13,2,12,12,12,16,10,12,7,9,18,2,11,13,8,6,14,19,5,17,15,3,16,1,4,5,2,3,6,4,1,8,7,11,8,36,7,19,8,89,TRUE,"C0976",1,1,0,0,0,0,0,0,1,0,0,0,0,1,0,0,0,0,0,2,1,1,1,1,5,1,2,5,34,17,24,9,9,93
"91",449,TRUE,2022-11-30 18:01:15,"C1180",6,5,3,3,6,5,6,7,3,5,4,5,2,2,3,4,5,6,1,17,9,10,3,7,12,18,16,14,8,11,6,15,13,4,2,5,1,2,2,1,3,1,2,1,2,2,2,1,3,3,3,3,3,1,2,"C1180",4,3,5,12,1,11,12,12,15,10,12,9,19,15,11,16,13,5,7,18,8,4,2,3,1,6,14,17,6,7,2,3,5,1,8,4,11,8,36,7,19,8,89,TRUE,"C1180",1,1,0,0,0,0,0,0,1,0,0,1,0,1,0,0,1,0,0,2,1,3,3,3,3,4,2,3,27,23,20,11,11,92
"92",400,TRUE,2022-11-30 18:02:09,"F1191",5,7,1,1,6,3,4,4,3,5,1,4,2,1,4,3,5,4,2,15,18,12,16,1,4,6,8,14,13,17,11,5,3,10,9,7,1,2,2,1,1,1,4,1,2,2,2,1,4,3,2,2,4,1,2,"F1191",5,NA,NA,NA,NA,NA,NA,NA,14,13,18,15,14,2,3,10,5,9,16,11,4,17,1,19,7,6,8,12,NA,NA,NA,NA,NA,NA,NA,NA,11,8,36,0,19,0,74,TRUE,"F1191",1,1,0,0,1,0,0,0,1,0,0,1,0,1,1,0,0,0,0,3,1,3,1,1,3,1,2,4,32,16,22,8,9,87
"93",316,TRUE,2022-11-30 18:02:20,"A2899",7,7,1,2,6,5,3,4,3,7,2,6,2,1,7,2,6,5,8,18,10,11,4,16,12,5,1,9,13,6,2,14,7,17,15,3,1,2,4,1,3,4,2,1,2,2,2,4,3,3,3,2,2,1,4,"A2899",4,3,2,12,2,12,12,11,14,13,14,12,9,5,19,7,11,18,1,4,6,17,10,16,15,3,2,8,3,5,6,4,2,1,8,7,11,8,36,7,19,8,89,TRUE,"A2899",1,1,0,0,0,0,0,0,1,0,0,0,0,1,0,0,0,0,0,2,1,1,1,2,3,2,2,7,33,17,25,4,11,90
"94",393,TRUE,2022-11-30 18:03:03,"C0268",5,7,1,2,5,5,4,4,4,7,2,6,3,1,7,3,5,7,5,13,16,18,17,10,2,1,7,11,8,3,15,12,4,6,9,14,1,2,2,4,3,2,2,3,2,2,2,2,2,2,1,1,1,3,3,"C0268",4,2,2,11,5,13,12,10,8,12,15,14,10,4,7,6,18,16,5,8,1,9,3,17,13,2,11,19,5,3,7,2,4,1,8,6,11,8,36,7,19,8,89,TRUE,"C0268",1,1,0,0,0,0,0,1,1,0,0,0,1,0,0,1,0,0,1,3,1,3,1,2,4,2,3,7,30,17,24,5,12,88
"95",468,TRUE,2022-11-30 18:03:57,"F2866",4,5,2,2,6,4,3,4,3,4,5,2,5,1,4,4,3,3,3,1,13,14,4,12,15,2,5,7,6,8,17,10,18,16,9,11,2,4,2,1,3,4,2,1,2,2,4,3,3,3,4,2,4,4,2,"F2866",5,NA,NA,NA,NA,NA,NA,NA,11,7,9,8,11,1,2,14,13,16,18,3,15,17,10,6,5,4,19,12,NA,NA,NA,NA,NA,NA,NA,NA,11,8,36,0,19,0,74,TRUE,"F2866",0,0,0,0,0,0,0,0,1,0,0,0,0,1,0,0,0,1,0,0,1,2,2,2,3,5,5,4,27,16,12,9,6,70
"96",745,TRUE,2022-11-30 18:05:23,"C1269",7,7,1,1,7,7,6,5,1,7,1,7,1,2,5,4,7,7,6,11,8,18,13,5,9,17,15,7,12,4,10,3,1,2,14,16,1,2,3,1,1,1,2,1,2,2,2,1,3,3,3,2,3,2,2,"146cd1",4,1,2,12,4,14,15,10,13,4,2,15,8,19,5,1,3,10,11,16,13,7,17,18,6,9,14,12,7,6,3,5,2,1,8,4,11,8,36,7,19,8,89,TRUE,"C1269",1,1,0,0,1,0,0,0,1,0,0,1,0,1,0,0,1,0,0,3,1,3,1,1,1,1,1,5,35,25,28,9,14,111
"97",771,TRUE,2022-11-30 18:06:30,"C0369",7,7,1,1,4,4,2,3,5,7,1,7,2,1,7,1,7,6,15,14,12,7,16,18,17,1,10,9,8,5,6,11,4,3,13,2,1,2,1,1,3,2,2,1,2,3,2,1,3,2,3,2,2,1,2,"C0369",4,NA,NA,NA,NA,NA,NA,NA,14,5,18,15,4,14,19,13,9,6,3,17,12,8,11,10,16,7,1,2,6,5,2,4,3,1,8,7,11,8,36,0,19,8,82,TRUE,"C0369",1,1,1,0,0,0,0,0,1,1,0,1,0,0,0,0,0,0,0,3,2,1,1,1,5,1,2,7,32,12,27,3,13,87
"98",636,TRUE,2022-11-30 18:06:34,"C2888",7,7,1,1,7,4,5,6,3,6,2,6,1,5,1,5,5,6,16,8,10,1,2,5,13,7,6,18,15,17,11,3,14,4,12,9,1,2,2,1,3,2,2,1,2,1,2,1,3,3,3,2,2,3,2,"C2888",4,2,2,13,1,13,12,10,15,9,12,8,1,19,15,16,11,2,3,4,13,5,14,7,17,18,6,10,2,7,6,4,3,1,8,5,11,8,36,7,19,8,89,TRUE,"C2888",1,1,0,0,0,0,0,0,1,0,0,1,0,1,0,0,0,0,0,2,1,2,1,1,3,2,1,1,35,20,25,17,11,108
"99",587,TRUE,2022-11-30 18:06:48,"C2631",6,6,1,2,7,5,5,4,2,6,1,6,1,1,5,3,6,4,9,14,11,17,13,1,2,10,3,4,16,15,8,7,6,5,12,18,1,2,2,1,4,2,2,1,2,2,2,1,4,2,3,2,2,1,2,"C2631",4,2,3,12,2,12,14,11,14,6,2,4,7,18,5,8,16,1,17,11,15,19,3,14,13,12,10,9,2,3,5,7,4,1,8,6,11,8,36,7,19,8,89,TRUE,"C2631",1,1,0,0,0,0,0,0,1,0,0,1,0,0,0,0,0,0,0,2,1,1,1,2,2,1,1,5,32,20,26,7,10,95
"100",627,TRUE,2022-11-30 18:06:58,"A3058",4,4,3,4,6,3,3,3,4,7,1,7,1,1,7,1,4,6,3,15,17,16,10,2,12,5,1,11,4,7,9,13,8,14,18,6,1,2,2,1,1,2,2,2,2,2,4,3,3,3,1,2,2,2,1,"A3058",4,2,1,11,4,12,12,9,11,19,10,16,15,2,3,5,6,7,1,18,13,9,17,14,12,4,8,11,5,7,4,2,6,1,8,3,11,8,36,7,19,8,89,TRUE,"A3058",1,1,0,0,1,0,0,0,1,0,0,0,0,1,0,0,0,0,0,3,1,1,3,4,4,1,1,7,23,13,28,3,10,77
"101",835,TRUE,2022-11-30 18:07:09,"C1225",5,5,1,1,6,5,5,7,3,7,1,7,1,2,4,5,7,7,8,15,10,11,3,7,9,13,6,17,18,16,2,14,4,1,12,5,4,2,2,2,3,1,4,4,2,2,2,2,1,2,3,2,2,1,2,NA,4,2,2,12,4,15,12,9,10,4,6,16,15,9,2,10,14,17,7,12,8,13,5,1,18,3,11,19,2,7,3,5,6,1,8,4,11,8,36,7,19,8,89,TRUE,"C1225",0,1,0,1,0,0,0,0,1,0,0,0,0,0,0,0,0,0,0,2,1,0,1,1,3,1,1,4,30,22,28,11,14,105
"102",470,TRUE,2022-11-30 18:07:10,"F2103",5,5,4,2,4,3,2,4,5,5,2,5,3,2,5,4,2,3,9,13,17,14,11,2,10,6,12,1,18,5,15,3,7,4,16,8,1,2,2,1,3,1,2,2,2,2,2,1,2,3,3,2,3,3,2,"F2103",5,NA,NA,NA,NA,NA,NA,NA,13,11,10,6,16,14,1,12,2,19,3,4,9,18,8,17,15,7,13,5,NA,NA,NA,NA,NA,NA,NA,NA,11,8,36,0,19,0,74,TRUE,"F2103",1,1,0,0,0,0,0,0,1,0,0,1,1,1,0,0,1,0,0,2,1,4,4,2,5,2,3,5,24,12,21,9,5,71
"103",843,TRUE,2022-11-30 18:07:14,"A1089",1,3,5,3,3,2,4,3,NA,4,3,4,2,2,7,2,3,3,3,18,16,1,15,8,10,11,9,14,6,13,2,12,4,7,17,5,1,2,2,1,3,2,2,1,2,1,2,1,3,3,1,2,1,3,3,"A1089",4,4,4,13,2,13,14,9,13,12,4,5,8,10,6,7,11,16,13,2,9,18,14,15,1,3,17,19,2,6,3,4,5,1,8,7,11,8,35,7,19,8,88,TRUE,"A1089",1,1,0,0,0,0,0,0,1,0,0,1,0,1,0,0,0,0,1,2,1,3,5,3,NA,3,2,7,15,9,19,5,6,54
"104",534,TRUE,2022-11-30 18:07:33,"F3069",2,4,2,2,4,4,2,4,2,4,2,2,2,3,2,3,5,4,6,13,7,12,1,2,16,4,8,10,15,5,18,11,17,14,3,9,1,2,1,1,3,2,2,2,2,3,2,1,4,2,3,2,1,3,4,"F3069",5,NA,NA,NA,NA,NA,NA,NA,9,10,17,11,7,1,14,4,3,6,8,13,18,5,2,9,12,16,15,19,NA,NA,NA,NA,NA,NA,NA,NA,11,8,36,0,19,0,74,TRUE,"F3069",1,1,1,0,0,0,0,0,1,1,0,1,0,0,0,0,0,0,0,3,2,1,2,2,2,2,2,2,22,16,18,12,9,77
"105",652,TRUE,2022-11-30 18:07:42,"C1843",5,4,3,2,5,5,4,5,2,6,3,5,2,3,3,3,5,NA,14,7,18,12,1,16,13,5,8,15,6,9,2,11,4,3,17,10,2,2,2,1,3,1,1,1,2,2,2,1,2,3,3,2,3,1,2,NA,4,2,2,12,2,13,14,10,13,6,7,2,11,12,15,3,9,8,1,19,5,10,17,4,16,14,13,18,7,6,3,5,4,1,8,2,11,8,35,7,19,8,88,TRUE,"C1843",0,1,0,0,0,0,1,0,1,0,0,1,1,1,0,0,1,0,0,2,1,4,3,2,2,3,2,3,25,20,22,11,5,83
"106",313,TRUE,2022-11-30 18:08:41,"C2158",NA,1,4,4,4,2,3,5,4,2,4,3,4,5,6,4,4,3,10,4,11,7,5,14,18,15,3,16,17,12,9,13,2,1,6,8,2,2,1,3,1,2,2,2,2,3,3,4,1,1,2,3,2,1,4,NA,4,4,4,13,4,15,NA,12,6,1,14,5,7,15,8,9,2,19,16,18,4,6,12,3,10,11,17,13,3,6,7,2,5,1,8,4,11,8,35,6,19,8,87,TRUE,"C2158",0,1,1,0,1,0,0,0,1,1,1,0,0,0,1,0,0,0,0,3,3,1,4,4,4,4,4,6,13,14,13,11,7,58
"107",573,TRUE,2022-11-30 18:09:10,"C2192",4,3,4,4,6,4,4,7,3,6,2,6,2,1,4,2,4,5,14,16,3,10,1,5,18,15,11,4,6,17,9,12,7,13,2,8,2,2,1,1,2,2,2,2,2,1,1,2,1,2,2,2,3,3,3,"C2192",4,2,NA,12,2,12,13,9,6,6,18,5,11,13,8,7,1,14,19,9,4,15,12,17,3,16,10,2,7,4,6,3,2,1,8,5,11,8,36,6,19,8,88,TRUE,"C2192",0,1,1,0,0,0,0,0,1,0,0,0,0,0,1,0,1,0,1,2,1,3,4,4,3,2,2,4,21,20,24,7,9,81
"108",816,TRUE,2022-11-30 18:09:36,"A2798",2,2,5,4,3,3,3,4,5,4,3,4,3,1,6,2,1,2,6,13,7,9,16,17,8,5,10,14,15,12,18,2,4,11,1,3,1,2,2,1,1,2,2,1,2,2,4,3,3,3,3,2,2,1,2,"A2798",4,5,3,14,2,12,14,12,14,14,5,8,2,7,10,3,19,4,11,17,12,13,6,9,1,16,18,15,4,3,2,6,5,1,8,7,11,8,36,7,19,8,89,TRUE,"A2798",1,1,0,0,1,0,0,0,1,0,0,0,0,1,0,0,0,0,0,3,1,1,5,4,5,3,3,6,14,13,18,5,3,53
"109",427,TRUE,2022-11-30 18:09:41,"F3070",6,6,1,1,6,5,4,7,1,7,1,7,1,4,2,5,7,7,2,13,11,14,12,10,4,16,6,7,18,8,9,1,5,3,17,15,1,2,2,1,3,1,2,1,1,1,2,1,3,3,2,2,3,1,2,"F3070",4,1,1,11,5,15,15,9,15,14,5,7,8,9,16,10,6,12,2,15,3,4,18,19,11,1,17,13,5,4,7,3,2,1,8,6,11,8,36,7,19,8,89,TRUE,"F3070",1,1,0,0,0,0,0,0,0,0,0,1,0,1,1,0,1,0,0,2,0,4,1,1,1,1,1,2,32,23,28,15,14,112
"110",391,TRUE,2022-11-30 18:55:59,"A0594",6,6,1,1,6,6,6,6,2,7,1,7,1,6,2,5,6,4,8,4,17,7,6,10,16,5,9,12,2,13,11,14,1,3,18,15,3,3,1,2,1,3,2,1,2,2,3,2,2,1,4,2,3,3,2,"A0594",4,3,3,12,3,14,14,9,7,18,13,14,17,8,7,9,2,11,3,15,12,6,16,5,19,10,1,4,6,5,7,4,2,1,8,3,11,8,36,7,19,8,89,TRUE,"A0594",0,0,1,1,1,1,0,0,1,0,1,0,1,0,0,0,1,0,0,4,2,2,1,1,2,1,1,2,32,24,28,17,10,111
"111",373,TRUE,2022-11-30 18:56:51,"A0617",6,6,2,1,6,5,4,6,3,5,3,4,2,6,2,4,3,5,9,3,14,4,18,13,17,7,11,12,16,15,2,10,8,5,6,1,1,1,2,1,1,2,2,2,2,2,1,1,2,3,1,2,3,3,2,"A0617",4,3,3,13,3,13,13,10,10,4,12,11,5,15,16,19,9,3,13,18,1,8,17,6,14,10,7,2,6,2,7,5,3,1,8,4,11,8,36,7,19,8,89,TRUE,"A0617",1,0,0,0,1,0,0,0,1,0,0,1,1,1,0,0,1,0,0,2,1,4,2,1,3,3,2,2,31,20,20,16,8,95
"112",314,TRUE,2022-11-30 18:57:29,"A0954",4,5,3,3,6,4,4,4,7,4,4,4,3,1,2,1,4,4,16,7,12,15,1,18,6,9,5,8,11,17,3,4,10,14,13,2,1,2,2,2,3,1,2,3,2,3,2,2,3,3,3,2,3,1,2,NA,4,4,2,14,3,13,12,9,12,2,19,10,13,6,17,14,12,8,7,15,18,5,3,11,9,16,4,1,3,4,6,7,5,1,8,2,11,8,36,7,19,8,89,TRUE,"A0954",1,1,0,1,0,0,0,1,1,1,0,0,0,1,0,0,1,0,0,4,2,2,3,3,7,4,3,2,25,13,17,8,8,71
"113",454,TRUE,2022-11-30 19:01:06,"C0842",4,5,NA,1,6,5,5,7,1,7,1,4,1,4,4,4,4,3,17,3,4,12,1,9,2,16,10,7,13,11,5,8,15,6,18,14,1,2,2,1,2,1,1,1,2,1,2,1,1,2,2,1,3,3,2,"7340000535",4,2,2,12,2,14,13,9,10,5,12,7,9,16,17,15,10,18,3,19,8,6,2,1,13,14,4,11,6,3,4,7,2,1,8,5,11,8,35,7,19,8,88,TRUE,"C0842",1,1,0,0,0,0,1,0,1,0,0,1,0,0,1,1,1,0,0,3,1,4,NA,1,1,1,1,4,22,24,25,12,7,90
"114",469,TRUE,2022-11-30 19:01:21,"C0820",7,7,1,3,4,5,3,6,4,4,2,4,5,4,2,3,NA,4,9,6,4,10,18,15,14,1,5,17,3,11,8,13,2,7,16,12,1,2,1,1,3,3,2,2,2,3,2,3,3,1,3,2,4,3,2,NA,4,2,3,14,2,11,15,10,11,6,7,1,16,14,4,9,3,13,18,8,12,17,11,2,15,10,19,5,6,4,2,3,7,1,8,5,11,8,35,7,19,8,88,TRUE,"C0820",1,1,1,0,0,1,0,0,1,1,0,0,0,0,0,0,0,0,0,4,2,0,1,3,4,2,5,2,30,18,17,13,4,82
"115",338,TRUE,2022-11-30 19:01:42,"A2765",4,4,4,4,4,4,4,4,4,4,4,4,4,4,1,4,4,4,2,8,16,15,12,9,7,3,4,14,13,6,17,10,1,18,5,11,1,4,3,1,4,4,2,4,4,2,4,1,3,4,3,2,2,1,4,"A2765",4,3,3,13,3,13,13,10,9,9,14,7,16,19,12,11,6,13,15,18,2,17,3,1,8,5,10,4,2,3,7,4,5,1,8,6,11,8,36,7,19,8,89,TRUE,"A2765",1,0,0,0,0,0,0,0,0,0,0,1,0,0,0,0,0,0,0,1,0,1,4,4,4,4,4,1,20,16,16,15,8,75
"116",603,TRUE,2022-11-30 19:02:20,"A0897",5,5,3,1,5,NA,3,4,NA,7,4,7,1,4,4,4,5,5,15,17,2,1,18,12,7,14,9,11,3,5,6,16,4,13,8,10,3,2,2,1,3,2,1,1,2,1,2,1,3,3,2,2,3,1,2,NA,4,3,1,11,3,13,13,10,14,10,13,12,5,18,1,17,9,6,16,19,8,7,3,14,11,2,15,4,4,3,2,5,7,1,8,6,11,8,34,7,19,8,87,TRUE,"A0897",0,1,0,0,0,0,1,0,1,0,0,1,0,1,1,0,1,0,0,2,1,4,3,1,NA,4,1,4,27,7,25,12,10,81
"117",636,TRUE,2022-11-30 19:02:36,"F0886",3,6,4,2,3,2,3,1,4,5,5,5,3,3,5,4,1,1,2,12,5,14,17,16,1,8,9,4,7,3,15,11,10,6,18,13,1,2,3,3,3,1,2,1,2,2,2,1,3,3,3,2,2,1,2,"F0886",5,NA,NA,NA,NA,NA,NA,NA,15,6,5,13,11,17,2,8,10,18,1,3,15,4,14,12,16,7,9,19,NA,NA,NA,NA,NA,NA,NA,NA,11,8,36,0,19,0,74,TRUE,"F0886",1,1,0,0,0,0,0,0,1,0,0,1,0,1,0,0,0,0,0,2,1,2,4,2,4,5,3,5,22,10,18,10,2,62
"118",1251,TRUE,2022-11-30 19:50:42,"C2844",4,5,1,3,7,1,2,7,1,4,1,7,1,1,6,4,1,4,17,14,11,1,9,18,8,16,10,5,13,2,12,4,6,3,15,7,3,1,1,3,2,2,1,2,2,1,2,2,3,2,3,2,4,3,2,NA,4,4,1,13,2,13,11,9,5,15,18,16,19,11,8,13,6,4,17,1,3,10,7,14,9,5,2,12,6,3,2,4,7,1,8,5,11,8,36,7,19,8,89,TRUE,"C2844",0,0,1,0,0,0,1,0,1,0,0,0,0,0,0,0,0,0,0,2,1,0,1,3,1,1,1,6,28,17,25,7,5,82
"119",466,TRUE,2022-11-30 19:51:40,"C0910",7,7,1,2,7,3,4,4,5,7,1,7,3,7,1,4,7,6,15,7,11,18,2,9,12,8,14,4,16,17,13,1,6,5,3,10,1,2,2,2,3,2,2,1,2,1,2,2,3,3,3,2,4,3,2,"C0910",4,1,2,11,4,13,14,12,12,1,7,17,2,19,15,11,3,14,13,10,8,12,4,16,6,18,9,5,5,7,2,6,3,1,8,4,11,8,36,7,19,8,89,TRUE,"C0910",1,1,0,1,0,0,0,0,1,0,0,0,0,1,0,0,0,0,0,3,1,1,1,2,5,1,3,1,34,14,26,18,13,105
"120",925,TRUE,2022-12-01 17:07:25,"A1663",4,5,2,2,3,5,4,5,2,5,2,5,2,3,3,3,3,6,11,3,14,9,17,5,16,12,8,4,2,10,7,13,18,15,6,1,1,2,1,2,1,1,2,1,2,2,2,1,3,2,3,2,1,1,2,"A1663",4,3,3,13,2,12,14,11,12,4,11,6,8,1,17,10,13,14,9,12,5,3,2,19,7,18,16,15,4,2,3,5,6,1,8,7,11,8,36,7,19,8,89,TRUE,"A1663",1,1,1,1,1,0,0,0,1,0,0,1,0,0,0,0,0,0,0,5,1,1,2,2,2,2,2,3,24,20,22,11,9,86
"121",343,TRUE,2022-12-02 13:39:56,"E0224",6,6,1,2,6,4,6,6,2,6,1,7,2,2,5,4,5,5,12,10,3,8,18,4,6,7,5,11,17,13,14,2,1,9,15,16,1,2,3,1,3,4,2,1,2,2,2,2,3,2,2,2,2,2,2,"E0224",5,NA,NA,NA,NA,NA,NA,NA,14,15,14,16,2,1,4,12,7,8,11,9,6,18,3,10,17,5,13,19,NA,NA,NA,NA,NA,NA,NA,NA,11,8,36,0,19,0,74,TRUE,"E0224",1,1,0,0,0,0,0,0,1,0,0,0,0,0,1,0,0,0,0,2,1,1,1,2,2,1,2,5,31,22,26,9,10,98
"122",396,TRUE,2022-12-02 13:41:59,"B0055",3,4,4,5,4,4,4,5,4,4,3,5,3,1,7,1,3,4,18,13,15,3,2,1,5,12,7,16,11,14,9,6,8,17,4,10,1,2,3,1,3,2,2,1,2,2,4,1,2,3,3,2,3,1,2,"B0055",4,2,2,12,1,11,11,12,13,15,10,13,18,14,19,3,11,6,9,2,5,4,7,1,17,8,12,16,3,2,4,6,5,1,8,7,11,8,36,7,19,8,89,TRUE,"B0055",1,1,0,0,0,0,0,0,1,0,0,1,1,1,0,0,1,0,0,2,1,4,4,5,4,3,3,7,18,17,19,3,7,64
"123",354,TRUE,2022-12-02 13:42:02,"E0549",4,6,3,2,4,3,2,4,2,4,NA,5,3,5,3,5,4,3,3,7,13,1,17,10,11,16,5,8,4,2,6,18,15,12,14,9,1,2,2,1,3,1,2,1,2,2,4,1,3,3,4,2,1,1,2,"E0549",5,NA,NA,NA,NA,NA,NA,NA,15,14,6,3,12,13,9,1,7,11,10,4,16,18,19,5,17,8,15,2,NA,NA,NA,NA,NA,NA,NA,NA,11,8,35,0,19,0,73,TRUE,"E0549",1,1,0,0,0,0,0,0,1,0,0,1,0,1,0,0,0,0,0,2,1,2,3,2,2,NA,3,3,25,15,14,15,7,76
"124",418,TRUE,2022-12-02 13:42:09,"D0213",7,6,1,1,5,6,7,7,1,6,3,5,3,6,2,6,6,6,4,13,18,7,10,1,5,9,14,6,16,12,17,3,15,11,8,2,1,2,2,1,3,2,2,1,2,2,2,1,3,3,3,2,2,1,2,"D0213",4,4,2,12,3,13,15,10,17,18,2,12,6,1,13,8,19,7,3,15,17,4,5,10,11,16,9,14,2,6,3,5,4,1,8,7,11,8,36,7,19,8,89,TRUE,"D0213",1,1,0,0,0,0,0,0,1,0,0,1,0,1,0,0,0,0,0,2,1,2,1,1,1,3,3,2,32,27,21,18,12,110
"125",477,TRUE,2022-12-02 13:43:52,"E0550",5,5,2,2,5,4,4,5,4,6,1,6,1,1,5,3,5,6,4,16,15,7,14,11,6,1,8,18,12,13,9,5,17,3,10,2,1,2,2,1,3,1,2,1,2,2,2,1,3,2,3,2,2,1,3,"E0550",5,NA,NA,NA,NA,NA,NA,NA,15,9,2,1,14,3,10,11,18,17,19,6,12,8,16,7,13,5,15,4,NA,NA,NA,NA,NA,NA,NA,NA,11,8,36,0,19,0,74,TRUE,"E0550",1,1,0,0,0,0,0,0,1,0,0,1,0,0,0,0,0,0,1,2,1,2,2,2,4,1,1,5,27,17,26,7,11,88
"126",550,TRUE,2022-12-02 13:44:16,"B2462",4,7,2,2,6,4,6,4,1,6,1,7,2,5,4,4,5,5,18,11,1,4,10,13,15,14,17,9,8,2,5,6,3,12,7,16,1,2,2,1,3,1,2,1,2,1,2,2,2,3,2,2,3,3,2,"B2462",4,2,2,12,4,14,14,10,13,16,18,1,15,17,10,13,6,5,19,2,4,7,3,11,8,14,12,9,5,6,3,2,4,1,8,7,11,8,36,7,19,8,89,TRUE,"B2462",1,1,0,0,0,0,0,0,1,0,0,0,1,1,1,0,1,0,0,2,1,4,2,2,1,1,2,4,29,21,26,13,10,99
"127",524,TRUE,2022-12-02 13:45:03,"B0088",5,4,4,6,3,3,4,6,4,7,1,4,1,4,1,6,1,1,1,5,11,4,18,17,7,13,9,10,14,2,12,3,15,8,6,16,2,2,3,1,3,1,2,1,2,2,3,1,1,2,2,2,3,3,3,NA,4,4,4,14,2,12,12,11,10,8,2,7,6,13,19,9,3,16,11,10,17,15,4,12,5,1,14,18,3,5,6,7,2,1,8,4,11,8,36,7,19,8,89,TRUE,"B0088",0,1,0,0,0,0,0,0,1,0,1,1,0,0,1,0,1,0,1,1,2,4,4,6,4,1,1,1,18,17,25,17,2,79
"128",648,TRUE,2022-12-02 13:47:25,"B0190",7,7,1,1,5,5,5,6,2,6,4,6,1,4,NA,2,2,6,10,16,12,7,17,8,4,14,15,13,1,5,18,11,2,6,3,9,1,2,2,1,3,2,2,3,2,2,2,1,3,3,1,2,2,1,2,"B0190",4,2,3,12,3,12,14,11,16,12,13,16,7,9,3,4,15,18,1,11,2,6,10,19,8,14,5,17,4,3,7,5,2,1,8,6,11,8,35,7,19,8,88,TRUE,"B0190",1,1,0,0,0,0,0,1,1,0,0,1,0,1,0,0,0,0,0,3,1,2,1,1,2,4,1,NA,33,22,23,6,8,92
"129",254,TRUE,2022-12-02 13:55:33,"B3340",3,5,4,3,4,2,3,3,4,4,5,4,2,3,NA,6,4,3,1,4,11,17,5,3,10,14,18,8,12,7,9,6,13,16,15,2,1,3,2,4,3,1,2,1,2,1,2,1,4,3,3,2,1,3,2,"B3340",5,NA,NA,NA,NA,NA,NA,NA,11,13,18,11,19,10,14,3,6,5,17,1,8,7,9,4,12,2,16,15,NA,NA,NA,NA,NA,NA,NA,NA,11,8,35,0,19,0,73,TRUE,"B3340",1,0,0,0,0,0,0,0,1,0,0,1,0,1,0,0,0,0,0,1,1,2,4,3,4,5,2,NA,21,12,17,9,7,66
"130",268,TRUE,2022-12-02 13:55:44,"D3317",5,5,3,1,7,5,6,6,6,7,2,7,1,3,2,3,5,7,4,17,10,6,13,15,18,7,3,14,5,9,16,11,1,8,2,12,1,1,2,1,3,2,1,2,2,2,1,3,3,1,2,2,3,1,2,"D3317",5,NA,NA,NA,NA,NA,NA,NA,11,8,4,7,11,3,18,13,15,5,1,17,14,9,6,10,16,19,12,2,NA,NA,NA,NA,NA,NA,NA,NA,11,8,36,0,19,0,74,TRUE,"D3317",1,0,0,0,0,0,1,0,1,0,0,0,0,0,1,0,1,0,0,2,1,2,3,1,6,2,1,2,29,19,27,12,12,99
"131",295,TRUE,2022-12-02 13:56:13,"E3384",7,7,1,1,7,7,7,7,1,7,1,7,1,6,1,7,7,7,15,12,5,2,10,11,14,1,17,13,7,16,18,6,9,8,3,4,3,3,2,1,3,2,2,1,2,2,4,4,3,3,4,1,3,1,3,"E3384",4,2,2,12,5,15,15,9,10,17,1,4,15,8,5,16,14,10,3,12,6,7,18,9,2,11,13,19,3,5,6,4,2,1,8,7,11,8,36,7,19,8,89,TRUE,"E3384",0,0,0,0,0,0,0,0,1,0,0,0,0,1,0,1,1,0,1,0,1,4,1,1,1,1,1,1,35,28,28,20,14,125
"132",304,TRUE,2022-12-02 13:56:31,"B3283",7,7,1,1,7,7,7,4,2,7,1,7,1,1,7,4,4,4,4,12,2,16,18,1,13,8,10,14,11,3,7,9,5,17,6,15,3,2,2,1,3,3,2,2,2,4,2,2,3,2,3,3,4,4,2,NA,4,2,2,13,1,14,13,10,10,2,9,1,14,3,12,5,18,11,4,17,7,10,16,13,15,19,8,6,7,4,3,6,5,1,8,2,11,8,36,7,19,8,89,TRUE,"B3283",0,1,0,0,0,1,0,0,1,0,0,0,0,0,0,0,0,1,0,2,1,1,1,1,2,1,1,7,35,24,28,6,8,101
"133",2749,TRUE,2022-12-02 13:56:31,"D2608",5,5,3,2,5,5,6,6,3,2,2,4,5,1,2,4,4,5,10,8,17,12,5,13,3,11,9,18,1,15,2,4,6,7,16,14,1,2,3,3,4,3,2,2,2,3,4,1,3,1,2,2,2,4,2,"D2608",4,4,3,13,2,12,12,10,11,18,6,12,16,7,14,2,17,3,10,4,11,15,5,19,9,13,8,1,4,6,5,7,3,1,8,2,11,8,36,7,19,8,89,TRUE,"D2608",1,1,0,0,0,1,0,0,1,1,0,1,0,0,1,0,0,1,0,3,2,3,3,2,3,2,5,2,26,22,15,11,9,83
"134",334,TRUE,2022-12-02 13:57:03,"B3362",4,7,1,1,4,4,4,4,1,4,1,4,1,3,1,4,4,7,12,15,5,13,9,4,2,8,18,11,17,3,6,14,16,1,7,10,1,1,2,1,2,2,1,2,2,3,1,3,3,1,2,2,1,2,2,"B3362",4,1,1,11,1,15,15,9,8,1,17,16,12,13,6,18,15,19,8,11,14,5,7,9,4,3,2,10,6,3,4,7,2,1,8,5,11,8,36,7,19,8,89,TRUE,"B3362",1,0,0,0,0,0,1,0,1,1,0,0,0,0,1,0,0,0,0,2,2,1,1,1,1,1,1,1,29,19,22,14,11,95
"135",250,TRUE,2022-12-02 13:58:19,"D3418",7,6,2,2,7,6,5,7,1,7,NA,6,2,4,3,5,4,6,3,10,9,16,7,13,4,6,11,17,5,18,8,2,1,12,15,14,1,2,2,1,3,2,2,1,2,1,2,1,3,3,2,2,4,3,2,NA,4,2,2,13,2,12,13,11,15,12,10,5,16,4,18,11,3,7,9,13,1,2,15,14,8,19,17,6,4,6,7,5,2,1,8,3,11,8,35,7,19,8,88,TRUE,"D3418",1,1,0,0,0,0,0,0,1,0,0,1,0,1,1,0,0,0,0,2,1,3,2,2,1,NA,2,3,32,25,19,14,10,100
"136",399,TRUE,2022-12-02 13:58:51,"D3137",5,6,1,1,5,6,4,4,5,6,6,6,3,4,5,2,3,4,8,17,12,10,11,4,6,13,15,5,2,7,1,16,18,9,14,3,1,2,1,1,1,1,2,1,2,1,2,1,1,2,4,2,3,3,2,NA,4,4,5,14,5,11,12,11,10,9,2,19,15,7,11,5,17,10,13,8,1,3,6,18,12,16,14,4,4,2,3,7,6,1,8,5,11,8,36,7,19,8,89,TRUE,"D3137",1,1,1,0,1,0,0,0,1,0,0,1,0,0,0,0,1,0,0,4,1,2,1,1,5,6,3,5,30,17,19,9,7,82
"137",444,TRUE,2022-12-02 13:59:09,"E3373",5,5,3,3,6,4,3,3,5,5,3,5,3,1,6,1,7,6,13,4,14,1,2,9,11,6,18,7,8,16,15,10,5,3,17,12,1,2,2,4,3,1,2,1,2,4,2,2,3,1,3,2,1,1,1,"E3373",5,NA,NA,NA,NA,NA,NA,NA,11,4,1,9,18,5,7,11,17,10,6,15,3,16,13,12,2,14,19,8,NA,NA,NA,NA,NA,NA,NA,NA,11,8,36,0,19,0,74,TRUE,"E3373",1,1,0,0,0,0,0,0,1,0,0,0,0,0,0,0,0,0,0,2,1,0,3,3,5,3,3,6,26,13,20,4,13,76
"138",461,TRUE,2022-12-02 13:59:11,"E3463",4,5,2,2,4,6,3,5,6,4,3,4,4,4,2,4,6,4,1,4,14,6,8,3,17,2,18,11,10,13,12,7,9,5,15,16,4,1,2,1,1,2,2,2,2,4,4,1,3,3,1,2,1,3,3,"E3463",4,2,1,11,2,12,13,10,8,9,6,16,1,8,12,10,13,7,2,19,17,11,4,18,3,15,5,14,2,4,3,7,5,1,8,6,11,8,36,7,19,8,89,TRUE,"E3463",0,0,0,0,1,0,0,0,1,0,0,1,0,1,0,0,0,0,1,1,1,3,2,2,6,3,4,2,25,16,17,14,10,82
"139",259,TRUE,2022-12-02 14:36:33,"B2035",4,4,4,4,4,4,4,4,4,4,4,4,4,4,4,4,4,4,2,16,14,8,7,10,15,18,13,9,12,1,3,6,5,4,11,17,1,2,2,2,4,3,2,2,2,2,2,4,2,2,2,3,3,2,1,"B2035",4,3,3,11,3,13,13,10,9,18,6,10,4,9,15,8,16,5,19,7,2,1,17,11,13,12,14,3,3,4,2,7,5,1,8,6,11,8,36,7,19,8,89,TRUE,"B2035",1,1,0,1,0,1,0,0,1,0,0,0,1,0,1,0,1,0,0,4,1,3,4,4,4,4,4,4,20,16,16,12,8,72
"140",477,TRUE,2022-12-02 14:38:35,"E0505",4,4,4,5,3,3,3,4,NA,3,3,4,5,4,3,4,3,4,15,8,2,5,3,11,16,12,18,10,17,7,4,14,6,13,1,9,1,2,2,2,3,1,2,1,2,2,2,1,3,3,3,2,2,1,2,"E0505",5,NA,NA,NA,NA,NA,NA,NA,16,3,4,6,12,8,13,16,19,10,9,18,11,7,15,5,14,17,2,1,NA,NA,NA,NA,NA,NA,NA,NA,11,8,35,0,19,0,73,TRUE,"E0505",1,1,0,1,0,0,0,0,1,0,0,1,0,1,0,0,0,0,0,3,1,2,4,5,NA,3,5,3,18,10,15,13,7,63
"141",529,TRUE,2022-12-02 14:39:16,"D1371",7,7,2,1,5,5,6,6,3,5,2,6,2,6,3,4,6,5,11,16,12,1,5,2,18,14,9,6,7,17,13,15,8,3,4,10,1,2,3,3,3,1,2,1,2,2,2,1,3,3,2,2,2,1,3,"D1371",4,2,4,11,2,12,13,12,15,13,1,8,16,14,11,3,19,17,4,18,7,12,10,2,15,5,9,6,4,3,5,6,2,1,8,7,11,8,36,7,19,8,89,TRUE,"D1371",1,1,0,0,0,0,0,0,1,0,0,1,0,1,1,0,0,0,1,2,1,4,2,1,3,2,2,3,32,22,23,15,11,103
"142",592,TRUE,2022-12-02 14:41:02,"B2013",6,7,2,3,6,5,5,7,2,5,2,7,2,4,4,6,7,7,9,12,7,2,4,3,1,17,11,13,8,16,5,15,6,10,14,18,1,2,2,1,3,2,2,1,2,2,4,2,3,2,2,2,3,1,2,"B2013",4,2,1,11,3,13,12,10,14,6,18,10,19,1,15,3,11,8,7,5,13,16,9,2,12,4,14,17,6,3,5,4,2,1,8,7,11,8,36,7,19,8,89,TRUE,"B2013",1,1,0,0,0,0,0,0,1,0,0,0,0,0,1,0,1,0,0,2,1,2,2,3,2,2,2,4,30,23,24,14,14,105
"143",373,TRUE,2022-12-02 14:41:59,"B3575",6,5,3,4,6,5,5,7,2,4,2,5,2,3,4,6,5,4,9,2,15,13,7,17,8,10,6,16,5,11,1,18,12,4,3,14,1,2,2,1,3,1,2,1,2,2,2,1,1,3,3,2,1,1,2,"B3575",4,2,4,12,2,14,14,11,15,4,19,16,14,11,12,2,3,15,6,8,1,13,10,7,5,18,17,9,3,5,2,7,4,1,8,6,11,8,36,7,19,8,89,TRUE,"B3575",1,1,0,0,0,0,0,0,1,0,0,1,0,1,0,0,0,0,0,2,1,2,3,4,2,2,2,4,26,23,21,13,9,92
"144",404,TRUE,2022-12-02 14:42:15,"D3643",7,7,1,1,7,6,4,7,1,7,6,7,1,6,2,5,6,7,4,6,8,3,17,1,5,16,12,14,10,18,15,7,13,2,11,9,1,2,1,1,3,1,2,1,2,2,2,1,3,2,2,2,3,3,3,"D3643",4,1,2,11,4,15,15,9,13,8,2,1,15,4,17,9,5,19,14,13,7,10,3,16,12,6,11,18,7,6,3,2,4,1,8,5,11,8,36,7,19,8,89,TRUE,"D3643",1,1,1,0,0,0,0,0,1,0,0,1,0,0,1,0,1,0,1,3,1,4,1,1,1,6,1,2,35,24,23,17,13,112
"145",430,TRUE,2022-12-02 14:42:48,"D3621",5,5,2,1,5,5,4,5,3,7,1,7,2,3,3,3,5,4,15,16,10,18,3,11,8,9,13,1,6,4,14,2,7,12,17,5,1,2,2,1,1,2,2,1,2,4,4,1,3,2,3,1,2,1,2,"D3621",4,1,1,11,5,15,14,9,12,4,16,3,14,19,7,1,12,2,18,15,8,11,5,13,17,9,6,10,7,5,4,3,2,1,8,6,11,8,36,7,19,8,89,TRUE,"D3621",1,1,0,0,1,0,0,0,1,0,0,1,0,0,0,1,0,0,0,3,1,2,2,1,3,1,2,3,28,19,27,11,9,94
"146",476,TRUE,2022-12-02 14:43:44,"E3632",2,2,5,4,1,1,2,1,5,1,5,1,6,3,4,3,2,1,6,10,9,1,16,11,17,18,12,13,2,8,14,15,5,4,3,7,1,2,2,1,3,1,2,1,2,2,2,1,3,3,3,2,1,1,2,"E3632",5,NA,NA,NA,NA,NA,NA,NA,16,11,12,17,3,1,16,7,10,15,9,6,13,18,2,14,4,8,19,5,NA,NA,NA,NA,NA,NA,NA,NA,11,8,36,0,19,0,74,TRUE,"E3632",1,1,0,0,0,0,0,0,1,0,0,1,0,1,0,0,0,0,0,2,1,2,5,4,5,5,6,4,12,7,7,10,3,39
"147",511,TRUE,2022-12-02 14:44:31,"D2372",NA,1,1,6,2,1,1,2,6,4,1,4,4,1,7,1,3,4,7,3,8,2,14,15,11,10,4,1,17,16,18,13,5,6,9,12,1,1,2,1,3,1,2,1,2,2,2,1,3,1,4,2,3,2,2,"D2372",4,2,3,13,3,12,12,10,13,11,10,12,18,13,5,17,4,8,16,19,6,3,9,1,14,15,7,2,7,6,5,4,2,1,8,3,11,8,35,7,19,8,88,TRUE,"D2372",1,0,0,0,0,0,0,0,1,0,0,1,0,0,0,0,1,0,0,1,1,2,1,6,6,1,4,7,12,6,19,3,7,47
"148",534,TRUE,2022-12-02 14:44:49,"B3744",7,7,2,1,7,6,3,7,2,7,1,7,1,3,5,2,7,7,8,2,13,7,5,12,9,18,3,16,4,14,11,1,6,10,17,15,1,2,2,1,3,4,2,1,2,2,2,1,3,3,3,2,4,1,2,"B3744",4,4,4,13,2,12,13,12,16,17,12,13,9,7,3,5,11,6,10,8,18,14,19,16,4,15,1,2,7,2,3,5,4,1,8,6,11,8,36,7,19,8,89,TRUE,"B3744",1,1,0,0,0,0,0,0,1,0,0,1,0,1,0,0,0,0,0,2,1,2,2,1,2,1,1,5,34,22,28,8,14,106
"149",881,TRUE,2022-12-02 14:46:10,"B3812",7,7,1,1,7,6,4,6,2,7,1,7,1,3,3,2,7,7,10,18,6,16,4,17,11,15,12,8,2,3,14,13,7,1,9,5,1,2,3,1,3,2,2,1,1,4,4,1,2,3,3,2,2,2,2,"B3812",4,1,1,11,3,15,15,8,11,1,12,7,10,16,17,9,4,15,11,3,19,6,13,8,18,2,5,14,6,2,3,5,4,1,8,7,11,8,36,7,19,8,89,TRUE,"B3812",1,1,0,0,0,0,0,0,0,0,0,1,1,1,0,0,0,0,0,2,0,3,1,1,2,1,1,3,35,22,28,10,14,109
"150",653,TRUE,2022-12-02 14:46:35,"E3610",2,3,2,5,3,3,2,5,3,7,1,7,1,2,3,2,2,2,17,6,10,2,16,13,4,12,11,1,14,8,5,18,3,9,15,7,1,2,3,1,3,2,2,1,2,2,2,2,3,3,3,2,2,2,2,"E3610",5,NA,NA,NA,NA,NA,NA,NA,14,13,16,6,10,18,12,15,3,1,2,14,11,5,17,8,4,19,9,7,NA,NA,NA,NA,NA,NA,NA,NA,11,8,36,0,19,0,74,TRUE,"E3610",1,1,0,0,0,0,0,0,1,0,0,0,0,1,0,0,0,0,0,2,1,1,2,5,3,1,1,3,17,15,28,9,4,73
"151",756,TRUE,2022-12-02 14:47:23,"D2002",3,3,4,4,4,3,2,4,6,4,5,2,4,3,5,4,3,3,2,14,13,9,7,18,3,16,15,6,1,11,17,5,4,10,8,12,1,2,4,1,3,2,1,1,2,2,2,1,4,3,3,2,1,2,2,"D2002",4,2,2,12,2,12,12,9,12,5,4,16,17,14,11,15,6,3,2,8,10,13,12,9,7,19,18,1,7,4,6,2,5,1,8,3,11,8,36,7,19,8,89,TRUE,"D2002",1,1,0,0,0,0,1,0,1,0,0,1,0,1,0,0,0,0,0,3,1,2,4,4,6,5,4,5,18,11,13,10,6,58
"152",431,TRUE,2022-12-02 15:19:30,"D3542",7,7,1,1,7,7,7,7,1,7,5,7,2,6,4,7,7,7,1,16,13,2,18,17,6,9,5,8,12,4,11,14,15,7,3,10,1,2,2,1,3,2,2,1,2,2,2,1,3,2,4,2,2,1,2,"D3542",4,2,2,12,1,12,11,11,16,5,1,2,12,8,13,19,15,4,10,16,14,18,11,6,17,7,3,9,2,4,6,7,5,1,8,3,11,8,36,7,19,8,89,TRUE,"D3542",1,1,0,0,0,0,0,0,1,0,0,1,0,0,0,0,0,0,0,2,1,1,1,1,1,5,2,4,35,28,23,17,14,117
"153",499,TRUE,2022-12-02 15:22:37,"D3508",4,4,4,1,7,1,4,4,4,7,1,7,4,1,7,1,4,4,18,14,1,11,7,13,12,5,3,8,16,10,15,2,4,9,6,17,1,2,1,1,3,1,2,1,2,1,2,1,4,1,2,2,3,1,2,"D3508",4,3,2,12,3,13,14,9,13,4,18,11,10,9,2,3,19,6,14,13,15,17,12,16,1,5,8,7,4,7,2,5,3,1,8,6,11,8,36,7,19,8,89,TRUE,"D3508",1,1,1,0,0,0,0,0,1,0,0,1,0,0,1,0,1,0,0,3,1,3,4,1,4,1,4,7,26,13,25,3,8,75
"154",343,TRUE,2022-12-02 15:26:27,"B3531",7,7,1,1,7,7,7,4,4,7,1,7,1,4,4,7,7,7,10,7,8,5,15,6,9,3,2,1,18,13,4,17,14,11,16,12,3,4,3,3,3,2,3,4,3,2,4,4,2,4,4,2,4,2,3,"B3531",4,4,4,13,4,12,14,9,3,10,16,7,15,17,19,12,1,3,18,14,8,6,2,9,13,11,5,4,3,7,6,2,4,1,8,5,11,8,36,7,19,8,89,TRUE,"B3531",0,0,0,0,0,0,0,0,0,0,0,0,1,0,0,0,0,0,1,0,0,2,1,1,4,1,1,4,35,22,28,15,14,114
"155",153,TRUE,2022-12-02 15:32:33,"B3216",7,7,7,1,7,7,7,7,1,7,1,7,1,7,7,7,7,7,4,1,16,7,17,10,14,13,2,3,6,5,12,18,11,15,9,8,2,3,4,2,3,3,2,4,4,2,4,3,4,2,2,2,4,2,1,"B3216",4,4,4,14,4,14,14,11,6,14,12,19,17,5,8,3,13,16,10,18,11,15,4,2,1,9,6,7,4,6,2,3,7,1,8,5,11,8,36,7,19,8,89,TRUE,"B3216",0,0,0,1,0,1,0,0,0,0,0,0,0,0,1,0,0,0,0,2,0,1,7,1,1,1,1,7,29,28,28,15,14,114
"156",303,TRUE,2022-12-02 15:34:26,"B2686",5,5,3,3,4,5,5,5,5,5,3,4,3,4,3,4,4,5,9,8,1,18,13,3,4,10,2,5,7,14,11,15,17,16,12,6,1,1,2,2,1,2,4,1,2,1,3,2,3,3,3,1,3,1,2,"B2686",4,3,NA,12,2,12,12,10,8,18,13,17,10,11,7,12,1,6,3,5,14,15,4,2,8,9,19,16,5,4,3,2,7,1,8,6,11,8,36,6,19,8,88,TRUE,"B2686",1,0,0,1,1,0,0,0,1,0,1,0,0,1,0,1,1,0,0,3,2,3,3,3,5,3,3,3,24,18,19,13,9,83
"157",215,TRUE,2022-12-02 15:34:33,"D3654",4,6,4,4,4,4,4,4,3,3,4,5,5,3,3,4,4,4,9,13,1,8,2,16,5,14,11,15,7,17,12,18,10,6,4,3,3,4,2,1,2,3,3,2,2,2,1,4,2,3,2,2,3,1,2,NA,4,2,5,13,1,15,13,8,10,2,14,15,16,8,7,17,10,1,9,3,6,19,11,4,13,12,18,5,4,3,6,7,2,1,8,5,11,8,36,7,19,8,89,TRUE,"D3654",0,0,0,0,0,1,0,0,1,0,0,0,1,1,1,0,1,0,0,1,1,4,4,4,3,4,5,3,22,17,15,12,8,74
"158",514,TRUE,2022-12-02 15:34:44,"B3227",7,7,1,1,6,7,6,7,1,7,1,7,1,7,3,4,7,4,6,8,14,15,5,17,13,4,7,10,12,18,1,11,3,16,9,2,1,2,1,4,2,2,3,2,2,1,2,1,3,2,1,2,2,1,2,"B3227",4,1,2,14,3,12,15,12,10,1,12,9,3,7,18,16,13,8,15,14,4,11,17,10,5,2,6,19,5,2,3,7,4,1,8,6,11,8,36,7,19,8,89,TRUE,"B3227",1,1,1,0,0,0,0,0,1,0,0,1,0,0,0,0,0,0,0,3,1,1,1,1,1,1,1,3,34,27,28,16,11,116
"159",580,TRUE,2022-12-02 15:35:36,"E3205",7,7,2,1,6,5,6,7,3,4,1,5,1,4,2,5,5,7,13,14,6,15,17,5,18,12,4,8,10,9,7,2,16,1,11,3,1,2,2,1,3,1,2,2,2,1,2,1,3,3,2,2,3,1,2,"E3205",4,1,1,11,1,14,13,8,15,15,12,4,13,19,7,10,16,1,6,2,9,18,17,3,5,11,14,8,7,6,2,3,5,1,8,4,11,8,36,7,19,8,89,TRUE,"E3205",1,1,0,0,0,0,0,0,1,0,0,1,0,1,1,0,1,0,0,2,1,4,2,1,3,1,1,2,33,23,23,15,12,106
"160",878,TRUE,2022-12-02 15:36:07,"D2147",6,7,2,1,6,5,4,5,2,6,1,7,1,1,6,2,5,3,18,9,3,10,14,13,16,1,7,11,17,8,15,2,12,4,5,6,1,2,2,1,3,3,2,1,2,2,2,1,3,3,3,2,2,1,2,"D2147",4,2,2,12,5,15,15,10,18,18,2,4,16,1,10,13,14,5,3,19,11,15,7,17,8,12,9,6,6,2,3,7,5,1,8,4,11,8,36,7,19,8,89,TRUE,"D2147",1,1,0,0,0,1,0,0,1,0,0,1,0,1,0,0,0,0,0,3,1,2,2,1,2,1,1,6,32,20,27,5,8,92
"161",1566,TRUE,2022-12-02 15:37:02,"D1742",7,7,1,1,7,7,5,7,1,6,1,5,1,2,4,6,7,6,9,14,18,4,6,2,5,1,10,12,17,7,15,11,3,16,13,8,1,2,2,1,3,2,2,1,2,2,2,1,3,3,2,2,2,2,2,"D1742",4,1,2,12,3,13,14,10,17,18,4,1,13,9,11,15,16,3,12,2,14,19,8,7,17,5,6,10,4,6,2,3,7,1,8,5,11,8,36,7,19,8,89,TRUE,"D1742",1,1,0,0,0,0,0,0,1,0,0,1,0,1,1,0,0,0,0,2,1,3,1,1,1,1,1,4,35,26,25,12,13,111
"162",440,TRUE,2022-12-02 15:37:33,"D2697",5,4,3,2,4,4,3,5,3,5,2,5,3,4,3,3,4,4,16,3,13,9,2,1,6,10,8,14,17,15,7,18,12,5,11,4,3,2,2,1,1,1,2,4,2,3,3,2,3,3,3,2,1,3,3,"D2697",4,2,2,12,4,14,14,10,8,8,4,1,13,15,18,3,11,12,17,7,14,6,9,16,10,2,5,19,7,3,5,6,2,1,8,4,11,8,36,7,19,8,89,TRUE,"D2697",0,1,0,0,1,0,0,0,1,1,1,0,0,1,0,0,0,0,1,2,3,2,3,2,3,2,3,3,24,17,21,12,8,82
"163",428,TRUE,2022-12-02 15:37:44,"B3687",1,1,1,5,1,1,4,1,7,2,7,1,7,1,1,5,1,1,3,17,4,2,12,5,8,14,7,1,9,6,16,18,10,11,13,15,1,1,2,1,4,4,4,2,2,1,1,2,3,3,3,3,1,4,2,NA,5,NA,NA,NA,NA,NA,NA,NA,7,18,17,1,14,9,7,2,8,5,13,6,10,3,15,12,4,11,16,19,NA,NA,NA,NA,NA,NA,NA,NA,11,8,36,0,19,0,74,TRUE,"B3687",1,0,0,0,0,0,0,0,1,0,0,0,0,1,0,0,0,1,0,1,1,2,1,5,7,7,7,1,13,7,5,13,2,40
"164",508,TRUE,2022-12-02 15:38:37,"B3272",2,3,4,5,2,1,3,2,5,4,2,4,2,1,7,1,2,2,16,10,5,8,14,17,9,18,1,11,7,15,6,13,2,3,12,4,1,2,3,1,3,2,2,1,2,2,2,1,3,1,3,2,3,1,2,NA,4,4,3,13,2,13,13,11,14,4,7,12,10,13,16,9,17,15,14,8,6,2,5,18,11,19,3,1,7,4,6,2,5,1,8,3,11,8,36,7,19,8,89,TRUE,"B3272",1,1,0,0,0,0,0,0,1,0,0,1,0,0,0,0,1,0,0,2,1,2,4,5,5,2,2,7,14,9,20,3,4,50
"165",519,TRUE,2022-12-02 15:38:44,"D3485",4,7,1,1,3,6,6,7,1,5,1,5,1,3,3,4,3,3,11,2,17,3,13,9,15,1,8,12,4,14,7,16,18,5,6,10,1,2,2,3,3,2,2,1,2,2,4,1,1,2,3,2,4,1,2,"D3485",4,4,3,14,1,12,15,12,12,10,6,13,14,16,17,3,1,4,2,9,8,18,19,15,7,11,12,5,5,7,6,3,4,1,8,2,11,8,36,7,19,8,89,TRUE,"D3485",1,1,0,0,0,0,0,0,1,0,0,1,0,0,0,0,0,0,0,2,1,1,1,1,1,1,1,3,28,26,24,12,6,96
"166",267,TRUE,2022-12-02 15:39:18,"D3867",4,4,4,6,4,1,4,4,4,4,4,NA,4,1,4,1,4,3,16,2,13,9,3,8,15,14,17,5,4,11,18,12,1,7,10,6,1,2,2,1,1,2,3,1,1,3,3,3,3,2,3,2,4,1,2,"D3867",4,4,2,12,1,13,12,12,9,13,11,4,5,14,19,16,9,3,6,18,12,8,7,10,2,1,17,15,2,3,4,7,5,1,8,6,11,8,35,7,19,8,88,TRUE,"D3867",1,1,0,0,1,0,0,0,0,1,1,0,0,0,0,0,0,0,0,3,2,0,4,6,4,4,4,4,18,13,12,6,7,56
"167",634,TRUE,2022-12-02 15:39:58,"B1786",7,7,6,5,7,7,7,7,1,7,6,6,6,7,7,1,4,5,16,1,17,7,8,9,10,2,13,6,12,4,14,11,18,15,3,5,1,2,2,1,2,2,1,1,2,1,2,1,3,3,1,2,1,4,2,NA,4,2,4,11,2,12,14,8,12,14,5,8,11,10,19,16,13,12,18,3,17,4,15,9,2,7,6,1,4,2,6,3,7,1,8,5,11,8,36,7,19,8,89,TRUE,"B1786",1,1,0,0,0,0,1,0,1,0,0,1,0,1,0,0,0,1,0,3,1,3,6,5,1,6,6,7,26,28,17,9,9,89
"168",600,TRUE,2022-12-02 15:40:33,"E1775",7,7,1,1,7,4,4,4,1,6,1,7,1,2,5,4,7,4,6,13,5,12,7,18,11,1,15,2,4,3,8,10,16,9,14,17,1,2,2,2,3,3,2,1,2,2,2,2,1,3,3,2,3,1,2,"E1775",5,NA,NA,NA,NA,NA,NA,NA,14,5,19,14,3,2,9,15,7,17,10,4,12,1,18,13,8,11,6,16,NA,NA,NA,NA,NA,NA,NA,NA,11,8,36,0,19,0,74,TRUE,"E1775",1,1,0,1,0,1,0,0,1,0,0,0,0,1,0,0,1,0,0,4,1,2,1,1,1,1,1,5,35,19,27,9,11,101
"169",610,TRUE,2022-12-02 15:40:46,"B3249",7,7,1,1,7,5,4,7,1,7,1,7,1,1,5,4,7,7,8,11,15,2,14,18,13,5,7,9,1,6,17,12,4,3,10,16,1,1,3,3,4,2,2,1,2,2,2,4,3,2,3,2,4,3,2,"B3249",4,4,4,13,5,11,12,12,9,11,17,3,12,19,5,14,1,16,2,6,10,13,8,9,18,15,4,7,2,6,4,7,5,1,8,3,11,8,36,7,19,8,89,TRUE,"B3249",1,0,0,0,0,0,0,0,1,0,0,0,0,0,0,0,0,0,0,1,1,0,1,1,1,1,1,5,35,23,28,8,14,108
"170",503,TRUE,2022-12-02 15:57:40,"B2978",7,7,1,1,7,6,6,6,2,7,1,7,1,1,5,3,7,7,15,8,6,7,5,17,16,12,2,11,10,18,1,4,9,3,14,13,1,2,1,1,3,3,2,1,2,2,2,1,3,3,3,2,3,1,2,"B2978",4,1,2,12,4,15,14,10,16,13,15,5,18,12,17,9,10,4,1,6,11,8,3,19,2,16,14,7,4,5,2,6,7,1,8,3,11,8,36,7,19,8,89,TRUE,"B2978",1,1,1,0,0,1,0,0,1,0,0,1,0,1,0,0,1,0,0,4,1,3,1,1,2,1,1,5,35,24,28,7,14,108
"171",291,TRUE,2022-12-02 16:26:09,"E3003",4,5,3,3,4,5,5,5,3,3,4,3,4,4,3,4,5,4,12,13,15,6,16,3,4,9,5,14,17,1,11,2,7,8,10,18,1,2,2,1,3,1,2,1,2,2,2,1,3,3,3,2,1,1,2,"E3003",5,NA,NA,NA,NA,NA,NA,NA,16,19,5,10,12,11,3,13,14,9,1,6,2,4,18,15,7,17,16,8,NA,NA,NA,NA,NA,NA,NA,NA,11,8,36,0,19,0,74,TRUE,"E3003",1,1,0,0,0,0,0,0,1,0,0,1,0,1,0,0,0,0,0,2,1,2,3,3,3,4,4,3,23,20,14,13,9,79
"172",377,TRUE,2022-12-02 16:26:31,"E2956",5,5,2,3,5,4,4,NA,3,2,4,2,4,4,2,5,5,5,2,1,17,18,14,8,5,12,3,15,6,10,4,11,13,9,16,7,1,2,1,1,4,2,2,2,2,2,2,1,3,2,3,2,2,2,2,NA,4,4,2,12,4,14,14,10,12,12,14,3,10,1,19,13,17,6,16,7,4,5,2,15,11,18,9,8,6,4,2,5,3,1,8,7,11,8,35,7,19,8,88,TRUE,"E2956",1,1,1,0,0,0,0,0,1,0,0,1,0,0,0,0,0,0,0,3,1,1,2,3,3,4,4,2,26,13,12,15,10,76
"173",426,TRUE,2022-12-02 16:28:13,"B2451",6,6,3,3,5,4,4,5,5,7,2,6,2,3,4,4,5,5,17,2,11,5,8,3,6,16,10,18,4,12,13,7,9,15,14,1,1,2,1,1,4,3,2,2,2,1,2,1,3,3,3,2,2,3,2,"B2451",4,4,4,14,1,11,11,10,13,1,12,18,7,5,17,16,4,2,13,19,15,14,3,10,11,6,8,9,5,2,7,4,3,1,8,6,11,8,36,7,19,8,89,TRUE,"B2451",1,1,1,0,0,1,0,0,1,0,0,1,0,1,0,0,0,0,0,4,1,2,3,3,5,2,2,4,27,16,25,11,10,89
"174",543,TRUE,2022-12-02 16:29:15,"D3025",5,6,3,1,6,4,3,5,4,4,2,4,3,5,5,6,3,3,16,7,2,5,18,6,17,1,12,3,13,8,14,15,11,4,10,9,1,1,3,1,3,2,2,1,2,2,2,1,3,3,3,2,2,1,2,"D3025",4,2,2,12,2,12,13,11,15,6,10,15,19,1,5,11,8,7,12,2,3,4,18,17,16,13,14,9,3,6,7,5,4,1,8,2,11,8,36,7,19,8,89,TRUE,"D3025",1,0,0,0,0,0,0,0,1,0,0,1,0,1,0,0,0,0,0,1,1,2,3,1,4,2,3,5,29,16,19,14,6,84
"175",569,TRUE,2022-12-02 16:29:58,"E0392",7,6,2,1,5,4,6,7,4,7,2,6,1,1,4,7,5,7,16,7,17,14,12,15,5,18,9,6,3,11,10,4,2,8,1,13,1,2,3,2,3,2,4,4,2,3,2,3,3,3,3,3,2,2,2,"E0392",5,NA,NA,NA,NA,NA,NA,NA,9,16,4,5,6,1,13,11,17,12,15,10,18,14,7,19,2,9,3,8,NA,NA,NA,NA,NA,NA,NA,NA,11,8,36,0,19,0,74,TRUE,"E0392",1,1,0,1,0,0,0,0,1,1,0,0,0,1,0,0,0,0,0,3,2,1,2,1,4,2,1,4,31,21,26,12,12,102
"176",563,TRUE,2022-12-02 16:30:28,"E2361",5,5,2,2,4,5,5,6,2,4,2,4,4,2,2,4,4,4,6,4,14,17,3,16,1,13,2,7,12,18,9,5,15,8,10,11,1,2,2,1,2,2,2,1,2,2,2,1,3,3,4,2,3,2,2,"E2361",5,NA,NA,NA,NA,NA,NA,NA,14,8,2,19,13,5,16,7,12,18,6,4,11,1,14,3,10,17,15,9,NA,NA,NA,NA,NA,NA,NA,NA,11,8,36,0,19,0,74,TRUE,"E2361",1,1,0,0,0,0,0,0,1,0,0,1,0,1,0,0,1,0,0,2,1,3,2,2,2,2,4,2,26,22,18,12,8,86
"177",633,TRUE,2022-12-02 16:30:39,"B0482",4,2,2,4,7,6,4,4,3,7,7,7,1,1,5,1,3,4,14,1,2,9,5,13,15,16,12,18,6,3,7,11,4,8,10,17,1,2,2,1,1,1,2,1,2,2,2,2,3,3,1,2,2,1,2,"B0482",4,2,2,12,2,12,14,10,15,10,1,9,2,4,3,16,19,5,13,7,17,14,18,11,6,12,15,8,2,3,7,5,4,1,8,6,11,8,36,7,19,8,89,TRUE,"B0482",1,1,0,0,1,0,0,0,1,0,0,0,0,1,0,0,0,0,0,3,1,1,2,4,3,7,1,5,23,19,22,5,7,76
"178",697,TRUE,2022-12-02 16:33:00,"B0415",4,5,2,2,3,4,5,4,5,4,1,3,5,NA,2,3,4,4,13,16,14,1,10,3,5,15,11,18,17,2,9,4,6,7,8,12,1,2,2,1,4,2,2,2,2,2,2,2,2,2,2,1,1,2,3,"B0415",4,3,2,12,2,12,12,11,9,1,16,5,8,18,7,9,19,13,10,14,15,6,17,2,3,12,4,11,7,2,4,5,3,1,8,6,11,8,35,7,19,8,88,TRUE,"B0415",1,1,0,0,0,0,0,0,1,0,0,0,1,0,1,1,0,0,1,2,1,4,2,2,5,1,5,2,24,16,17,9,8,74
"179",438,TRUE,2022-12-02 16:33:55,"D1438",3,4,4,4,2,5,4,5,1,4,2,5,4,1,7,1,3,4,5,16,15,3,4,6,17,10,14,2,18,9,8,12,7,13,1,11,1,2,2,1,3,2,2,1,2,2,2,1,3,2,3,2,3,1,2,"D1438",4,2,5,12,3,13,12,10,15,7,19,17,10,9,18,14,6,15,11,1,5,8,12,3,16,13,4,2,7,5,4,2,3,1,8,6,11,8,36,7,19,8,89,TRUE,"D1438",1,1,0,0,0,0,0,0,1,0,0,1,0,0,0,0,1,0,0,2,1,2,4,4,1,2,4,7,17,21,19,3,7,67
"180",517,TRUE,2022-12-02 16:35:01,"E1393",5,6,1,1,6,6,6,6,5,6,1,6,2,6,1,7,6,3,14,18,12,2,4,16,5,15,9,11,7,17,8,3,6,1,13,10,1,2,2,1,1,1,2,1,2,2,2,1,1,3,1,2,1,1,2,NA,4,1,2,12,5,15,12,10,14,12,16,6,14,8,9,4,7,17,5,1,18,2,10,11,19,3,15,13,7,5,6,4,2,1,8,3,11,8,36,7,19,8,89,TRUE,"E1393",1,1,0,0,1,0,0,0,1,0,0,1,0,1,0,0,0,0,0,3,1,2,1,1,5,1,2,1,31,21,25,20,9,106
"181",759,TRUE,2022-12-02 16:35:16,"B2653",6,6,2,1,6,5,4,6,4,6,1,6,1,4,4,3,5,5,14,4,8,2,17,1,18,11,15,16,3,9,7,12,6,13,5,10,1,4,3,2,3,2,2,1,2,2,2,1,3,1,3,2,3,1,2,"B2653",4,2,2,12,3,13,13,10,12,8,3,15,16,1,12,5,7,6,2,9,19,11,17,10,4,18,14,13,5,7,2,3,4,1,8,6,11,8,36,7,19,8,89,TRUE,"B2653",1,0,0,1,0,0,0,0,1,0,0,1,0,0,0,0,1,0,0,2,1,2,2,1,4,1,1,4,31,19,26,11,10,97
"182",542,TRUE,2022-12-02 17:18:27,"D1078",4,5,2,2,4,5,3,5,1,4,2,5,2,5,2,4,4,3,14,2,17,13,6,8,15,5,1,16,9,10,7,12,4,11,3,18,1,4,2,1,4,1,2,2,2,1,2,1,3,3,3,2,1,2,2,"D1078",4,4,3,12,3,12,12,10,11,17,5,12,1,19,18,6,3,11,4,14,13,16,15,7,8,10,9,2,2,6,5,3,4,1,8,7,11,8,36,7,19,8,89,TRUE,"D1078",1,0,0,0,0,0,0,0,1,0,0,1,0,1,0,0,0,0,0,1,1,2,2,2,1,2,2,2,25,20,21,15,7,88
"183",432,TRUE,2022-12-02 17:27:33,"D1696",4,4,4,2,5,4,2,4,2,2,4,5,5,3,4,5,3,2,11,17,3,6,18,8,13,7,10,12,4,5,14,2,1,16,15,9,1,2,1,1,4,2,1,2,2,3,4,2,1,3,3,2,2,1,2,NA,4,1,1,12,2,14,15,9,9,13,16,10,12,7,11,17,15,5,14,1,4,9,8,18,19,6,3,2,4,3,7,2,6,1,8,5,11,8,36,7,19,8,89,TRUE,"D1696",1,1,1,0,0,0,1,0,1,1,0,0,0,1,0,0,0,0,0,4,2,1,4,2,2,4,5,4,23,16,14,12,5,70
"184",747,TRUE,2022-12-02 17:32:48,"E1618",7,7,1,1,7,5,7,7,1,6,4,7,1,1,4,4,4,4,2,12,18,16,11,6,10,8,1,3,15,5,14,7,4,9,17,13,1,2,2,2,4,1,2,1,2,4,2,3,2,3,3,2,2,3,2,NA,5,NA,NA,NA,NA,NA,NA,NA,11,12,4,8,1,15,14,11,9,19,10,6,18,5,2,17,13,7,3,16,NA,NA,NA,NA,NA,NA,NA,NA,11,8,36,0,19,0,74,TRUE,"E1618",1,1,0,1,0,0,0,0,1,0,0,0,1,1,0,0,0,0,0,3,1,2,1,1,1,4,1,4,35,26,24,9,8,102
"185",448,TRUE,2022-12-02 17:52:23,"B2811",5,6,3,1,4,6,6,6,2,7,1,6,2,5,4,4,5,5,12,9,15,16,10,14,13,2,7,8,4,11,17,18,1,5,6,3,1,2,1,1,3,1,2,1,2,2,2,1,3,3,3,2,3,1,2,"B2811",4,4,2,13,2,12,11,11,15,11,3,15,8,2,4,1,19,7,13,9,12,10,5,14,17,16,6,18,4,6,5,2,3,1,8,7,11,8,36,7,19,8,89,TRUE,"B2811",1,1,1,0,0,0,0,0,1,0,0,1,0,1,0,0,1,0,0,3,1,3,3,1,2,1,2,4,27,24,26,13,10,100
"186",222,TRUE,2022-12-02 17:53:51,"E0279",7,7,1,1,7,5,5,4,4,7,1,7,1,3,2,4,5,7,8,16,1,14,3,15,10,6,7,12,11,4,9,17,18,5,2,13,2,4,4,4,2,3,3,2,2,4,2,3,1,1,3,4,1,3,2,NA,4,1,1,11,2,15,15,10,4,14,19,16,8,18,5,17,2,3,1,13,12,15,4,6,7,9,11,10,5,7,4,3,2,1,8,6,11,8,36,7,19,8,89,TRUE,"E0279",0,0,0,0,0,1,0,0,1,0,0,0,0,0,0,0,0,0,0,1,1,0,1,1,4,1,1,2,35,18,28,13,12,106
"187",379,TRUE,2022-12-02 17:57:02,"E2776",2,4,4,5,3,3,3,4,5,5,5,4,5,1,5,2,1,3,13,7,1,8,5,6,17,14,10,3,11,15,4,16,2,9,18,12,1,3,3,1,3,1,2,1,2,1,2,3,3,3,3,1,4,1,3,"E2776",4,3,4,12,3,12,13,12,10,12,3,17,6,16,7,4,13,18,2,9,14,8,10,1,5,15,11,19,6,5,3,4,2,1,8,7,11,8,36,7,19,8,89,TRUE,"E2776",1,0,0,0,0,0,0,0,1,0,0,0,0,1,0,1,0,0,1,1,1,3,4,5,5,5,5,5,16,13,15,6,4,54
"188",448,TRUE,2022-12-02 17:57:36,"D0572",1,5,5,4,4,1,1,1,7,3,3,5,5,1,7,1,4,4,3,18,4,14,1,9,13,6,10,7,2,11,8,12,16,5,17,15,1,2,2,1,3,2,2,1,2,2,2,1,3,3,3,2,2,2,2,"D0572",4,4,3,14,1,11,12,12,16,13,10,16,9,17,3,4,7,11,18,6,1,2,12,15,8,5,19,14,4,6,2,3,5,1,8,7,11,8,36,7,19,8,89,TRUE,"D0572",1,1,0,0,0,0,0,0,1,0,0,1,0,1,0,0,0,0,0,2,1,2,5,4,7,3,5,7,17,4,16,3,8,48
"189",464,TRUE,2022-12-02 17:57:42,"B2877",7,7,1,1,7,6,5,7,1,7,1,7,1,1,2,4,6,7,14,13,16,7,8,1,11,4,18,2,17,9,15,5,12,6,10,3,1,3,2,1,3,1,2,1,2,1,3,1,3,3,2,2,1,3,2,"B2877",5,NA,NA,NA,NA,NA,NA,NA,13,4,11,10,17,2,9,5,13,7,6,18,8,19,15,14,16,12,1,3,NA,NA,NA,NA,NA,NA,NA,NA,11,8,36,0,19,0,74,TRUE,"B2877",1,0,0,0,0,0,0,0,1,0,1,1,0,1,1,0,0,0,0,1,2,3,1,1,1,1,1,2,35,25,28,11,13,112
"190",506,TRUE,2022-12-02 17:58:36,"D2800",5,NA,1,1,5,4,5,6,3,7,2,6,2,3,4,6,6,6,13,18,14,5,6,3,11,2,7,15,9,10,12,17,16,1,8,4,1,2,2,1,3,1,2,1,2,1,2,1,3,3,4,2,1,3,2,"D2800",4,2,2,12,4,13,15,10,14,8,18,13,3,15,1,9,4,7,10,11,6,5,17,12,19,2,14,16,2,6,7,3,4,1,8,5,11,8,35,7,19,8,88,TRUE,"D2800",1,1,0,0,0,0,0,0,1,0,0,1,0,1,0,0,0,0,0,2,1,2,1,1,3,2,2,4,24,20,25,13,12,94
"191",550,TRUE,2022-12-02 17:59:19,"E1821",5,5,1,1,7,4,4,5,4,6,1,7,1,4,3,3,6,7,9,14,17,6,4,1,5,18,2,3,16,12,7,8,10,15,13,11,1,2,2,1,2,1,2,1,2,2,4,1,1,2,3,2,2,1,2,"E1821",5,NA,NA,NA,NA,NA,NA,NA,13,1,2,9,13,8,4,19,5,11,12,17,16,15,7,18,3,6,14,10,NA,NA,NA,NA,NA,NA,NA,NA,11,8,36,0,19,0,74,TRUE,"E1821",1,1,0,0,0,0,0,0,1,0,0,1,0,0,0,0,0,0,0,2,1,1,1,1,4,1,1,3,31,17,27,12,13,100
"192",361,TRUE,2022-12-02 17:59:42,"D1179",6,7,2,3,6,6,4,6,2,5,2,6,4,3,2,5,5,4,9,18,6,2,11,1,10,5,17,15,4,3,7,8,14,12,16,13,1,2,2,1,3,3,2,1,2,2,2,1,3,3,3,2,2,1,2,"D1179",4,2,2,12,3,12,13,11,18,16,14,7,17,9,3,6,1,8,15,18,19,13,4,12,5,10,11,2,7,5,3,2,6,1,8,4,11,8,36,7,19,8,89,TRUE,"D1179",1,1,0,0,0,1,0,0,1,0,0,1,0,1,0,0,0,0,0,3,1,2,2,3,2,2,4,2,30,22,21,14,9,96
"193",600,TRUE,2022-12-02 17:59:54,"D1865",3,3,4,1,1,3,3,5,5,4,2,5,3,3,3,7,2,4,8,1,10,18,16,2,9,13,6,11,15,7,4,12,5,17,14,3,1,2,1,1,3,2,2,1,3,2,2,1,3,3,3,2,2,1,3,"D1865",4,2,2,11,3,12,13,12,14,8,12,14,16,17,7,10,2,15,18,11,4,13,1,9,3,19,5,6,4,3,7,5,6,1,8,2,11,8,36,7,19,8,89,TRUE,"D1865",1,1,1,0,0,0,0,0,0,0,0,1,0,1,0,0,0,0,1,3,0,3,4,1,5,2,3,3,18,14,20,15,6,73
"194",407,TRUE,2022-12-02 18:00:19,"D1203",7,6,1,1,7,6,4,6,2,7,1,7,1,1,2,2,6,5,6,7,13,8,11,2,12,9,18,3,15,17,1,14,5,10,4,16,1,2,1,1,3,1,2,2,2,1,2,3,3,2,3,2,2,1,2,NA,4,2,2,12,4,13,13,10,12,6,19,5,15,14,1,7,11,4,18,16,17,9,8,10,2,12,13,3,2,5,7,3,4,1,8,6,11,8,36,7,19,8,89,TRUE,"D1203",1,1,1,0,0,0,0,0,1,0,0,0,0,0,0,0,0,0,0,3,1,0,1,1,2,1,1,2,34,22,28,9,11,104
"195",626,TRUE,2022-12-02 18:01:12,"D1810",5,6,2,2,6,5,5,5,3,4,2,4,2,3,3,5,5,5,12,13,16,9,7,17,2,1,8,11,4,10,6,5,14,15,3,18,1,2,2,1,3,1,2,1,2,2,2,1,3,3,2,2,2,1,2,"D1810",4,2,2,12,2,12,12,9,18,16,13,4,9,5,2,7,10,15,19,3,14,1,6,12,8,18,11,17,7,2,6,5,4,1,8,3,11,8,36,7,19,8,89,TRUE,"D1810",1,1,0,0,0,0,0,0,1,0,0,1,0,1,1,0,0,0,0,2,1,3,2,2,3,2,2,3,29,20,20,13,10,92
"196",663,TRUE,2022-12-02 18:01:21,"B2787",4,4,3,2,5,4,3,4,5,4,2,5,3,2,5,3,3,5,15,16,9,14,18,1,6,3,17,10,5,7,11,4,8,13,12,2,1,2,2,1,3,1,2,1,2,2,2,2,2,3,3,2,3,1,2,"B2787",4,2,3,11,3,11,14,11,14,3,12,4,7,13,15,8,16,19,10,5,14,9,1,17,18,11,2,6,3,7,5,4,2,1,8,6,11,8,36,7,19,8,89,TRUE,"B2787",1,1,0,0,0,0,0,0,1,0,0,0,1,1,0,0,1,0,0,2,1,3,3,2,5,2,3,5,24,14,20,8,8,74
"197",689,TRUE,2022-12-02 18:01:34,"E0280",5,5,3,2,6,4,2,5,4,5,2,6,2,3,3,2,4,6,13,4,10,5,9,2,18,6,16,14,3,15,17,7,11,1,12,8,1,2,2,1,3,1,2,1,2,2,2,2,3,3,4,2,2,1,2,"E0280",5,NA,NA,NA,NA,NA,NA,NA,16,12,3,15,17,18,7,1,11,8,6,16,5,4,19,9,2,14,13,10,NA,NA,NA,NA,NA,NA,NA,NA,11,8,36,0,19,0,74,TRUE,"E0280",1,1,0,0,0,0,0,0,1,0,0,0,0,1,0,0,0,0,0,2,1,1,3,2,4,2,2,3,27,15,23,10,10,85
"198",701,TRUE,2022-12-02 18:02:01,"E0448",6,7,1,2,7,3,2,6,3,5,2,6,1,1,7,2,6,3,10,5,1,12,3,13,18,11,2,14,9,16,7,8,17,6,4,15,1,2,3,1,3,2,2,1,2,2,2,1,3,3,3,2,4,1,2,"E0448",5,NA,NA,NA,NA,NA,NA,NA,15,15,4,14,6,16,18,13,7,1,17,3,8,19,10,11,5,12,2,9,NA,NA,NA,NA,NA,NA,NA,NA,11,8,36,0,19,0,74,TRUE,"E0448",1,1,0,0,0,0,0,0,1,0,0,1,0,1,0,0,0,0,0,2,1,2,1,2,3,2,1,7,33,16,24,4,9,86
"199",469,TRUE,2022-12-02 18:02:10,"E0381",7,7,1,1,4,7,7,6,1,7,6,6,2,4,4,3,7,7,3,17,18,12,9,7,13,15,8,16,5,6,10,14,1,4,2,11,1,2,2,1,1,1,2,1,2,2,2,1,3,2,3,2,3,1,2,"E0381",5,NA,NA,NA,NA,NA,NA,NA,14,11,4,18,1,10,16,9,7,15,5,8,3,17,12,13,14,2,19,6,NA,NA,NA,NA,NA,NA,NA,NA,11,8,36,0,19,0,74,TRUE,"E0381",1,1,0,0,1,0,0,0,1,0,0,1,0,0,0,0,1,0,0,3,1,2,1,1,1,6,2,4,32,27,21,11,14,105
"200",531,TRUE,2022-12-02 18:02:32,"E1090",6,6,1,1,6,5,4,5,4,6,2,6,2,2,6,1,6,5,2,6,4,5,18,12,16,13,7,10,14,17,8,1,3,11,9,15,1,2,2,1,3,2,2,1,2,2,2,2,3,1,4,2,3,1,2,"313ed1",5,NA,NA,NA,NA,NA,NA,NA,14,7,4,8,5,3,10,16,1,19,14,9,6,17,2,11,18,15,13,12,NA,NA,NA,NA,NA,NA,NA,NA,11,8,36,0,19,0,74,TRUE,"E1090",1,1,0,0,0,0,0,0,1,0,0,0,0,0,0,0,1,0,0,2,1,1,1,1,4,2,2,6,32,18,24,5,11,90
"201",545,TRUE,2022-12-02 18:02:50,"B1214",3,5,2,3,3,1,6,3,7,4,3,3,2,1,7,1,4,1,1,12,3,10,16,15,2,7,13,9,11,5,17,14,8,4,6,18,1,2,2,1,4,2,2,4,2,2,1,4,3,3,3,1,3,2,3,"B1214",4,2,3,12,3,15,13,10,9,8,17,7,5,4,15,10,16,2,12,14,9,11,6,1,3,19,18,13,2,5,3,4,6,1,8,7,11,8,36,7,19,8,89,TRUE,"B1214",1,1,0,0,0,0,0,0,1,0,0,0,0,1,0,1,1,0,1,2,1,4,2,3,7,3,2,7,22,11,18,3,5,59
"202",543,TRUE,2022-12-02 18:02:50,"E0640",6,2,2,2,6,2,6,6,2,6,2,2,2,2,2,6,6,2,5,14,18,12,2,13,7,4,17,1,8,16,9,15,11,3,6,10,1,2,2,1,1,1,2,1,2,1,2,1,3,2,3,2,1,1,2,"E0640",5,NA,NA,NA,NA,NA,NA,NA,13,1,8,12,6,13,14,19,15,4,18,3,11,9,10,2,5,16,7,17,NA,NA,NA,NA,NA,NA,NA,NA,11,8,36,0,19,0,74,TRUE,"E0640",1,1,0,0,1,0,0,0,1,0,0,1,0,0,0,0,0,0,0,3,1,1,2,2,2,2,2,2,26,20,20,14,8,88
"203",727,TRUE,2022-12-02 18:02:58,"D1854",5,5,2,2,5,4,4,6,3,4,3,4,3,4,3,4,4,6,12,8,5,7,4,17,18,2,15,9,13,10,14,16,11,1,3,6,1,2,2,1,3,1,2,1,2,2,2,1,2,3,3,2,4,2,2,"D1854",4,2,2,11,4,14,14,9,14,2,10,17,9,11,5,1,15,6,7,18,13,19,12,4,14,16,8,3,3,6,2,4,5,1,8,7,11,8,36,7,19,8,89,TRUE,"D1854",1,1,0,0,0,0,0,0,1,0,0,1,1,1,0,0,0,0,0,2,1,3,2,2,3,3,3,3,27,19,18,13,10,87
"204",616,TRUE,2022-12-02 18:03:56,"D1012",5,6,1,1,6,5,7,6,3,7,1,7,1,1,7,1,6,5,9,1,17,4,18,6,7,2,16,13,3,5,8,11,12,10,15,14,1,2,2,3,1,2,2,4,2,2,2,1,3,3,3,2,2,1,2,"D1012",4,3,3,11,3,12,12,12,14,3,17,10,2,6,16,8,19,7,14,11,12,9,1,4,13,15,18,5,4,5,2,7,3,1,8,6,11,8,36,7,19,8,89,TRUE,"D1012",1,1,0,0,1,0,0,0,1,0,0,1,0,1,0,0,0,0,0,3,1,2,1,1,3,1,1,7,31,23,28,3,11,96
"205",651,TRUE,2022-12-02 18:04:29,"D0370",3,3,4,3,4,2,2,3,4,4,2,6,2,1,4,3,3,3,17,8,12,4,10,9,2,14,15,16,11,1,5,13,3,7,6,18,1,2,3,1,1,1,2,1,2,2,2,1,3,3,3,2,1,2,2,"D0370",4,3,2,12,3,12,13,11,13,6,13,14,2,5,10,1,7,9,11,15,19,18,8,16,3,4,17,12,6,4,7,2,5,1,8,3,11,8,36,7,19,8,89,TRUE,"D0370",1,1,0,0,1,0,0,0,1,0,0,1,0,1,0,0,0,0,0,3,1,2,4,3,4,2,2,4,19,11,22,8,6,66
"206",358,TRUE,2022-12-02 18:04:39,"D1900",6,7,1,2,7,7,6,7,1,6,1,6,1,1,5,5,7,6,15,1,18,5,17,4,11,8,13,16,12,6,2,14,10,9,3,7,1,2,2,1,3,4,2,1,2,2,2,1,3,3,4,2,2,1,2,"D1900",5,NA,NA,NA,NA,NA,NA,NA,17,12,15,16,8,9,14,5,4,17,3,10,18,6,19,13,1,7,11,2,NA,NA,NA,NA,NA,NA,NA,NA,11,8,36,0,19,0,74,TRUE,"D1900",1,1,0,0,0,0,0,0,1,0,0,1,0,1,0,0,0,0,0,2,1,2,1,2,1,1,1,5,33,27,26,9,13,108
"207",376,TRUE,2022-12-02 18:04:39,"B2125",4,3,4,3,4,2,1,3,2,5,3,5,4,2,2,2,3,3,16,17,9,1,14,6,3,8,12,7,2,13,5,15,11,10,4,18,1,2,2,1,1,1,2,1,1,2,2,1,3,3,4,2,2,2,2,"B2125",4,5,2,15,1,12,13,12,14,9,14,19,18,6,16,15,4,3,11,1,17,7,13,10,5,2,8,12,6,4,7,2,3,1,8,5,11,8,36,7,19,8,89,TRUE,"B2125",1,1,0,0,1,0,0,0,0,0,0,1,0,1,0,0,0,0,0,3,0,2,4,3,2,3,4,2,20,12,19,10,6,67
"208",393,TRUE,2022-12-02 18:04:52,"E1966",5,7,1,1,6,7,6,6,1,7,1,6,1,6,2,6,6,7,3,7,16,11,17,12,4,10,9,8,6,18,15,13,5,2,14,1,1,2,2,3,3,2,2,1,2,2,2,2,1,3,4,2,2,2,2,"E1966",5,NA,NA,NA,NA,NA,NA,NA,13,10,1,15,13,12,5,3,16,2,7,9,6,19,4,18,17,8,14,11,NA,NA,NA,NA,NA,NA,NA,NA,11,8,36,0,19,0,74,TRUE,"E1966",1,1,0,0,0,0,0,0,1,0,0,0,0,1,0,0,0,0,0,2,1,1,1,1,1,1,1,2,32,26,27,18,13,116
"209",376,TRUE,2022-12-02 18:04:57,"E2260",4,6,3,4,3,4,4,6,3,3,4,4,4,3,4,4,3,4,12,15,1,11,2,7,10,18,5,4,6,9,13,14,3,8,17,16,1,1,1,1,1,1,1,1,1,1,1,2,2,1,1,1,1,1,2,"E2260",5,NA,NA,NA,NA,NA,NA,NA,5,8,5,3,13,15,10,18,4,19,11,2,7,17,1,16,12,14,6,9,NA,NA,NA,NA,NA,NA,NA,NA,11,8,36,0,19,0,74,TRUE,"E2260",1,0,1,0,1,0,1,0,0,0,0,0,1,0,0,1,0,0,0,4,0,2,3,4,3,4,4,4,22,19,15,11,7,74
"210",293,TRUE,2022-12-02 18:05:38,"D1988",1,1,7,1,1,1,1,1,2,2,2,2,2,7,7,1,1,1,15,13,4,8,18,10,3,16,17,6,11,14,12,1,9,5,2,7,1,4,1,2,3,2,2,3,2,3,2,2,2,2,3,1,1,2,4,"D1988",5,NA,NA,NA,NA,NA,NA,NA,5,15,6,11,8,12,7,1,14,10,17,5,18,19,16,9,4,13,3,2,NA,NA,NA,NA,NA,NA,NA,NA,11,8,36,0,19,0,74,TRUE,"D1988",1,0,1,1,0,0,0,1,1,1,0,0,1,0,0,1,0,0,0,4,2,2,7,1,2,2,2,7,11,9,16,9,2,47
"211",434,TRUE,2022-12-02 18:06:00,"E2215",4,4,4,4,4,4,4,4,4,4,1,4,1,4,4,1,4,4,1,6,9,15,10,8,14,7,16,12,3,11,4,13,5,2,18,17,2,2,3,2,2,2,1,2,3,4,3,3,2,3,3,3,2,2,2,NA,5,NA,NA,NA,NA,NA,NA,NA,4,4,19,9,13,8,6,1,11,17,14,3,12,16,10,15,18,7,2,5,NA,NA,NA,NA,NA,NA,NA,NA,11,8,36,0,19,0,74,TRUE,"E2215",0,1,0,1,0,0,1,0,0,0,1,0,1,1,0,0,0,0,0,3,1,2,4,4,4,1,1,4,20,16,22,9,8,75
"212",493,TRUE,2022-12-02 18:06:24,"B2114",7,4,2,3,6,4,1,3,3,4,6,5,4,5,4,4,2,3,15,7,11,14,17,8,6,18,1,16,3,10,2,9,13,4,5,12,1,1,2,3,2,2,2,2,3,4,1,3,3,3,2,3,3,3,2,"B2114",4,2,4,12,2,12,13,10,7,19,5,4,12,15,10,1,18,6,16,14,9,13,17,3,7,8,11,2,7,5,4,6,3,1,8,2,11,8,36,7,19,8,89,TRUE,"B2114",1,0,0,0,0,0,0,0,0,0,0,0,0,1,1,0,1,0,0,1,0,3,2,3,3,6,4,4,28,13,15,13,5,74
"213",501,TRUE,2022-12-02 18:06:47,"D1911",5,7,2,1,6,6,5,7,1,5,2,6,1,4,4,7,6,4,17,5,9,3,15,4,12,13,14,7,16,11,10,6,1,2,8,18,1,2,2,1,2,1,2,1,2,2,2,3,3,3,2,2,1,2,2,"D1911",4,2,3,13,5,15,12,10,14,17,3,7,18,19,8,9,2,14,11,12,13,5,1,15,16,6,4,10,6,7,5,4,2,1,8,3,11,8,36,7,19,8,89,TRUE,"D1911",1,1,0,0,0,0,0,0,1,0,0,0,0,1,1,0,0,0,0,2,1,2,2,1,1,2,1,4,31,25,24,15,10,105
"214",530,TRUE,2022-12-02 18:07:11,"B1933",7,7,1,6,4,NA,7,7,1,4,1,7,1,4,4,2,7,6,13,2,12,6,3,9,4,7,1,17,14,8,18,11,15,5,16,10,1,2,2,1,2,3,2,1,2,1,3,1,3,3,3,3,2,3,3,NA,4,1,1,12,3,12,12,10,12,1,9,2,13,14,16,11,3,6,8,12,5,17,19,18,10,7,4,15,4,3,6,7,5,1,8,2,11,8,35,7,19,8,88,TRUE,"B1933",1,1,0,0,0,1,0,0,1,0,1,1,0,1,0,0,0,0,1,3,2,3,1,6,1,1,1,4,27,21,25,10,13,96
"215",578,TRUE,2022-12-02 18:08:05,"B1944",7,4,1,1,7,4,7,7,1,7,1,7,1,5,2,5,4,4,18,6,14,16,11,17,1,12,15,13,9,7,2,3,5,8,10,4,2,2,1,2,3,1,4,1,2,2,2,1,3,3,1,2,3,3,2,"B1944",4,2,3,12,2,14,12,10,11,6,1,19,13,2,10,17,12,4,5,15,11,18,7,8,14,16,9,3,6,5,4,7,3,1,8,2,11,8,36,7,19,8,89,TRUE,"B1944",0,1,1,1,0,0,0,0,1,0,0,1,0,1,0,0,1,0,0,3,1,3,1,1,1,1,1,2,32,25,28,16,8,109
"216",514,TRUE,2022-12-02 18:08:06,"E2170",6,7,2,2,6,5,6,5,4,7,1,7,2,1,7,1,7,6,9,11,4,16,18,10,15,8,6,12,1,17,13,3,14,7,2,5,1,2,2,1,2,2,1,4,2,2,1,1,3,3,3,2,2,2,2,"E2170",5,NA,NA,NA,NA,NA,NA,NA,12,17,15,8,10,18,6,19,7,2,9,12,5,13,4,11,16,3,1,14,NA,NA,NA,NA,NA,NA,NA,NA,11,8,36,0,19,0,74,TRUE,"E2170",1,1,0,0,0,0,1,0,1,0,0,1,0,1,0,0,0,0,0,3,1,2,2,2,4,1,2,7,31,20,27,3,13,94
"217",429,TRUE,2022-12-02 18:26:40,"D0875",4,3,4,3,3,7,7,7,1,6,1,6,1,3,1,6,3,4,18,13,7,4,5,6,1,2,12,8,16,10,14,3,15,9,11,17,1,2,2,1,3,1,2,1,2,1,2,1,3,3,4,2,3,1,2,"D0875",4,1,3,12,2,13,14,11,15,9,10,5,4,18,12,7,16,14,11,3,1,15,17,8,2,19,13,6,6,5,2,4,3,1,8,7,11,8,36,7,19,8,89,TRUE,"D0875",1,1,0,0,0,0,0,0,1,0,0,1,0,1,0,0,1,0,0,2,1,3,4,3,1,1,1,1,19,28,26,16,7,96
"218",221,TRUE,2022-12-02 18:49:14,"D1056",4,5,4,4,4,4,4,4,4,4,3,5,4,4,4,4,4,4,6,17,3,10,13,7,16,1,8,4,2,18,5,11,15,14,9,12,1,1,2,1,1,2,1,1,3,1,2,3,1,1,1,2,1,2,2,"D1056",4,3,3,13,5,13,13,10,7,4,8,17,5,10,2,11,1,15,6,7,14,12,13,16,3,19,18,9,2,5,6,3,7,1,8,4,11,8,36,7,19,8,89,TRUE,"D1056",1,0,0,0,1,0,1,0,0,0,0,0,0,0,0,0,0,0,0,3,0,0,4,4,4,3,4,4,21,16,18,12,8,75
"219",637,TRUE,2022-12-02 18:51:17,"E2732",7,7,1,1,7,7,7,7,1,7,1,7,1,6,2,7,7,7,14,12,7,4,2,3,8,9,5,10,1,18,17,11,16,13,6,15,1,2,3,2,3,1,2,1,2,2,2,1,3,3,3,2,2,2,2,NA,4,2,2,12,1,13,12,10,14,13,8,3,15,14,1,12,2,16,19,9,7,17,4,18,10,5,11,6,3,7,4,5,6,1,8,2,11,8,36,7,19,8,89,TRUE,"E2732",1,1,0,1,0,0,0,0,1,0,0,1,0,1,0,0,0,0,0,3,1,2,1,1,1,1,1,2,35,28,28,19,14,124
"220",197,TRUE,2022-12-02 18:52:59,"D0932",4,5,5,4,4,3,4,4,4,4,4,2,4,4,7,4,4,4,12,11,4,18,6,17,16,1,13,3,14,5,15,2,10,9,8,7,1,2,2,2,2,2,2,1,2,1,1,1,2,3,1,2,1,2,2,NA,5,NA,NA,NA,NA,NA,NA,NA,10,16,9,18,4,15,14,6,13,12,11,5,1,7,10,8,19,17,2,3,NA,NA,NA,NA,NA,NA,NA,NA,11,8,36,0,19,0,74,TRUE,"D0932",1,1,0,1,0,0,0,0,1,0,0,1,1,1,0,0,0,0,0,3,1,3,5,4,4,4,4,7,20,15,14,9,8,66
"221",162,TRUE,2022-12-02 18:53:12,"D0921",4,4,4,4,4,4,4,4,4,4,4,4,2,4,4,1,4,4,11,7,15,17,14,9,1,10,13,16,18,6,4,12,2,3,5,8,1,1,2,1,2,2,3,1,2,3,2,1,2,2,1,1,2,1,2,NA,5,NA,NA,NA,NA,NA,NA,NA,10,11,5,10,4,16,18,7,8,6,14,13,17,9,19,15,1,12,2,3,NA,NA,NA,NA,NA,NA,NA,NA,11,8,36,0,19,0,74,TRUE,"D0921",1,0,0,0,0,0,0,0,1,1,0,1,1,0,0,1,0,0,0,1,2,3,4,4,4,4,2,4,20,16,18,9,8,71
"222",211,TRUE,2022-12-02 18:54:06,"E0943",5,3,3,3,4,4,5,5,5,4,6,5,2,4,3,4,4,3,12,9,1,6,3,17,4,7,18,13,5,10,2,8,11,14,16,15,2,1,2,1,3,2,1,2,2,2,2,2,1,3,4,2,3,1,2,NA,5,NA,NA,NA,NA,NA,NA,NA,10,7,11,3,15,1,8,5,6,10,17,14,18,4,9,12,16,2,13,19,NA,NA,NA,NA,NA,NA,NA,NA,11,8,36,0,19,0,74,TRUE,"E0943",0,0,0,0,0,0,1,0,1,0,0,0,0,1,0,0,1,0,0,1,1,2,3,3,5,6,2,3,22,17,17,13,7,76
"223",559,TRUE,2022-12-02 18:55:06,"D1540",4,5,3,2,6,3,3,4,3,5,3,5,3,2,5,2,4,4,14,4,13,2,1,17,9,16,7,5,18,3,10,6,12,15,8,11,1,2,1,1,3,4,2,1,2,2,2,1,3,3,3,2,2,4,2,"D1540",4,1,2,12,1,15,14,9,15,10,6,9,15,8,16,13,17,14,2,4,7,12,1,11,19,18,5,3,3,4,6,2,5,1,8,7,11,8,36,7,19,8,89,TRUE,"D1540",1,1,1,0,0,0,0,0,1,0,0,1,0,1,0,0,0,1,0,3,1,3,3,2,3,3,3,5,26,15,20,7,8,76
"224",358,TRUE,2022-12-02 18:55:16,"B2754",7,7,1,1,7,7,7,7,1,7,1,7,1,7,1,7,7,7,9,4,10,6,1,5,17,15,8,13,18,11,16,12,3,7,2,14,1,1,1,1,1,2,2,1,1,1,4,1,2,1,1,1,2,2,1,"B2754",4,1,1,11,5,15,15,8,6,18,10,11,13,9,17,14,12,5,1,16,8,19,6,3,4,15,7,2,6,3,2,7,5,1,8,4,11,8,36,7,19,8,89,TRUE,"B2754",1,0,1,0,1,0,0,0,0,0,0,1,1,0,0,1,0,0,0,3,0,3,1,1,1,1,1,1,35,28,28,21,14,126
"225",194,TRUE,2022-12-02 18:57:23,"D0314",5,NA,3,2,4,5,7,5,6,5,6,4,7,2,4,7,6,6,14,6,1,12,4,16,2,5,13,10,17,9,18,7,15,3,8,11,3,2,2,2,2,2,1,2,4,1,3,2,3,3,2,2,3,2,3,"D0314",4,4,2,15,2,13,13,8,6,19,9,8,3,4,2,1,6,14,13,15,12,10,5,7,17,11,16,18,4,3,5,6,2,1,8,7,11,8,35,7,19,8,88,TRUE,"D0314",0,1,0,1,0,0,1,0,0,0,1,0,0,1,1,0,1,0,1,3,1,4,3,2,6,6,7,4,20,19,12,13,12,76
"226",478,TRUE,2022-12-02 18:57:49,"D0606",4,6,2,4,4,4,6,6,4,6,2,5,2,6,2,4,4,4,13,8,6,11,10,14,5,3,9,4,16,17,18,7,2,1,15,12,3,3,4,3,4,1,2,1,3,4,1,2,2,1,2,2,1,1,2,"D0606",5,NA,NA,NA,NA,NA,NA,NA,6,13,17,7,10,3,18,8,2,5,1,11,9,12,6,14,16,15,19,4,NA,NA,NA,NA,NA,NA,NA,NA,11,8,36,0,19,0,74,TRUE,"D0606",0,0,0,0,0,0,0,0,0,0,0,0,1,0,1,0,0,0,0,0,0,2,2,4,4,2,2,2,24,20,23,16,8,91
"227",1753,TRUE,2022-12-02 18:59:25,"B2743",4,2,5,5,3,4,4,3,3,4,3,4,4,2,4,2,3,5,7,5,9,10,8,16,17,6,3,18,13,1,2,12,15,4,11,14,1,2,2,1,4,4,2,1,2,2,2,4,3,3,4,2,4,2,2,"B2743",4,3,3,13,3,13,13,10,13,8,1,14,7,6,3,13,18,5,12,2,16,19,9,15,4,17,11,10,4,6,2,7,5,1,8,3,11,8,36,7,19,8,89,TRUE,"B2743",1,1,0,0,0,0,0,0,1,0,0,0,0,1,0,0,0,0,0,2,1,1,5,5,3,3,4,4,15,16,17,8,8,64
"228",812,TRUE,2022-12-02 19:03:57,"D1641",6,6,2,2,7,6,6,6,2,7,2,7,1,1,6,3,4,7,14,4,16,3,6,5,17,10,12,7,8,11,1,2,15,13,9,18,1,2,1,2,3,2,2,3,2,2,3,2,2,3,3,2,3,3,2,"D1461",4,3,2,14,2,14,14,9,9,7,10,1,13,16,9,4,11,8,3,18,17,12,15,6,14,19,5,2,3,6,4,7,2,1,8,5,11,8,36,7,19,8,89,TRUE,"D1641",1,1,1,1,0,0,0,1,1,0,1,0,1,1,0,0,1,0,0,5,2,3,2,2,2,2,1,6,31,24,27,6,11,99
"229",1318,TRUE,2022-12-02 19:05:46,"E1067",7,7,1,1,7,7,7,7,1,7,1,7,1,1,7,4,7,7,15,8,13,11,4,12,6,5,1,9,2,10,17,16,3,18,14,7,1,2,2,1,3,3,2,1,2,2,2,1,3,3,2,2,2,2,2,"E1067",5,NA,NA,NA,NA,NA,NA,NA,18,18,15,17,14,13,8,9,11,3,4,1,5,12,10,16,6,7,19,2,NA,NA,NA,NA,NA,NA,NA,NA,11,8,36,0,19,0,74,TRUE,"E1067",1,1,0,0,0,1,0,0,1,0,0,1,0,1,1,0,0,0,0,3,1,3,1,1,1,1,1,7,35,28,28,6,14,111
"230",846,TRUE,2022-12-02 19:37:27,"E3407",7,7,7,2,7,6,6,6,1,6,5,7,3,5,3,7,7,7,4,11,16,5,1,9,6,12,2,3,15,17,13,8,7,18,10,14,1,2,2,1,3,3,2,1,2,2,2,1,3,3,4,2,1,1,2,"E307",5,NA,NA,NA,NA,NA,NA,NA,17,13,8,4,18,1,11,17,19,16,7,10,3,2,6,5,15,9,12,14,NA,NA,NA,NA,NA,NA,NA,NA,11,8,36,0,19,0,74,TRUE,"E3407",1,1,0,0,0,1,0,0,1,0,0,1,0,1,0,0,0,0,0,3,1,2,7,2,1,5,3,3,28,25,21,17,14,105
"231",1082,TRUE,2022-12-02 19:41:45,"D2271",6,6,2,2,7,7,7,7,1,7,2,7,1,2,2,7,6,6,4,5,18,13,10,6,16,8,17,1,11,7,3,14,2,12,15,9,1,2,2,1,3,1,2,1,2,1,2,1,3,3,4,2,2,1,3,"D2271",4,1,1,11,4,13,14,10,15,9,2,15,1,14,3,18,5,7,6,19,13,11,16,12,10,4,17,8,7,5,3,2,4,1,8,6,11,8,36,7,19,8,89,TRUE,"D2271",1,1,0,0,0,0,0,0,1,0,0,1,0,1,0,0,0,0,1,2,1,3,2,2,1,2,1,2,31,28,27,15,12,113
"232",312,TRUE,2022-12-02 19:42:53,"E2619",3,3,3,1,4,6,7,7,2,7,1,7,1,1,7,1,3,5,6,18,3,7,4,11,2,1,5,10,12,15,13,14,17,9,16,8,1,2,3,1,3,1,2,3,2,1,4,1,3,3,1,2,3,1,2,"E2619",5,NA,NA,NA,NA,NA,NA,NA,12,6,4,13,18,1,10,15,11,8,19,5,12,14,2,9,3,17,16,7,NA,NA,NA,NA,NA,NA,NA,NA,11,8,36,0,19,0,74,TRUE,"E2619",1,1,0,0,0,0,0,1,1,0,0,1,0,1,0,0,1,0,0,3,1,3,3,1,2,1,1,7,22,26,28,3,8,87
"233",652,TRUE,2022-12-02 19:47:44,"D1292",5,5,2,2,4,4,4,6,3,6,2,6,2,1,7,2,3,4,10,9,11,5,12,6,7,8,15,17,18,1,3,13,2,4,14,16,1,2,2,1,3,1,2,1,2,2,2,1,1,3,3,2,2,1,2,"D1292",5,NA,NA,NA,NA,NA,NA,NA,16,8,11,6,15,9,16,18,4,3,5,10,17,14,12,1,19,13,2,7,NA,NA,NA,NA,NA,NA,NA,NA,11,8,36,0,19,0,74,TRUE,"D1292",1,1,0,0,0,0,0,0,1,0,0,1,0,1,0,0,0,0,0,2,1,2,2,2,3,2,2,7,26,19,24,4,7,80
"234",468,TRUE,2022-12-02 19:57:07,"D0785",6,6,4,2,6,5,4,6,4,7,1,7,2,2,4,3,5,4,6,17,4,10,9,13,18,3,14,2,8,7,5,1,15,12,16,11,1,2,1,1,3,2,1,1,2,1,2,1,1,3,3,2,2,2,4,"D0785",4,1,2,11,3,12,13,10,11,15,8,5,3,10,2,13,6,17,19,7,11,4,18,16,14,9,12,1,6,4,5,2,7,1,8,3,11,8,36,7,19,8,89,TRUE,"D0785",1,1,1,0,0,0,1,0,1,0,0,1,0,1,0,0,0,0,0,4,1,2,4,2,4,1,2,4,28,19,27,9,9,92
"235",559,TRUE,2022-12-02 19:58:52,"B0763",7,7,1,1,7,7,7,7,1,7,1,7,1,3,3,3,7,6,18,8,4,17,10,15,2,7,6,1,14,9,5,3,11,13,12,16,1,2,3,4,4,3,2,2,2,1,2,2,3,3,2,2,1,4,3,"B0763",4,1,1,11,2,15,15,9,10,1,17,15,7,14,18,8,6,11,16,9,19,4,5,3,2,10,13,12,3,4,6,5,2,1,8,7,11,8,36,7,19,8,89,TRUE,"B0763",1,1,0,0,0,1,0,0,1,0,0,0,0,1,1,0,0,1,1,3,1,4,1,1,1,1,1,3,35,28,28,11,13,115
"236",608,TRUE,2022-12-02 19:59:36,"E0695",7,5,2,3,4,4,5,6,6,7,1,7,2,4,3,1,4,4,7,13,11,16,12,18,6,17,4,14,5,3,9,8,1,10,15,2,1,2,1,2,2,2,2,1,2,1,2,2,3,2,3,2,2,1,2,"E0695",5,NA,NA,NA,NA,NA,NA,NA,11,8,4,3,17,11,15,7,12,2,9,16,13,10,5,1,19,14,6,18,NA,NA,NA,NA,NA,NA,NA,NA,11,8,36,0,19,0,74,TRUE,"E0695",1,1,1,1,0,0,0,0,1,0,0,0,0,0,0,0,0,0,0,4,1,0,2,3,6,1,2,3,27,17,27,10,8,89
"237",611,TRUE,2022-12-02 19:59:47,"B1157",7,7,1,1,7,4,1,7,2,7,1,7,1,1,4,1,7,7,16,13,6,5,15,8,18,11,10,14,1,12,2,3,4,17,9,7,1,2,2,1,3,2,2,1,2,1,2,1,4,2,3,2,1,3,2,"B1157",4,1,1,11,5,15,15,10,12,12,6,11,17,16,4,7,2,9,19,1,3,13,10,14,8,18,15,5,2,5,6,3,4,1,8,7,11,8,36,7,19,8,89,TRUE,"B1157",1,1,0,0,0,0,0,0,1,0,0,1,0,0,0,0,0,0,0,2,1,1,1,1,2,1,1,4,35,18,28,6,14,101
"238",658,TRUE,2022-12-02 20:26:52,"E2394",6,6,2,1,6,4,4,5,3,5,2,4,2,3,4,1,5,4,3,17,15,5,11,10,6,18,12,7,2,14,8,9,1,16,4,13,1,3,2,1,3,1,2,1,2,2,2,1,3,3,3,2,3,4,2,"E2394",5,NA,NA,NA,NA,NA,NA,NA,14,18,17,9,15,12,7,11,19,1,16,2,8,6,14,4,3,13,5,10,NA,NA,NA,NA,NA,NA,NA,NA,11,8,36,0,19,0,74,TRUE,"E2394",1,0,0,0,0,0,0,0,1,0,0,1,0,1,0,0,1,1,0,1,1,4,2,1,3,2,2,4,31,18,21,8,9,87
"239",641,TRUE,2022-12-02 23:00:28,"D0077",5,5,3,3,4,5,6,7,3,6,2,6,1,3,2,4,6,5,16,13,14,15,11,10,9,6,5,1,8,17,7,12,18,3,2,4,1,2,2,1,3,1,2,1,2,2,2,1,3,3,3,2,2,1,2,"D0077",4,2,2,13,2,14,14,11,17,12,6,11,14,19,15,8,4,1,16,5,7,17,3,9,13,2,18,10,4,7,6,2,3,1,8,5,11,8,36,7,19,8,89,TRUE,"D0077",1,1,0,0,0,0,0,0,1,0,0,1,0,1,0,0,0,0,0,2,1,2,3,3,3,2,1,2,24,23,25,13,11,96
"240",38381,TRUE,2022-12-03 03:49:40,"B3036",7,7,1,2,7,7,4,5,1,7,2,7,1,3,4,5,6,6,2,18,9,11,15,16,5,14,13,10,7,3,6,17,1,4,8,12,1,2,2,1,3,1,2,1,2,2,3,1,3,3,3,4,4,4,4,"B3036",4,3,3,13,3,13,13,10,12,5,13,2,7,1,12,6,3,4,10,19,15,18,9,17,16,11,8,14,2,7,5,6,3,1,8,4,11,8,36,7,19,8,89,TRUE,"B3036",1,1,0,0,0,0,0,0,1,0,1,1,0,1,0,0,0,1,0,2,2,3,1,2,1,2,1,4,34,23,27,12,12,108
"241",539,TRUE,2022-12-05 00:37:43,"B0774",7,7,1,1,7,7,7,7,1,7,1,7,1,7,4,7,7,7,13,9,5,4,2,15,11,7,12,17,14,3,8,1,18,6,16,10,1,2,2,1,3,1,2,1,2,2,2,2,3,3,4,2,1,3,2,"B0774",4,2,1,11,1,13,15,11,14,15,13,7,6,2,19,11,4,5,10,9,3,18,12,8,14,1,16,17,2,5,7,4,6,1,8,3,11,8,36,7,19,8,89,TRUE,"B0774",1,1,0,0,0,0,0,0,1,0,0,0,0,1,0,0,0,0,0,2,1,1,1,1,1,1,1,4,35,28,28,18,14,123
"242",100159,TRUE,2022-12-05 08:32:03,"B1146",5,7,2,1,5,7,5,7,2,7,7,7,1,5,3,4,4,5,2,10,3,12,16,11,17,13,18,7,1,9,6,5,14,4,15,8,1,2,1,1,3,2,2,1,2,3,4,2,3,3,3,2,1,3,2,"B1146",4,3,1,12,3,15,15,10,11,19,6,16,4,3,13,7,5,2,9,11,14,15,10,18,12,1,8,17,2,6,7,4,5,1,8,3,11,8,36,7,19,8,89,TRUE,"B1146",1,1,1,0,0,0,0,0,1,1,0,0,0,1,0,0,0,0,0,3,2,1,2,1,2,7,1,3,30,25,22,14,9,100
"243",4,FALSE,2022-12-07 14:46:18,"A3799",NA,NA,NA,NA,NA,NA,NA,NA,NA,NA,NA,NA,NA,NA,NA,NA,NA,NA,NA,NA,NA,NA,NA,NA,NA,NA,NA,NA,NA,NA,NA,NA,NA,NA,NA,NA,NA,NA,NA,NA,NA,NA,NA,NA,NA,NA,NA,NA,NA,NA,NA,NA,NA,NA,NA,NA,NA,NA,NA,NA,NA,NA,NA,NA,NA,NA,NA,NA,NA,NA,NA,NA,NA,NA,NA,NA,NA,NA,NA,NA,NA,NA,NA,NA,NA,NA,NA,NA,NA,NA,NA,NA,0,0,0,0,0,0,0,FALSE,"A3799",0,0,0,0,0,0,0,0,0,0,0,0,0,0,0,0,0,0,0,0,0,0,NA,NA,NA,NA,NA,NA,0,0,0,0,0,0
"244",4341,FALSE,2022-12-07 16:46:59,"C1809",5,6,2,2,4,5,5,5,2,4,2,4,2,2,4,2,5,5,4,18,9,13,2,6,1,10,14,12,16,3,17,7,11,8,5,15,1,2,3,2,3,1,2,1,2,1,2,1,3,3,4,2,2,3,2,NA,NA,NA,NA,NA,NA,NA,NA,NA,13,10,16,2,19,15,11,3,9,4,12,18,7,8,13,17,1,6,14,5,NA,NA,NA,NA,NA,NA,NA,NA,11,8,36,0,19,0,74,TRUE,"C1809",1,1,0,1,0,0,0,0,1,0,0,1,0,1,0,0,0,0,0,3,1,2,2,2,2,2,2,4,27,21,20,8,10,86
"245",20,FALSE,2022-12-09 13:13:31,"B0088",NA,NA,NA,NA,NA,NA,NA,NA,NA,NA,NA,NA,NA,NA,NA,NA,NA,NA,NA,NA,NA,NA,NA,NA,NA,NA,NA,NA,NA,NA,NA,NA,NA,NA,NA,NA,NA,NA,NA,NA,NA,NA,NA,NA,NA,NA,NA,NA,NA,NA,NA,NA,NA,NA,NA,NA,NA,NA,NA,NA,NA,NA,NA,NA,NA,NA,NA,NA,NA,NA,NA,NA,NA,NA,NA,NA,NA,NA,NA,NA,NA,NA,NA,NA,NA,NA,NA,NA,NA,NA,NA,NA,0,0,0,0,0,0,0,FALSE,"B0088",0,0,0,0,0,0,0,0,0,0,0,0,0,0,0,0,0,0,0,0,0,0,NA,NA,NA,NA,NA,NA,0,0,0,0,0,0
"246",185,FALSE,2022-12-09 14:05:05,"C3586",NA,NA,NA,NA,NA,NA,NA,NA,NA,NA,NA,NA,NA,NA,NA,NA,NA,NA,NA,NA,NA,NA,NA,NA,NA,NA,NA,NA,NA,NA,NA,NA,NA,NA,NA,NA,NA,NA,NA,NA,NA,NA,NA,NA,NA,NA,NA,NA,NA,NA,NA,NA,NA,NA,NA,NA,NA,NA,NA,NA,NA,NA,NA,NA,NA,NA,NA,NA,NA,NA,NA,NA,NA,NA,NA,NA,NA,NA,NA,NA,NA,NA,NA,NA,NA,NA,NA,NA,NA,NA,NA,NA,0,0,0,0,0,0,0,FALSE,"C3586",0,0,0,0,0,0,0,0,0,0,0,0,0,0,0,0,0,0,0,0,0,0,NA,NA,NA,NA,NA,NA,0,0,0,0,0,0
"247",939,FALSE,2022-12-09 17:36:07,"B1731",5,4,3,3,4,2,3,5,3,4,3,4,3,3,4,4,5,4,9,16,1,11,4,14,8,6,5,7,12,2,3,17,10,13,15,18,NA,2,4,4,3,2,2,1,2,2,1,2,NA,1,3,NA,4,NA,1,NA,NA,NA,NA,NA,NA,NA,NA,NA,6,19,5,3,6,15,8,2,12,7,9,13,11,16,10,1,17,4,18,14,NA,NA,NA,NA,NA,NA,NA,NA,10,5,36,0,19,0,70,TRUE,"B1731",0,1,0,0,0,0,0,0,1,0,0,0,0,0,0,0,0,0,0,1,1,0,3,3,3,3,3,4,23,15,18,11,9,76
