uid,context,timestamp,Physics_EAP,ForceAndMotion_EAP,LinearMomentum_EAP,Energy_EAP,Torque_EAP,NFL_EAP,NSL_EAP,NTL_EAP,POfMom_EAP,ConOfMom_EAP,EnergyTransfer_EAP,EnergyDissipate_EAP,StaticEquilibrium_EAP,PropertiesofTorque_EAP,Physics_Margin.High,Physics_Margin.Medium,Physics_Margin.Low,ForceAndMotion_Margin.High,ForceAndMotion_Margin.Medium,ForceAndMotion_Margin.Low,LinearMomentum_Margin.High,LinearMomentum_Margin.Medium,LinearMomentum_Margin.Low,Energy_Margin.High,Energy_Margin.Medium,Energy_Margin.Low,Torque_Margin.High,Torque_Margin.Medium,Torque_Margin.Low,NFL_Margin.High,NFL_Margin.Medium,NFL_Margin.Low,NSL_Margin.High,NSL_Margin.Medium,NSL_Margin.Low,NTL_Margin.High,NTL_Margin.Medium,NTL_Margin.Low,POfMom_Margin.High,POfMom_Margin.Medium,POfMom_Margin.Low,ConOfMom_Margin.High,ConOfMom_Margin.Medium,ConOfMom_Margin.Low,EnergyTransfer_Margin.High,EnergyTransfer_Margin.Medium,EnergyTransfer_Margin.Low,EnergyDissipate_Margin.High,EnergyDissipate_Margin.Medium,EnergyDissipate_Margin.Low,StaticEquilibrium_Margin.High,StaticEquilibrium_Margin.Medium,StaticEquilibrium_Margin.Low,PropertiesofTorque_Margin.High,PropertiesofTorque_Margin.Medium,PropertiesofTorque_Margin.Low
A0011,Timing is Everything,2022-12-02T08:32:00Z,0,0.5252,0.2164,0,-0.5252,0.5473,0,-0.323,0,0.3202,0.9674,-0.2164,0.2848,0.9674,0.3333,0.3333,0.3333,0.5615,0.4197,0.0187,0.303,0.6178,0.0792,0.1677,0.6645,0.1677,0.0187,0.4197,0.5615,0.5695,0.4267,0.0038,0.1677,0.6645,0.1677,0.0511,0.5638,0.385,0.1677,0.6645,0.1677,0.3705,0.59,0.0395,1,0,6.0696e-14,0.0792,0.6178,0.303,0.3407,0.6131,0.0463,1,0,9.7648e-16
A0112,Scale,2022-12-02T16:57:43Z,0,0.5252,0.2164,0,-0.5252,-0.0583,0,-0.323,0,0.3877,0.9674,-0.2164,0.2848,0.9674,0.3333,0.3333,0.3333,0.5615,0.4197,0.0187,0.303,0.6178,0.0792,0.1677,0.6645,0.1677,0.0187,0.4197,0.5615,0.0551,0.8296,0.1154,0.1677,0.6645,0.1677,0.0511,0.5638,0.385,0.1677,0.6645,0.1677,0.4303,0.5402,0.0295,1,1.2855e-7,9.8996e-19,0.0792,0.6178,0.303,0.3407,0.6131,0.0463,1,4.8941e-8,6.4557e-21
A0189,Diving Board World,2022-12-02T08:28:55Z,0,0.5252,0.2164,0,-0.5252,0.0677,0,-0.323,0,0.8315,0.9674,-0.2164,0.2848,0.9674,0.3333,0.3333,0.3333,0.5615,0.4197,0.0187,0.303,0.6178,0.0792,0.1677,0.6645,0.1677,0.0187,0.4197,0.5615,0.1249,0.8202,0.0549,0.1677,0.6645,0.1677,0.0511,0.5638,0.385,0.1677,0.6645,0.1677,0.8602,0.1391,7e-4,1,3.7908e-8,2.0608000000000002e-19,0.0792,0.6178,0.303,0.3407,0.6131,0.0463,1,3.9051e-8,4.4097000000000004e-20
A0202,Can Opener,2022-12-02T08:28:07Z,0,0.5252,0.2164,0,-0.5252,0.2861,0,-0.323,0,0.665,0.9674,-0.2164,0.1085,0.9674,0.3333,0.3333,0.3333,0.5615,0.4197,0.0187,0.303,0.6178,0.0792,0.1677,0.6645,0.1677,0.0187,0.4197,0.5615,0.3189,0.6578,0.0232,0.1677,0.6645,0.1677,0.0511,0.5638,0.385,0.1677,0.6645,0.1677,0.6916,0.3043,0.0042,1,7.4622e-8,3.3565e-19,0.0792,0.6178,0.303,0.2298,0.6525,0.1177,1,0,4.5466e-14
A0246,Lead the Ball,2022-12-02T09:18:31Z,0,0.5252,0.2164,0,-0.5252,-0.1262,0,-0.323,0,0.8651,0.9674,-0.1184,0.1136,0.9674,0.3333,0.3333,0.3333,0.5615,0.4197,0.0187,0.303,0.6178,0.0792,0.1677,0.6645,0.1677,0.0187,0.4197,0.5615,0.0395,0.7906,0.1699,0.1677,0.6645,0.1677,0.0511,0.5638,0.385,0.1677,0.6645,0.1677,0.8945,0.1052,3e-4,1,3.4434e-11,8.7057e-28,0.0987,0.6803,0.2211,0.2123,0.6929,0.0948,1,2.129e-10,9.0314e-27
A0426,Perfect Toss,2022-12-02T11:20:41Z,0,0.5252,0.2164,0,-0.5252,0.1952,0,-0.323,0,-0.128,0.8452,-0.2164,0.1085,0.9566,0.3333,0.3333,0.3333,0.5615,0.4197,0.0187,0.303,0.6178,0.0792,0.1677,0.6645,0.1677,0.0187,0.4197,0.5615,0.2367,0.7284,0.0349,0.1677,0.6645,0.1677,0.0511,0.5638,0.385,0.1677,0.6645,0.1677,0.105,0.6576,0.2373,0.8738,0.1261,1e-4,0.0792,0.6178,0.303,0.2298,0.6525,0.1177,0.9888,0.0112,4.0498e-7
A0459,Stiff Curtains,2022-12-02T11:31:44Z,0,0.5252,0.2164,0,-0.5252,-0.0595,0,-0.323,0,0.8453,0.9674,-0.2164,0.2848,0.9674,0.3333,0.3333,0.3333,0.5615,0.4197,0.0187,0.303,0.6178,0.0792,0.1677,0.6645,0.1677,0.0187,0.4197,0.5615,0.0473,0.8438,0.1088,0.1677,0.6645,0.1677,0.0511,0.5638,0.385,0.1677,0.6645,0.1677,0.8743,0.1252,5e-4,1,0,1.4654e-13,0.0792,0.6178,0.303,0.3407,0.6131,0.0463,1,8.4801e-7,3.1283e-17
A0471,Need Fulcrum,2022-12-02T11:20:32Z,0,0.5252,0.2164,0,-0.5252,0.1448,0,-0.323,0,0.6742,0.9674,-0.2164,0.1085,0.9671,0.3333,0.3333,0.3333,0.5615,0.4197,0.0187,0.303,0.6178,0.0792,0.1677,0.6645,0.1677,0.0187,0.4197,0.5615,0.2164,0.7168,0.0667,0.1677,0.6645,0.1677,0.0511,0.5638,0.385,0.1677,0.6645,0.1677,0.7015,0.2938,0.0046,1,0,1.3759e-13,0.0792,0.6178,0.303,0.2298,0.6525,0.1177,0.9997,3e-4,8.8916e-11
A0527,Need Fulcrum,2022-12-02T09:22:06Z,0,0.5252,0.2164,0,-0.5252,0.1661,0,-0.323,0,0.965,0.9674,-0.1642,0.2848,0.9674,0.3333,0.3333,0.3333,0.5615,0.4197,0.0187,0.303,0.6178,0.0792,0.1677,0.6645,0.1677,0.0187,0.4197,0.5615,0.193,0.7857,0.0213,0.1677,0.6645,0.1677,0.0511,0.5638,0.385,0.1677,0.6645,0.1677,0.9975,0.0025,5.0719e-8,1,8.0857e-14,8.2628e-34,0.089,0.6523,0.2587,0.3407,0.6131,0.0463,1,1.0986e-10,5.1833999999999995e-28
A0561,Roller coaster,2022-12-02T09:23:29Z,0,0.5252,0.2164,0,-0.5252,0.2708,0,-0.323,0,0.9167,0.9674,-0.1642,0.1136,0.9674,0.3333,0.3333,0.3333,0.5615,0.4197,0.0187,0.303,0.6178,0.0792,0.1677,0.6645,0.1677,0.0187,0.4197,0.5615,0.2989,0.6821,0.019,0.1677,0.6645,0.1677,0.0511,0.5638,0.385,0.1677,0.6645,0.1677,0.9476,0.0523,1e-4,1,8.2723e-9,1.2816999999999999e-21,0.089,0.6523,0.2587,0.2123,0.6929,0.0948,1,2.0871e-8,8.2494e-22
A0594,Stiff Curtains,2022-12-02T13:40:31Z,0,0.5252,0.2164,0,-0.5252,0.4796,0,-0.323,0,0.9272,0.9674,-0.4482,0.1085,0.9674,0.3333,0.3333,0.3333,0.5615,0.4197,0.0187,0.303,0.6178,0.0792,0.1677,0.6645,0.1677,0.0187,0.4197,0.5615,0.5055,0.4847,0.0098,0.1677,0.6645,0.1677,0.0511,0.5638,0.385,0.1677,0.6645,0.1677,0.9584,0.0415,0,1,1.7328e-10,2.454e-25,0.0233,0.4902,0.4865,0.2298,0.6525,0.1177,1,4.5586e-7,5.8343e-18
A0617,Roller coaster,2022-12-02T13:37:04Z,0,0.5252,0.2164,0,-0.5252,0.3765,0,-0.323,0,0.1487,0.9656,-0.2164,0.1085,0.9546,0.3333,0.3333,0.3333,0.5615,0.4197,0.0187,0.303,0.6178,0.0792,0.1677,0.6645,0.1677,0.0187,0.4197,0.5615,0.4213,0.5466,0.0321,0.1677,0.6645,0.1677,0.0511,0.5638,0.385,0.1677,0.6645,0.1677,0.2292,0.6953,0.0755,0.9981,0.0019,1.1007e-8,0.0792,0.6178,0.303,0.2298,0.6525,0.1177,0.9867,0.0133,1.0355e-6
A0639,Timing is Everything,2022-12-02T11:18:14Z,0,0.5252,0.2164,0,-0.5252,0.1048,0,-0.323,0,0.9586,0.9674,-0.4482,0.2848,0.9674,0.3333,0.3333,0.3333,0.5615,0.4197,0.0187,0.303,0.6178,0.0792,0.1677,0.6645,0.1677,0.0187,0.4197,0.5615,0.153,0.8023,0.0447,0.1677,0.6645,0.1677,0.0511,0.5638,0.385,0.1677,0.6645,0.1677,0.9909,0.0091,9.6161e-7,1,2.1299e-11,1.3022000000000001e-27,0.0233,0.4902,0.4865,0.3407,0.6131,0.0463,1,3.1768e-8,4.588799999999999e-21
A0651,Stiff Curtains,2022-12-02T11:17:58Z,0,0.5252,0.2164,0,-0.5252,-0.054,0,-0.323,0,0.0122,0.634,-0.2164,0.2099,0.9439,0.3333,0.3333,0.3333,0.5615,0.4197,0.0187,0.303,0.6178,0.0792,0.1677,0.6645,0.1677,0.0187,0.4197,0.5615,0.0558,0.8326,0.1116,0.1677,0.6645,0.1677,0.0511,0.5638,0.385,0.1677,0.6645,0.1677,0.1627,0.6873,0.15,0.6564,0.3424,0.0011,0.0792,0.6178,0.303,0.2722,0.6724,0.0553,0.9757,0.0243,1.1654e-6
A0673,Need Fulcrum,2022-12-02T11:19:48Z,0,0.5252,0.2164,0,-0.5252,0.1304,0,-0.323,0,0.7357,0.9674,-0.2164,0.3658,0.9674,0.3333,0.3333,0.3333,0.5615,0.4197,0.0187,0.303,0.6178,0.0792,0.1677,0.6645,0.1677,0.0187,0.4197,0.5615,0.1593,0.8161,0.0246,0.1677,0.6645,0.1677,0.0511,0.5638,0.385,0.1677,0.6645,0.1677,0.7627,0.235,0.0022,1,3.9439e-7,2.77e-17,0.0792,0.6178,0.303,0.4043,0.5695,0.0262,1,2.1138e-6,2.0806e-17
A0897,Stiff Curtains,2022-12-02T13:30:31Z,0,0.5252,0.2164,0,-0.5252,0.1927,0,-0.323,0,0.1268,0.9609,-0.2164,0.2849,0.9672,0.3333,0.3333,0.3333,0.5615,0.4197,0.0187,0.303,0.6178,0.0792,0.1677,0.6645,0.1677,0.0187,0.4197,0.5615,0.2304,0.7383,0.0313,0.1677,0.6645,0.1677,0.0511,0.5638,0.385,0.1677,0.6645,0.1677,0.2282,0.6747,0.0971,0.9932,0.0068,1.9346e-7,0.0792,0.6178,0.303,0.3407,0.613,0.0463,0.9998,2e-4,1.5723e-11
A0954,Timing is Everything,2022-12-02T13:26:59Z,0,0.5252,0.2164,0,-0.5252,0.1049,0,-0.323,0,0.7026,0.9674,-0.1184,0.2848,0.9674,0.3333,0.3333,0.3333,0.5615,0.4197,0.0187,0.303,0.6178,0.0792,0.1677,0.6645,0.1677,0.0187,0.4197,0.5615,0.153,0.8024,0.0446,0.1677,0.6645,0.1677,0.0511,0.5638,0.385,0.1677,0.6645,0.1677,0.729,0.2683,0.0027,1,8.7495e-7,7.5211e-17,0.0987,0.6803,0.2211,0.3407,0.6131,0.0463,1,0,1.3993e-14
A1089,Perfect Toss,2022-12-02T12:51:37Z,0,0.5252,0.2164,0,-0.5252,0.1661,0,-0.323,0,0.5708,0.9674,-0.2164,0.2021,0.9674,0.3333,0.3333,0.3333,0.5615,0.4197,0.0187,0.303,0.6178,0.0792,0.1677,0.6645,0.1677,0.0187,0.4197,0.5615,0.193,0.7857,0.0213,0.1677,0.6645,0.1677,0.0511,0.5638,0.385,0.1677,0.6645,0.1677,0.6007,0.3886,0.0107,1,2.769e-9,1.0447e-22,0.0792,0.6178,0.303,0.2654,0.6781,0.0565,1,7.8506e-8,9.490299999999999e-21
A1315,Can Opener,2022-12-01T11:21:52Z,0,0.5252,0.2164,0,-0.5252,0.2344,0,-0.323,0,0.108,0.9662,-0.2164,0.1085,0.9666,0.3333,0.3333,0.3333,0.5615,0.4197,0.0187,0.303,0.6178,0.0792,0.1677,0.6645,0.1677,0.0187,0.4197,0.5615,0.2709,0.7005,0.0286,0.1677,0.6645,0.1677,0.0511,0.5638,0.385,0.1677,0.6645,0.1677,0.2142,0.6832,0.1026,0.9988,0.0012,7.264e-9,0.0792,0.6178,0.303,0.2298,0.6525,0.1177,0.9992,8e-4,5.113e-9
A1348,Timing is Everything,2022-12-02T11:35:21Z,0,0.5252,0.2164,0,-0.5252,-0.1445,0,-0.323,0,0.9237,0.9674,-0.034,0.2848,0.9674,0.3333,0.3333,0.3333,0.5615,0.4197,0.0187,0.303,0.6178,0.0792,0.1677,0.6645,0.1677,0.0187,0.4197,0.5615,0.0316,0.7874,0.181,0.1677,0.6645,0.1677,0.0511,0.5638,0.385,0.1677,0.6645,0.1677,0.9549,0.0451,0,1,3.4433e-8,3.3629e-20,0.1192,0.7264,0.1544,0.3407,0.6131,0.0463,1,8.1867e-6,1.7732e-15
A1360,Timing is Everything,2022-12-01T09:41:46Z,0,0.5252,0.2164,0,-0.5252,0.5312,0,-0.323,0,0.6742,0.9674,-0.6792,0.2848,0.9674,0.3333,0.3333,0.3333,0.5615,0.4197,0.0187,0.303,0.6178,0.0792,0.1677,0.6645,0.1677,0.0187,0.4197,0.5615,0.5539,0.4413,0.0048,0.1677,0.6645,0.1677,0.0511,0.5638,0.385,0.1677,0.6645,0.1677,0.7015,0.2938,0.0046,1,5.9276e-6,2.6201e-15,0.0048,0.2884,0.7069,0.3407,0.6131,0.0463,1,4.7667e-7,2.239e-19
A1461,Stiff Curtains,2022-12-02T11:24:50Z,0,0.5252,0.2164,0,-0.5252,0.2703,0,-0.323,0,0.8996,0.9674,-0.1184,0.2848,0.9674,0.3333,0.3333,0.3333,0.5615,0.4197,0.0187,0.303,0.6178,0.0792,0.1677,0.6645,0.1677,0.0187,0.4197,0.5615,0.2986,0.6822,0.0192,0.1677,0.6645,0.1677,0.0511,0.5638,0.385,0.1677,0.6645,0.1677,0.9301,0.0698,2e-4,1,1.0993e-9,3.06e-23,0.0987,0.6803,0.2211,0.3407,0.6131,0.0463,1,8.135e-8,4.2967e-20
A1573,Need Fulcrum,2022-12-02T12:18:51Z,0,0.5252,0.2164,0,-0.5252,0.5791,0,-0.323,0,0.9376,0.9674,-0.2164,0.2021,0.9674,0.3333,0.3333,0.3333,0.5615,0.4197,0.0187,0.303,0.6178,0.0792,0.1677,0.6645,0.1677,0.0187,0.4197,0.5615,0.6011,0.3964,0.0025,0.1677,0.6645,0.1677,0.0511,0.5638,0.385,0.1677,0.6645,0.1677,0.9692,0.0307,0,1,4.8869e-14,1.0556999999999999e-33,0.0792,0.6178,0.303,0.2654,0.6781,0.0565,1,5.6674e-15,4.1889e-38
A1663,Crazy Seesaw,2022-12-02T12:18:14Z,0,0.5252,0.2164,0,-0.5252,0.2717,0,-0.323,0,0.6742,0.9674,-0.2164,0.1085,0.9674,0.3333,0.3333,0.3333,0.5615,0.4197,0.0187,0.303,0.6178,0.0792,0.1677,0.6645,0.1677,0.0187,0.4197,0.5615,0.2985,0.684,0.0176,0.1677,0.6645,0.1677,0.0511,0.5638,0.385,0.1677,0.6645,0.1677,0.7015,0.2938,0.0046,1,0,4.2146e-12,0.0792,0.6178,0.303,0.2298,0.6525,0.1177,0.9999,1e-4,2.0572e-12
A1685,Need Fulcrum,2022-12-02T12:06:20Z,0,0.5252,0.2164,0,-0.5252,0.5789,0,-0.323,0,0.5313,0.9674,-0.1184,0.2848,0.9674,0.3333,0.3333,0.3333,0.5615,0.4197,0.0187,0.303,0.6178,0.0792,0.1677,0.6645,0.1677,0.0187,0.4197,0.5615,0.6009,0.3966,0.0025,0.1677,0.6645,0.1677,0.0511,0.5638,0.385,0.1677,0.6645,0.1677,0.5583,0.4326,0.0091,1,5.6818e-8,4.521e-20,0.0987,0.6803,0.2211,0.3407,0.6131,0.0463,1,2.3777e-7,1.5783e-19
A1753,Timing is Everything,2022-12-02T12:26:46Z,0,0.5252,0.2164,0,-0.5252,0.0905,0,-0.323,0,0.9646,0.9674,-0.0741,0.1136,0.9674,0.3333,0.3333,0.3333,0.5615,0.4197,0.0187,0.303,0.6178,0.0792,0.1677,0.6645,0.1677,0.0187,0.4197,0.5615,0.1348,0.824,0.0412,0.1677,0.6645,0.1677,0.0511,0.5638,0.385,0.1677,0.6645,0.1677,0.9971,0.0029,4.1113e-8,1,5.3606e-17,1.3799e-41,0.1089,0.7056,0.1855,0.2123,0.6929,0.0948,1,5.6077e-14,3.7056e-35
A2057,Can Opener,2022-12-01T09:39:32Z,0,0.5252,0.2164,0,-0.5252,-0.1047,0,-0.323,0,0.4078,0.9674,-0.2164,0.2848,0.9674,0.3333,0.3333,0.3333,0.5615,0.4197,0.0187,0.303,0.6178,0.0792,0.1677,0.6645,0.1677,0.0187,0.4197,0.5615,0.0407,0.8104,0.149,0.1677,0.6645,0.1677,0.0511,0.5638,0.385,0.1677,0.6645,0.1677,0.449,0.5236,0.0275,1,4.4707e-7,2.1313e-17,0.0792,0.6178,0.303,0.3407,0.6131,0.0463,1,3.0908e-9,4.8596e-23
A2079,Around the Tree,2022-12-02T09:30:37Z,0,0.5252,0.2164,0,-0.5252,0.6029,0,-0.323,0,-0.323,0.1642,-0.2164,0.1085,0.4266,0.3333,0.3333,0.3333,0.5615,0.4197,0.0187,0.303,0.6178,0.0792,0.1677,0.6645,0.1677,0.0187,0.4197,0.5615,0.6246,0.3741,0.0014,0.1677,0.6645,0.1677,0.0511,0.5638,0.385,0.1677,0.6645,0.1677,0.0511,0.5638,0.385,0.2474,0.675,0.0777,0.0792,0.6178,0.303,0.2298,0.6525,0.1177,0.4726,0.4958,0.0316
A2765,Need Fulcrum,2022-12-02T13:44:02Z,0,0.5252,0.2164,0,-0.5252,0.2703,0,-0.323,0,0.7184,0.9674,-0.2164,0.2848,0.9674,0.3333,0.3333,0.3333,0.5615,0.4197,0.0187,0.303,0.6178,0.0792,0.1677,0.6645,0.1677,0.0187,0.4197,0.5615,0.2986,0.6822,0.0192,0.1677,0.6645,0.1677,0.0511,0.5638,0.385,0.1677,0.6645,0.1677,0.7455,0.2516,0.0029,1,1.7018e-11,9.076000000000001e-28,0.0792,0.6178,0.303,0.3407,0.6131,0.0463,1,3.3242e-12,1.3947e-31
A2798,Can Opener,2022-12-02T12:48:34Z,0,0.5252,0.2164,0,-0.5252,0.0831,0,-0.323,0,0.9569,0.9674,-0.1159,0.2021,0.9674,0.3333,0.3333,0.3333,0.5615,0.4197,0.0187,0.303,0.6178,0.0792,0.1677,0.6645,0.1677,0.0187,0.4197,0.5615,0.1333,0.8193,0.0474,0.1677,0.6645,0.1677,0.0511,0.5638,0.385,0.1677,0.6645,0.1677,0.9891,0.0109,1.7615e-6,1,9.27e-16,1.7971e-38,0.099,0.6822,0.2188,0.2654,0.6781,0.0565,1,4.5656e-11,3.3058999999999997e-28
A2899,Perfect Toss,2022-12-02T12:48:11Z,0,0.5252,0.2164,0,-0.5252,0.5631,0,-0.323,0,0.9316,0.9674,-0.1184,0.2848,0.9674,0.3333,0.3333,0.3333,0.5615,0.4197,0.0187,0.303,0.6178,0.0792,0.1677,0.6645,0.1677,0.0187,0.4197,0.5615,0.5852,0.4117,0.0031,0.1677,0.6645,0.1677,0.0511,0.5638,0.385,0.1677,0.6645,0.1677,0.963,0.037,0,1,2.6097e-12,1.6732e-29,0.0987,0.6803,0.2211,0.3407,0.6131,0.0463,1,1.5133e-11,4.6920999999999995e-29
A2901,Timing is Everything,2022-12-02T11:16:20Z,0,0.5252,0.2164,0,-0.5252,0.2882,0,-0.323,0,0.8581,0.9674,-0.4482,0.4978,0.9674,0.3333,0.3333,0.3333,0.5615,0.4197,0.0187,0.303,0.6178,0.0792,0.1677,0.6645,0.1677,0.0187,0.4197,0.5615,0.3127,0.6726,0.0147,0.1677,0.6645,0.1677,0.0511,0.5638,0.385,0.1677,0.6645,0.1677,0.8873,0.1124,3e-4,1,2.9514e-9,6.838199999999999e-23,0.0233,0.4902,0.4865,0.5236,0.4674,0.009,1,3.5261e-8,6.591399999999999e-22
A2934,Up in the Air,2022-12-02T11:18:25Z,0,0.5252,0.2164,0,-0.5252,0.1009,0,-0.323,0,0.9642,0.9674,-0.1184,0.3658,0.9674,0.3333,0.3333,0.3333,0.5615,0.4197,0.0187,0.303,0.6178,0.0792,0.1677,0.6645,0.1677,0.0187,0.4197,0.5615,0.1417,0.8209,0.0374,0.1677,0.6645,0.1677,0.0511,0.5638,0.385,0.1677,0.6645,0.1677,0.9967,0.0033,1.3021e-7,1,1.5046e-13,1.2219e-32,0.0987,0.6803,0.2211,0.4043,0.5695,0.0262,1,1.5106e-12,2.8656e-31
A2967,Roller coaster,2022-12-02T11:19:51Z,0,0.5252,0.2164,0,-0.5252,0.2875,0,-0.323,0,0.8993,0.9674,-0.1642,0.2848,0.9674,0.3333,0.3333,0.3333,0.5615,0.4197,0.0187,0.303,0.6178,0.0792,0.1677,0.6645,0.1677,0.0187,0.4197,0.5615,0.3127,0.6718,0.0155,0.1677,0.6645,0.1677,0.0511,0.5638,0.385,0.1677,0.6645,0.1677,0.9297,0.0702,1e-4,1,1.4417e-9,1.5044e-23,0.089,0.6523,0.2587,0.3407,0.6131,0.0463,1,5.7596e-10,3.5149e-26
A3058,Roller coaster,2022-12-01T12:49:21Z,0,0.5252,0.2164,0,-0.5252,0.5095,0,-0.323,0,0.1267,0.7641,-0.2164,0.1085,0.4266,0.3333,0.3333,0.3333,0.5615,0.4197,0.0187,0.303,0.6178,0.0792,0.1677,0.6645,0.1677,0.0187,0.4197,0.5615,0.5346,0.4575,0.0079,0.1677,0.6645,0.1677,0.0511,0.5638,0.385,0.1677,0.6645,0.1677,0.2288,0.6733,0.0979,0.7917,0.2064,0.0018,0.0792,0.6178,0.303,0.2298,0.6525,0.1177,0.4726,0.4958,0.0316
A3193,Up in the Air,2022-12-02T09:31:00Z,0,0.5252,0.2164,0,-0.5252,0.5629,0,-0.323,0,0.4079,0.9669,-0.2164,0.1085,0.9664,0.3333,0.3333,0.3333,0.5615,0.4197,0.0187,0.303,0.6178,0.0792,0.1677,0.6645,0.1677,0.0187,0.4197,0.5615,0.5847,0.4125,0.0028,0.1677,0.6645,0.1677,0.0511,0.5638,0.385,0.1677,0.6645,0.1677,0.449,0.5235,0.0274,0.9995,5e-4,9.5877e-10,0.0792,0.6178,0.303,0.2298,0.6525,0.1177,0.9989,0.0011,4.662e-10
A3294,Crazy Seesaw,2022-12-02T08:48:33Z,0,0.5252,0.2164,0,-0.5252,-0.4411,0,-0.323,0,0.919,0.9674,-0.6792,0.3658,0.9674,0.3333,0.3333,0.3333,0.5615,0.4197,0.0187,0.303,0.6178,0.0792,0.1677,0.6645,0.1677,0.0187,0.4197,0.5615,0.0043,0.5355,0.4602,0.1677,0.6645,0.1677,0.0511,0.5638,0.385,0.1677,0.6645,0.1677,0.95,0.0499,0,1,1.5393e-11,5.8211e-29,0.0048,0.2884,0.7069,0.4043,0.5695,0.0262,1,2.6049e-10,1.3543e-26
A3328,Perfect Toss,2022-12-02T08:37:49Z,0,0.5252,0.2164,0,-0.5252,-0.4237,0,-0.323,0,0.4078,0.9674,-0.2164,0.2848,0.9674,0.3333,0.3333,0.3333,0.5615,0.4197,0.0187,0.303,0.6178,0.0792,0.1677,0.6645,0.1677,0.0187,0.4197,0.5615,0.0079,0.5462,0.4459,0.1677,0.6645,0.1677,0.0511,0.5638,0.385,0.1677,0.6645,0.1677,0.449,0.5236,0.0275,1,0,7.523e-14,0.0792,0.6178,0.303,0.3407,0.6131,0.0463,1,6.9819e-6,1.9847e-16
A3339,Perfect Toss,2022-12-02T08:47:53Z,0,0.5252,0.2164,0,-0.5252,0.65,0,-0.323,0,0.9638,0.9674,-0.1184,0.2848,0.9674,0.3333,0.3333,0.3333,0.5615,0.4197,0.0187,0.303,0.6178,0.0792,0.1677,0.6645,0.1677,0.0187,0.4197,0.5615,0.6726,0.3267,7e-4,0.1677,0.6645,0.1677,0.0511,0.5638,0.385,0.1677,0.6645,0.1677,0.9963,0.0037,1.6783e-7,1,5.0114e-14,1.4867999999999999e-33,0.0987,0.6803,0.2211,0.3407,0.6131,0.0463,1,2.2646e-10,9.2233e-26
A3351,Perfect Toss,2022-12-02T08:49:19Z,0,0.5252,0.2164,0,-0.5252,-0.7429,0,-0.323,0,0.8332,0.9674,-0.4448,0.2848,0.9674,0.3333,0.3333,0.3333,0.5615,0.4197,0.0187,0.303,0.6178,0.0792,0.1677,0.6645,0.1677,0.0187,0.4197,0.5615,7e-4,0.2307,0.7686,0.1677,0.6645,0.1677,0.0511,0.5638,0.385,0.1677,0.6645,0.1677,0.8617,0.1379,4e-4,1,2.5427e-8,2.5046999999999998e-21,0.0234,0.4933,0.4832,0.3407,0.6131,0.0463,1,1.0249e-6,1.4834e-18
A3430,Around the Tree,2022-12-02T08:50:43Z,0,0.5252,0.2164,0,-0.5252,-0.582,0,-0.323,0,0.9674,0.9674,-0.4482,0.3658,0.9674,0.3333,0.3333,0.3333,0.5615,0.4197,0.0187,0.303,0.6178,0.0792,0.1677,0.6645,0.1677,0.0187,0.4197,0.5615,0.001,0.3964,0.6026,0.1677,0.6645,0.1677,0.0511,0.5638,0.385,0.1677,0.6645,0.1677,1,0,1.8681e-12,1,8.8581e-20,0,0.0233,0.4902,0.4865,0.4043,0.5695,0.0262,1,1.2829e-16,1.7236e-43
A3474,Up in the Air,2022-12-02T10:24:26Z,0,0.5252,0.2164,0,-0.5252,0.0214,0,-0.323,0,0.7852,0.9674,-0.1642,0.2848,0.9674,0.3333,0.3333,0.3333,0.5615,0.4197,0.0187,0.303,0.6178,0.0792,0.1677,0.6645,0.1677,0.0187,0.4197,0.5615,0.0957,0.8308,0.0735,0.1677,0.6645,0.1677,0.0511,0.5638,0.385,0.1677,0.6645,0.1677,0.8125,0.1867,8e-4,1,1.3056e-9,2.0184e-24,0.089,0.6523,0.2587,0.3407,0.6131,0.0463,1,1.2019e-7,1.3371e-20
A3520,Need Fulcrum,2022-12-02T10:33:11Z,0,0.5252,0.2164,0,-0.5252,-0.019,0,-0.323,0,0.7486,0.9674,-0.1642,0.2848,0.9674,0.3333,0.3333,0.3333,0.5615,0.4197,0.0187,0.303,0.6178,0.0792,0.1677,0.6645,0.1677,0.0187,0.4197,0.5615,0.0481,0.8841,0.0678,0.1677,0.6645,0.1677,0.0511,0.5638,0.385,0.1677,0.6645,0.1677,0.7759,0.2221,0.002,1,4.6465e-8,3.4179e-20,0.089,0.6523,0.2587,0.3407,0.6131,0.0463,1,1.104e-7,4.4972e-20
A3799,Crazy Seesaw,2022-12-02T09:31:05Z,0,0.5252,0.2164,0,-0.5252,-0.6556,0,-0.323,0,0.9466,0.9674,-0.034,0.3658,0.9674,0.3333,0.3333,0.3333,0.5615,0.4197,0.0187,0.303,0.6178,0.0792,0.1677,0.6645,0.1677,0.0187,0.4197,0.5615,0.0011,0.3202,0.6787,0.1677,0.6645,0.1677,0.0511,0.5638,0.385,0.1677,0.6645,0.1677,0.9784,0.0216,7.6125e-6,1,1.1978e-10,4.4739e-27,0.1192,0.7264,0.1544,0.4043,0.5695,0.0262,1,6.2505e-10,1.5188000000000002e-25
C0022,Perfect Toss,2022-12-02T08:31:42Z,0,0.5252,0.2164,0,-0.5252,0.3539,0,-0.323,0,0.9674,0.9674,-0.3927,0.1136,0.9674,0.3333,0.3333,0.3333,0.5615,0.4197,0.0187,0.303,0.6178,0.0792,0.1677,0.6645,0.1677,0.0187,0.4197,0.5615,0.372,0.6218,0.0062,0.1677,0.6645,0.1677,0.0511,0.5638,0.385,0.1677,0.6645,0.1677,1,9.9738e-6,2.8987e-13,1,3.4549e-23,0,0.0273,0.5396,0.4331,0.2123,0.6929,0.0948,1,1.0111e-16,7.78e-42
C0066,Can Opener,2022-12-02T08:18:02Z,0,0.5252,0.2164,0,-0.5252,0.2879,0,-0.323,0,0.8442,0.9674,-0.1184,0.2848,0.9674,0.3333,0.3333,0.3333,0.5615,0.4197,0.0187,0.303,0.6178,0.0792,0.1677,0.6645,0.1677,0.0187,0.4197,0.5615,0.3129,0.6717,0.0153,0.1677,0.6645,0.1677,0.0511,0.5638,0.385,0.1677,0.6645,0.1677,0.8731,0.1264,5e-4,1,1.2061e-9,5.5082e-24,0.0987,0.6803,0.2211,0.3407,0.6131,0.0463,1,2.7706e-8,3.9752999999999997e-22
C0167,Need Fulcrum,2022-12-02T09:26:35Z,0,0.5252,0.2164,0,-0.5252,0.3043,0,-0.323,0,0.9612,0.9674,-0.1642,0.211,0.9674,0.3333,0.3333,0.3333,0.5615,0.4197,0.0187,0.303,0.6178,0.0792,0.1677,0.6645,0.1677,0.0187,0.4197,0.5615,0.3274,0.6598,0.0128,0.1677,0.6645,0.1677,0.0511,0.5638,0.385,0.1677,0.6645,0.1677,0.9936,0.0064,4.3392e-7,1,6.2856e-15,2.3407e-36,0.089,0.6523,0.2587,0.2884,0.6412,0.0704,1,5.2721e-12,8.4646e-31
C0178,Shark,2022-12-02T09:28:54Z,0,0.5252,0.2164,0,-0.5252,0.3055,0,-0.323,0,0.9669,0.9674,-0.1642,0.2848,0.9674,0.3333,0.3333,0.3333,0.5615,0.4197,0.0187,0.303,0.6178,0.0792,0.1677,0.6645,0.1677,0.0187,0.4197,0.5615,0.3277,0.6604,0.0119,0.1677,0.6645,0.1677,0.0511,0.5638,0.385,0.1677,0.6645,0.1677,0.9994,6e-4,1.7129e-9,1,8.7496e-16,2.5279e-39,0.089,0.6523,0.2587,0.3407,0.6131,0.0463,1,1.6092e-8,7.5718e-23
C0268,One at a time,2022-12-02T12:47:00Z,0,0.5252,0.2164,0,-0.5252,0.3213,0,-0.323,0,0.9671,0.9674,-0.1184,0.2021,0.9674,0.3333,0.3333,0.3333,0.5615,0.4197,0.0187,0.303,0.6178,0.0792,0.1677,0.6645,0.1677,0.0187,0.4197,0.5615,0.3422,0.6477,0.0101,0.1677,0.6645,0.1677,0.0511,0.5638,0.385,0.1677,0.6645,0.1677,0.9997,3e-4,1.0728e-9,1,2.8832000000000005e-19,0,0.0987,0.6803,0.2211,0.2654,0.6781,0.0565,1,2.3789e-14,1.8164e-35
C0369,Diving Board World,2022-12-02T13:04:08Z,0,0.5252,0.2164,0,-0.5252,-0.3187,0,-0.323,0,0.6165,0.9674,-0.2164,0.2848,0.9674,0.3333,0.3333,0.3333,0.5615,0.4197,0.0187,0.303,0.6178,0.0792,0.1677,0.6645,0.1677,0.0187,0.4197,0.5615,0.0091,0.6524,0.3385,0.1677,0.6645,0.1677,0.0511,0.5638,0.385,0.1677,0.6645,0.1677,0.6437,0.3498,0.0065,1,0,2.9249e-14,0.0792,0.6178,0.303,0.3407,0.6131,0.0463,1,8.0255e-8,3.9943e-20
C0437,Stiff Curtains,2022-12-02T11:17:36Z,0,0.5252,0.2164,0,-0.5252,0.2579,0,-0.323,0,0.9353,0.9674,-0.4482,0.2848,0.9674,0.3333,0.3333,0.3333,0.5615,0.4197,0.0187,0.303,0.6178,0.0792,0.1677,0.6645,0.1677,0.0187,0.4197,0.5615,0.2812,0.7042,0.0146,0.1677,0.6645,0.1677,0.0511,0.5638,0.385,0.1677,0.6645,0.1677,0.9668,0.0332,0,1,1.6033e-10,2.0586000000000002e-25,0.0233,0.4902,0.4865,0.3407,0.6131,0.0463,1,1.2281e-6,7.7608e-18
C0820,Perfect Toss,2022-12-02T13:50:09Z,0,0.5252,0.2164,0,-0.5252,0.0646,0,-0.323,0,0.6895,0.9668,-0.2164,0.114,0.9658,0.3333,0.3333,0.3333,0.5615,0.4197,0.0187,0.303,0.6178,0.0792,0.1677,0.6645,0.1677,0.0187,0.4197,0.5615,0.1345,0.7978,0.0677,0.1677,0.6645,0.1677,0.0511,0.5638,0.385,0.1677,0.6645,0.1677,0.7169,0.2788,0.0042,0.9993,7e-4,2.5087e-10,0.0792,0.6178,0.303,0.2125,0.6927,0.0947,0.9984,0.0016,4.8562e-11
C0842,Crazy Seesaw,2022-12-02T13:45:14Z,0,0.5252,0.2164,0,-0.5252,0.5004,0,-0.323,0,0.1097,0.9475,-0.2164,0.0482,0.9599,0.3333,0.3333,0.3333,0.5615,0.4197,0.0187,0.303,0.6178,0.0792,0.1677,0.6645,0.1677,0.0187,0.4197,0.5615,0.5246,0.4681,0.0074,0.1677,0.6645,0.1677,0.0511,0.5638,0.385,0.1677,0.6645,0.1677,0.21560000000000001,0.6823,0.1022,0.9794,0.0206,4.4705e-6,0.0792,0.6178,0.303,0.1597,0.7304,0.1098,0.9922,0.0078,3.7961e-8
C0910,Perfect Toss,2022-12-02T14:34:38Z,0,0.5252,0.2164,0,-0.5252,-0.1569,0,-0.323,0,0.8291,0.9674,-0.1184,0.3658,0.9674,0.3333,0.3333,0.3333,0.5615,0.4197,0.0187,0.303,0.6178,0.0792,0.1677,0.6645,0.1677,0.0187,0.4197,0.5615,0.0575,0.7228,0.2197,0.1677,0.6645,0.1677,0.0511,0.5638,0.385,0.1677,0.6645,0.1677,0.8578,0.1414,8e-4,1,1.2106e-9,9.486799999999999e-23,0.0987,0.6803,0.2211,0.4043,0.5695,0.0262,1,9.4756e-8,7.8345e-20
C0976,Roller coaster,2022-12-02T12:52:07Z,0,0.5252,0.2164,0,-0.5252,0.1514,0,-0.323,0,0.967,0.9674,-0.1184,0.2848,0.9674,0.3333,0.3333,0.3333,0.5615,0.4197,0.0187,0.303,0.6178,0.0792,0.1677,0.6645,0.1677,0.0187,0.4197,0.5615,0.1823,0.7919,0.0258,0.1677,0.6645,0.1677,0.0511,0.5638,0.385,0.1677,0.6645,0.1677,0.9996,4e-4,1.2295e-9,1,1.5828e-14,4.6960999999999994e-35,0.0987,0.6803,0.2211,0.3407,0.6131,0.0463,1,1.1016e-7,4.7332e-20
C1135,Up in the Air,2022-12-02T12:29:37Z,0,0.5252,0.2164,0,-0.5252,0.3211,0,-0.323,0,0.967,0.9674,-0.2164,0.3658,0.9674,0.3333,0.3333,0.3333,0.5615,0.4197,0.0187,0.303,0.6178,0.0792,0.1677,0.6645,0.1677,0.0187,0.4197,0.5615,0.3417,0.6486,0.0098,0.1677,0.6645,0.1677,0.0511,0.5638,0.385,0.1677,0.6645,0.1677,0.9995,5e-4,2.5758e-9,1,3.1991e-16,2.4422e-38,0.0792,0.6178,0.303,0.4043,0.5695,0.0262,1,1.2223e-16,2.0963e-42
C1168,Stiff Curtains,2022-12-02T12:06:45Z,0,0.5252,0.2164,0,-0.5252,0.2637,0,-0.323,0,0.9674,0.9674,-0.1184,0.2848,0.9674,0.3333,0.3333,0.3333,0.5615,0.4197,0.0187,0.303,0.6178,0.0792,0.1677,0.6645,0.1677,0.0187,0.4197,0.5615,0.2802,0.7122,0.0076,0.1677,0.6645,0.1677,0.0511,0.5638,0.385,0.1677,0.6645,0.1677,0.9999,1e-4,5.9123e-12,1,1.3609e-22,0,0.0987,0.6803,0.2211,0.3407,0.6131,0.0463,1,8.646e-15,1.5259e-37
C1180,Roller coaster,2022-12-02T12:53:09Z,0,0.5252,0.2164,0,-0.5252,-0.2582,0,-0.323,0,0.9312,0.9674,-0.2861,0.1136,0.9674,0.3333,0.3333,0.3333,0.5615,0.4197,0.0187,0.303,0.6178,0.0792,0.1677,0.6645,0.1677,0.0187,0.4197,0.5615,0.0132,0.7067,0.2801,0.1677,0.6645,0.1677,0.0511,0.5638,0.385,0.1677,0.6645,0.1677,0.9626,0.0374,0,1,8.0288e-10,3.9964000000000003e-25,0.0361,0.632,0.3318,0.2123,0.6929,0.0948,1,2.1247e-6,3.3702e-17
C1225,Crazy Seesaw,2022-12-02T12:39:34Z,0,0.5252,0.2164,0,-0.5252,0.3046,0,-0.323,0,-0.323,0.9673,-0.4481,0.2848,0.9674,0.3333,0.3333,0.3333,0.5615,0.4197,0.0187,0.303,0.6178,0.0792,0.1677,0.6645,0.1677,0.0187,0.4197,0.5615,0.3271,0.6606,0.0123,0.1677,0.6645,0.1677,0.0511,0.5638,0.385,0.1677,0.6645,0.1677,0.0511,0.5638,0.385,0.9999,1e-4,5.2921e-12,0.0233,0.4902,0.4865,0.3407,0.6131,0.0463,0.9999,1e-4,2.9576e-13
C1269,Diving Board World,2022-12-02T12:51:20Z,0,0.5252,0.2164,0,-0.5252,0.3211,0,-0.323,0,0.1262,0.9674,-0.1642,0.2848,0.9674,0.3333,0.3333,0.3333,0.5615,0.4197,0.0187,0.303,0.6178,0.0792,0.1677,0.6645,0.1677,0.0187,0.4197,0.5615,0.3417,0.6486,0.0098,0.1677,0.6645,0.1677,0.0511,0.5638,0.385,0.1677,0.6645,0.1677,0.2277,0.675,0.0973,1,1.886e-8,1.4933e-20,0.089,0.6523,0.2587,0.3407,0.6131,0.0463,1,3.8816e-7,4.3788e-18
C1326,One at a time,2022-12-02T11:10:03Z,0,0.5252,0.2164,0,-0.5252,0.6015,0,-0.323,0,-0.323,0.5858,-0.2164,0.3699,0.9543,0.3333,0.3333,0.3333,0.5615,0.4197,0.0187,0.303,0.6178,0.0792,0.1677,0.6645,0.1677,0.0187,0.4197,0.5615,0.6247,0.3724,0.0029,0.1677,0.6645,0.1677,0.0511,0.5638,0.385,0.1677,0.6645,0.1677,0.0511,0.5638,0.385,0.6098,0.3859,0.0043,0.0792,0.6178,0.303,0.4082,0.566,0.0258,0.9864,0.0136,6.2546e-7
C1809,Perfect Toss,2022-12-02T10:20:41Z,0,0.5252,0.2164,0,-0.5252,0.5789,0,-0.323,0,0.8475,0.9674,-0.2164,0.2848,0.9674,0.3333,0.3333,0.3333,0.5615,0.4197,0.0187,0.303,0.6178,0.0792,0.1677,0.6645,0.1677,0.0187,0.4197,0.5615,0.6009,0.3966,0.0025,0.1677,0.6645,0.1677,0.0511,0.5638,0.385,0.1677,0.6645,0.1677,0.8763,0.1234,3e-4,1,1.6862e-9,2.9218e-24,0.0792,0.6178,0.303,0.3407,0.6131,0.0463,1,1.0923e-7,1.1569e-20
C1843,Roller coaster,2022-12-02T12:34:40Z,0,0.5252,0.2164,0,-0.5252,0.6225,0,-0.323,0,0.9476,0.9674,-0.1159,0.2848,0.9674,0.3333,0.3333,0.3333,0.5615,0.4197,0.0187,0.303,0.6178,0.0792,0.1677,0.6645,0.1677,0.0187,0.4197,0.5615,0.6447,0.354,0.0012,0.1677,0.6645,0.1677,0.0511,0.5638,0.385,0.1677,0.6645,0.1677,0.9796,0.0204,6.6862e-6,1,2.9091e-13,5.9095e-32,0.099,0.6822,0.2188,0.3407,0.6131,0.0463,1,4.7689e-11,3.6758e-28
C2080,Can Opener,2022-12-02T09:27:27Z,0,0.5252,0.2164,0,-0.5252,-0.0377,0,-0.323,0,0.5118,0.9674,-0.2164,0.1136,0.9674,0.3333,0.3333,0.3333,0.5615,0.4197,0.0187,0.303,0.6178,0.0792,0.1677,0.6645,0.1677,0.0187,0.4197,0.5615,0.0596,0.8419,0.0985,0.1677,0.6645,0.1677,0.0511,0.5638,0.385,0.1677,0.6645,0.1677,0.5455,0.438,0.0165,1,0,6.148e-13,0.0792,0.6178,0.303,0.2123,0.6929,0.0948,1,5.1624e-6,4.1557e-16
C2158,Scale,2022-12-02T12:40:14Z,0,0.5252,0.2164,0,-0.5252,0.2548,0,-0.323,0,0.1511,0.9595,-0.2164,0.119,0.9431,0.3333,0.3333,0.3333,0.5615,0.4197,0.0187,0.303,0.6178,0.0792,0.1677,0.6645,0.1677,0.0187,0.4197,0.5615,0.2861,0.6911,0.0227,0.1677,0.6645,0.1677,0.0511,0.5638,0.385,0.1677,0.6645,0.1677,0.2324,0.6914,0.0762,0.9919,0.0081,1.1318e-7,0.0792,0.6178,0.303,0.2163,0.6905,0.0933,0.9749,0.0251,6.8743e-7
C2192,Up in the Air,2022-12-02T12:53:22Z,0,0.5252,0.2164,0,-0.5252,0.1507,0,-0.323,0,0.7911,0.9674,-0.1184,0.1136,0.9674,0.3333,0.3333,0.3333,0.5615,0.4197,0.0187,0.303,0.6178,0.0792,0.1677,0.6645,0.1677,0.0187,0.4197,0.5615,0.205,0.7458,0.0492,0.1677,0.6645,0.1677,0.0511,0.5638,0.385,0.1677,0.6645,0.1677,0.8188,0.18,0.0011,1,3.3646e-12,2.0592e-29,0.0987,0.6803,0.2211,0.2123,0.6929,0.0948,1,5.556e-11,7.541300000000001e-27
C2473,Can Opener,2022-12-02T11:13:09Z,0,0.5252,0.2164,0,-0.5252,-0.3159,0,-0.323,0,0.7734,0.9674,-0.1184,0.2848,0.9674,0.3333,0.3333,0.3333,0.5615,0.4197,0.0187,0.303,0.6178,0.0792,0.1677,0.6645,0.1677,0.0187,0.4197,0.5615,0.0132,0.647,0.3397,0.1677,0.6645,0.1677,0.0511,0.5638,0.385,0.1677,0.6645,0.1677,0.8006,0.1982,0.0012,1,9.2858e-9,3.2056e-23,0.0987,0.6803,0.2211,0.3407,0.6131,0.0463,1,4.1884e-9,3.2065000000000002e-24
C2631,Timing is Everything,2022-12-02T12:46:24Z,0,0.5252,0.2164,0,-0.5252,0.2875,0,-0.323,0,0.6837,0.9674,-0.1184,0.2848,0.9674,0.3333,0.3333,0.3333,0.5615,0.4197,0.0187,0.303,0.6178,0.0792,0.1677,0.6645,0.1677,0.0187,0.4197,0.5615,0.3127,0.6718,0.0155,0.1677,0.6645,0.1677,0.0511,0.5638,0.385,0.1677,0.6645,0.1677,0.7092,0.2884,0.0024,1,1.1219e-7,2.3362e-19,0.0987,0.6803,0.2211,0.3407,0.6131,0.0463,1,2.4599e-6,1.5741e-17
C2642,Scale,2022-12-02T11:15:23Z,0,0.5252,0.2164,0,-0.5252,0.2524,0,-0.323,0,-0.323,0.9655,-0.2164,0.1085,0.9408,0.3333,0.3333,0.3333,0.5615,0.4197,0.0187,0.303,0.6178,0.0792,0.1677,0.6645,0.1677,0.0187,0.4197,0.5615,0.2849,0.6911,0.024,0.1677,0.6645,0.1677,0.0511,0.5638,0.385,0.1677,0.6645,0.1677,0.0511,0.5638,0.385,0.998,0.002,1.5245e-8,0.0792,0.6178,0.303,0.2298,0.6525,0.1177,0.9724,0.0276,4.56e-6
C2844,Diving Board World,2022-12-02T14:33:33Z,0,0.5252,0.2164,0,-0.5252,0.0486,0,-0.323,0,0.7223,0.9674,-0.2164,0.3658,0.9674,0.3333,0.3333,0.3333,0.5615,0.4197,0.0187,0.303,0.6178,0.0792,0.1677,0.6645,0.1677,0.0187,0.4197,0.5615,0.1169,0.8164,0.0667,0.1677,0.6645,0.1677,0.0511,0.5638,0.385,0.1677,0.6645,0.1677,0.7496,0.2474,0.003,1,6.0069e-8,4.8571e-20,0.0792,0.6178,0.303,0.4043,0.5695,0.0262,1,1.1456e-8,7.6805e-23
C2888,Around the Tree,2022-12-02T12:47:17Z,0,0.5252,0.2164,0,-0.5252,-0.016,0,-0.323,0,0.871,0.9674,-0.1642,0.2848,0.9674,0.3333,0.3333,0.3333,0.5615,0.4197,0.0187,0.303,0.6178,0.0792,0.1677,0.6645,0.1677,0.0187,0.4197,0.5615,0.0643,0.8548,0.0809,0.1677,0.6645,0.1677,0.0511,0.5638,0.385,0.1677,0.6645,0.1677,0.9006,0.0992,2e-4,1,1.6688e-11,8.544799999999999e-29,0.089,0.6523,0.2587,0.3407,0.6131,0.0463,1,1.9634e-10,7.2781e-27
C2945,Need Fulcrum,2022-12-02T11:17:35Z,0,0.5252,0.2164,0,-0.5252,-0.3159,0,-0.323,0,0.1262,0.9674,-0.2164,0.2848,0.9674,0.3333,0.3333,0.3333,0.5615,0.4197,0.0187,0.303,0.6178,0.0792,0.1677,0.6645,0.1677,0.0187,0.4197,0.5615,0.0132,0.647,0.3397,0.1677,0.6645,0.1677,0.0511,0.5638,0.385,0.1677,0.6645,0.1677,0.2277,0.675,0.0973,1,0,6.914e-15,0.0792,0.6178,0.303,0.3407,0.6131,0.0463,1,1.1431e-7,3.0060999999999995e-21
C3092,Stiff Curtains,2022-12-02T09:16:49Z,0,0.5252,0.2164,0,-0.5252,0.1718,0,-0.323,0,0.6894,0.9674,-0.2164,0.2848,0.9674,0.3333,0.3333,0.3333,0.5615,0.4197,0.0187,0.303,0.6178,0.0792,0.1677,0.6645,0.1677,0.0187,0.4197,0.5615,0.2173,0.7431,0.0396,0.1677,0.6645,0.1677,0.0511,0.5638,0.385,0.1677,0.6645,0.1677,0.7169,0.2789,0.0042,1,0,5.1267e-14,0.0792,0.6178,0.303,0.3407,0.6131,0.0463,1,6.8192e-6,3.0286e-16
C3104,Roller coaster,2022-12-02T08:33:05Z,0,0.5252,0.2164,0,-0.5252,-0.051,0,-0.323,0,0.9662,0.9674,-0.1184,0.2848,0.9674,0.3333,0.3333,0.3333,0.5615,0.4197,0.0187,0.303,0.6178,0.0792,0.1677,0.6645,0.1677,0.0187,0.4197,0.5615,0.056,0.8354,0.1086,0.1677,0.6645,0.1677,0.0511,0.5638,0.385,0.1677,0.6645,0.1677,0.9988,0.0012,7.7727e-9,1,3.41e-14,7.4727e-36,0.0987,0.6803,0.2211,0.3407,0.6131,0.0463,1,7.2294e-10,5.4397e-26
C3115,Diving Board World,2022-12-02T08:37:34Z,0,0.5252,0.2164,0,-0.5252,0.1042,0,-0.323,0,0.9496,0.9674,-0.1184,0.2848,0.9674,0.3333,0.3333,0.3333,0.5615,0.4197,0.0187,0.303,0.6178,0.0792,0.1677,0.6645,0.1677,0.0187,0.4197,0.5615,0.1528,0.802,0.0452,0.1677,0.6645,0.1677,0.0511,0.5638,0.385,0.1677,0.6645,0.1677,0.9815,0.0185,2.5251e-6,1,1.3919e-10,1.4159000000000001e-27,0.0987,0.6803,0.2211,0.3407,0.6131,0.0463,1,1.381e-7,1.0482e-20
C3148,Up in the Air,2022-12-02T08:45:16Z,0,0.5252,0.2164,0,-0.5252,0.1356,0,-0.323,0,0.9285,0.9674,-0.0741,0.3658,0.9674,0.3333,0.3333,0.3333,0.5615,0.4197,0.0187,0.303,0.6178,0.0792,0.1677,0.6645,0.1677,0.0187,0.4197,0.5615,0.1722,0.7958,0.0321,0.1677,0.6645,0.1677,0.0511,0.5638,0.385,0.1677,0.6645,0.1677,0.9598,0.0402,0,1,6.2644e-16,4.0705e-39,0.1089,0.7056,0.1855,0.4043,0.5695,0.0262,1,1.8356e-13,6.2974000000000005e-34
C3261,Can Opener,2022-12-02T10:27:30Z,0,0.5252,0.2164,0,-0.5252,-0.0423,0,-0.323,0,0.8851,0.9674,-0.1184,0.2848,0.9674,0.3333,0.3333,0.3333,0.5615,0.4197,0.0187,0.303,0.6178,0.0792,0.1677,0.6645,0.1677,0.0187,0.4197,0.5615,0.0593,0.8376,0.103,0.1677,0.6645,0.1677,0.0511,0.5638,0.385,0.1677,0.6645,0.1677,0.915,0.0849,1e-4,1,8.5926e-12,5.5592e-31,0.0987,0.6803,0.2211,0.3407,0.6131,0.0463,1,1.188e-10,1.3197e-27
C3395,Timing is Everything,2022-12-02T09:33:10Z,0,0.5252,0.2164,0,-0.5252,0.3047,0,-0.323,0,0.9672,0.9674,-0.034,0.2848,0.9674,0.3333,0.3333,0.3333,0.5615,0.4197,0.0187,0.303,0.6178,0.0792,0.1677,0.6645,0.1677,0.0187,0.4197,0.5615,0.3223,0.6703,0.0074,0.1677,0.6645,0.1677,0.0511,0.5638,0.385,0.1677,0.6645,0.1677,0.9998,2e-4,1.8024e-10,1,4.0732e-22,0,0.1192,0.7264,0.1544,0.3407,0.6131,0.0463,1,4.893e-14,5.6574e-35
C3429,Timing is Everything,2022-12-02T08:49:13Z,0,0.5252,0.2164,0,-0.5252,0.0152,0,-0.323,0,0.9672,0.9674,-0.1184,0.1136,0.9674,0.3333,0.3333,0.3333,0.5615,0.4197,0.0187,0.303,0.6178,0.0792,0.1677,0.6645,0.1677,0.0187,0.4197,0.5615,0.0805,0.8548,0.0647,0.1677,0.6645,0.1677,0.0511,0.5638,0.385,0.1677,0.6645,0.1677,0.9998,2e-4,9.2046e-11,1,1.4035999999999999e-21,0,0.0987,0.6803,0.2211,0.2123,0.6929,0.0948,1,4.2417e-18,0
C3496,Can Opener,2022-12-01T10:23:18Z,0,0.5252,0.2164,0,-0.5252,-0.008,0,-0.323,0,0.8187,0.9674,-0.1184,0.211,0.9674,0.3333,0.3333,0.3333,0.5615,0.4197,0.0187,0.303,0.6178,0.0792,0.1677,0.6645,0.1677,0.0187,0.4197,0.5615,0.0746,0.8425,0.0829,0.1677,0.6645,0.1677,0.0511,0.5638,0.385,0.1677,0.6645,0.1677,0.847,0.1522,8e-4,1,6.9591e-11,2.1561e-26,0.0987,0.6803,0.2211,0.2884,0.6412,0.0704,1,5.1838e-8,5.6484e-20
C3586,Timing is Everything,2022-12-02T09:44:28Z,0,0.5252,0.2164,0,-0.5252,-0.2587,0,-0.323,0,0.9673,0.9674,-0.1159,0.3658,0.9674,0.3333,0.3333,0.3333,0.5615,0.4197,0.0187,0.303,0.6178,0.0792,0.1677,0.6645,0.1677,0.0187,0.4197,0.5615,0.0051,0.7225,0.2725,0.1677,0.6645,0.1677,0.0511,0.5638,0.385,0.1677,0.6645,0.1677,0.9999,1e-4,1.0035e-10,1,2.3753999999999998e-29,0,0.099,0.6822,0.2188,0.4043,0.5695,0.0262,1,3.005e-25,0
C3597,Crazy Seesaw,2022-12-02T09:29:27Z,0,0.5252,0.2164,0,-0.5252,0.288,0,-0.323,0,0.7251,0.9674,-0.2164,0.211,0.9674,0.3333,0.3333,0.3333,0.5615,0.4197,0.0187,0.303,0.6178,0.0792,0.1677,0.6645,0.1677,0.0187,0.4197,0.5615,0.3054,0.6869,0.0077,0.1677,0.6645,0.1677,0.0511,0.5638,0.385,0.1677,0.6645,0.1677,0.7515,0.2466,0.002,1,1.1824e-14,3.6794e-36,0.0792,0.6178,0.303,0.2884,0.6412,0.0704,1,3.1049e-10,5.572300000000001e-25
C3665,Up in the Air,2022-12-02T10:15:58Z,0,0.5252,0.2164,0,-0.5252,0.2875,0,-0.323,0,0.5708,0.9674,-0.2164,0.2848,0.9674,0.3333,0.3333,0.3333,0.5615,0.4197,0.0187,0.303,0.6178,0.0792,0.1677,0.6645,0.1677,0.0187,0.4197,0.5615,0.3127,0.6718,0.0155,0.1677,0.6645,0.1677,0.0511,0.5638,0.385,0.1677,0.6645,0.1677,0.6007,0.3886,0.0107,0.9999,1e-4,6.1355e-12,0.0792,0.6178,0.303,0.3407,0.6131,0.0463,1,0,1.1284e-14
C3676,Scale,2022-12-02T10:29:07Z,0,0.5252,0.2164,0,-0.5252,0.016,0,-0.323,0,0.4089,0.9674,-0.4482,0.2848,0.9674,0.3333,0.3333,0.3333,0.5615,0.4197,0.0187,0.303,0.6178,0.0792,0.1677,0.6645,0.1677,0.0187,0.4197,0.5615,0.0954,0.8257,0.0789,0.1677,0.6645,0.1677,0.0511,0.5638,0.385,0.1677,0.6645,0.1677,0.4335,0.5557,0.0108,1,1.5946e-8,6.9783e-23,0.0233,0.4902,0.4865,0.3407,0.6131,0.0463,1,3.4645e-7,2.6103000000000004e-19
C3698,Roller coaster,2022-12-02T10:29:31Z,0,0.5252,0.2164,0,-0.5252,0.3045,0,-0.323,0,0.9499,0.9674,-0.2861,0.1136,0.9674,0.3333,0.3333,0.3333,0.5615,0.4197,0.0187,0.303,0.6178,0.0792,0.1677,0.6645,0.1677,0.0187,0.4197,0.5615,0.3228,0.6692,0.008,0.1677,0.6645,0.1677,0.0511,0.5638,0.385,0.1677,0.6645,0.1677,0.9819,0.0181,5.5071e-6,1,5.0512e-11,1.1039e-26,0.0361,0.632,0.3318,0.2123,0.6929,0.0948,1,0,2.4284e-15
C3834,Need Fulcrum,2022-12-02T09:28:54Z,0,0.5252,0.2164,0,-0.5252,-0.1657,0,-0.323,0,0.8291,0.9674,-0.2164,0.2848,0.9674,0.3333,0.3333,0.3333,0.5615,0.4197,0.0187,0.303,0.6178,0.0792,0.1677,0.6645,0.1677,0.0187,0.4197,0.5615,0.029,0.7708,0.2002,0.1677,0.6645,0.1677,0.0511,0.5638,0.385,0.1677,0.6645,0.1677,0.8578,0.1414,8e-4,1,3.7218e-6,2.0337e-15,0.0792,0.6178,0.303,0.3407,0.6131,0.0463,1,1.7719e-7,1.852e-19
D0077,Little Mermaid,2022-12-01T08:48:25Z,0,0.5252,0.2164,0,-0.5252,0.6091,0,-0.323,0,0.9185,0.9674,-0.4482,0.2848,0.9674,0.3333,0.3333,0.3333,0.5615,0.4197,0.0187,0.303,0.6178,0.0792,0.1677,0.6645,0.1677,0.0187,0.4197,0.5615,0.6311,0.3673,0.0016,0.1677,0.6645,0.1677,0.0511,0.5638,0.385,0.1677,0.6645,0.1677,0.9494,0.0505,0,1,6.847e-11,2.502e-28,0.0233,0.4902,0.4865,0.3407,0.6131,0.0463,1,3.0155e-8,2.6245e-21
D0213,Diving Board,2022-12-02T08:30:30Z,0,0.5252,0.2164,0,-0.5252,0.2868,0,-0.323,0,0.8872,0.9674,-0.1184,0.2848,0.9674,0.3333,0.3333,0.3333,0.5615,0.4197,0.0187,0.303,0.6178,0.0792,0.1677,0.6645,0.1677,0.0187,0.4197,0.5615,0.3188,0.6589,0.0224,0.1677,0.6645,0.1677,0.0511,0.5638,0.385,0.1677,0.6645,0.1677,0.9171,0.0828,1e-4,1,6.7141e-8,1.5582e-20,0.0987,0.6803,0.2211,0.3407,0.6131,0.0463,1,2.0115e-6,3.909e-16
D0314,Big Watermill,2022-12-02T13:39:37Z,0,0.5252,0.2164,0,-0.5252,0.5509,0,-0.323,0,-0.0657,0.9549,-0.2164,0.211,0.9668,0.3333,0.3333,0.3333,0.5615,0.4197,0.0187,0.303,0.6178,0.0792,0.1677,0.6645,0.1677,0.0187,0.4197,0.5615,0.5734,0.4226,0.004,0.1677,0.6645,0.1677,0.0511,0.5638,0.385,0.1677,0.6645,0.1677,0.1202,0.6918,0.1881,0.9871,0.0129,3.6439e-7,0.0792,0.6178,0.303,0.2885,0.6411,0.0704,0.9994,6e-4,1.2372e-10
D0370,Yippie!,2022-12-02T12:49:18Z,0,0.5252,0.2164,0,-0.5252,0.3045,0,-0.323,0,0.598,0.9674,-0.1184,0.2849,0.967,0.3333,0.3333,0.3333,0.5615,0.4197,0.0187,0.303,0.6178,0.0792,0.1677,0.6645,0.1677,0.0187,0.4197,0.5615,0.3271,0.6606,0.0123,0.1677,0.6645,0.1677,0.0511,0.5638,0.385,0.1677,0.6645,0.1677,0.6241,0.3699,0.006,1,5.7854e-6,5.2547e-15,0.0987,0.6803,0.2211,0.3407,0.613,0.0462,0.9996,4e-4,1.2367e-10
D0572,Uphill Battle,2022-12-02T12:41:16Z,0,0.5252,0.2164,0,-0.5252,0.3534,0,-0.323,0,0.9585,0.9674,-0.2164,0.4978,0.9674,0.3333,0.3333,0.3333,0.5615,0.4197,0.0187,0.303,0.6178,0.0792,0.1677,0.6645,0.1677,0.0187,0.4197,0.5615,0.3717,0.6219,0.0064,0.1677,0.6645,0.1677,0.0511,0.5638,0.385,0.1677,0.6645,0.1677,0.9908,0.0092,4.6027e-7,1,2.2957e-14,3.2022e-35,0.0792,0.6178,0.303,0.5236,0.4674,0.009,1,1.5501e-10,8.5427e-28
D0606,Cloudy Day,2022-12-02T13:43:09Z,0,0.5252,0.2164,0,-0.5252,0.2713,0,-0.323,0,0.3716,0.9674,-0.4482,0.1085,0.9662,0.3333,0.3333,0.3333,0.5615,0.4197,0.0187,0.303,0.6178,0.0792,0.1677,0.6645,0.1677,0.0187,0.4197,0.5615,0.2983,0.6839,0.0178,0.1677,0.6645,0.1677,0.0511,0.5638,0.385,0.1677,0.6645,0.1677,0.4108,0.5625,0.0267,1,9.8301e-7,3.1805e-17,0.0233,0.4902,0.4865,0.2298,0.6525,0.1177,0.9988,0.0012,3.4305e-9
D0785,Sunny Day,2022-12-02T14:47:39Z,0,0.5252,0.2164,0,-0.5252,0.1657,0,-0.323,0,0.9272,0.9674,-0.1642,0.1136,0.9674,0.3333,0.3333,0.3333,0.5615,0.4197,0.0187,0.303,0.6178,0.0792,0.1677,0.6645,0.1677,0.0187,0.4197,0.5615,0.1928,0.7857,0.0215,0.1677,0.6645,0.1677,0.0511,0.5638,0.385,0.1677,0.6645,0.1677,0.9585,0.0415,0,1,2.5641e-12,1.4833e-31,0.089,0.6523,0.2587,0.2123,0.6929,0.0948,1,1.5593e-6,3.3835e-17
D0875,Uphill Battle,2022-12-01T13:51:28Z,0,0.5252,0.2164,0,-0.5252,-0.2558,0,-0.323,0,0.937,0.9674,-0.1184,0.1136,0.9674,0.3333,0.3333,0.3333,0.5615,0.4197,0.0187,0.303,0.6178,0.0792,0.1677,0.6645,0.1677,0.0187,0.4197,0.5615,0.0155,0.7047,0.2799,0.1677,0.6645,0.1677,0.0511,0.5638,0.385,0.1677,0.6645,0.1677,0.9686,0.0314,0,1,5.2297e-11,1.5477e-28,0.0987,0.6803,0.2211,0.2123,0.6929,0.0948,1,1.2882e-8,1.3855e-22
D0921,Diving Board,2022-12-02T13:59:21Z,0,0.5252,0.2164,0,-0.5252,-0.0511,0,-0.323,0,0.9092,0.9674,-0.3927,0.2848,0.9674,0.3333,0.3333,0.3333,0.5615,0.4197,0.0187,0.303,0.6178,0.0792,0.1677,0.6645,0.1677,0.0187,0.4197,0.5615,0.0318,0.8836,0.0846,0.1677,0.6645,0.1677,0.0511,0.5638,0.385,0.1677,0.6645,0.1677,0.9398,0.0602,0,1,1.6886e-13,8.9977e-36,0.0273,0.5396,0.4331,0.3407,0.6131,0.0463,1,1.0889e-10,1.4665e-27
D0932,Uphill Battle,2022-12-02T13:42:09Z,0,0.5252,0.2164,0,-0.5252,-0.577,0,-0.323,0,0.8865,0.9674,-0.1184,0.211,0.9672,0.3333,0.3333,0.3333,0.5615,0.4197,0.0187,0.303,0.6178,0.0792,0.1677,0.6645,0.1677,0.0187,0.4197,0.5615,0.0023,0.399,0.5987,0.1677,0.6645,0.1677,0.0511,0.5638,0.385,0.1677,0.6645,0.1677,0.9164,0.0835,1e-4,1,6.9959e-8,6.2826e-21,0.0987,0.6803,0.2211,0.2885,0.6412,0.0704,0.9998,2e-4,2.0082e-11
D1012,Diving Board,2022-12-02T12:42:37Z,0,0.5252,0.2164,0,-0.5252,-0.3431,0,-0.323,0,0.912,0.9674,-0.1184,0.2848,0.9674,0.3333,0.3333,0.3333,0.5615,0.4197,0.0187,0.303,0.6178,0.0792,0.1677,0.6645,0.1677,0.0187,0.4197,0.5615,0.0103,0.6248,0.3649,0.1677,0.6645,0.1677,0.0511,0.5638,0.385,0.1677,0.6645,0.1677,0.9427,0.0572,0,1,4.2089e-12,1.9777e-31,0.0987,0.6803,0.2211,0.3407,0.6131,0.0463,1,1.4097e-9,3.8429000000000003e-25
D1056,Uphill Battle,2022-12-02T13:40:14Z,0,0.5252,0.2164,0,-0.5252,-0.0745,0,-0.323,0,0.2038,0.9494,-0.2164,0.366,0.9668,0.3333,0.3333,0.3333,0.5615,0.4197,0.0187,0.303,0.6178,0.0792,0.1677,0.6645,0.1677,0.0187,0.4197,0.5615,0.0398,0.8434,0.1168,0.1677,0.6645,0.1677,0.0511,0.5638,0.385,0.1677,0.6645,0.1677,0.261,0.6887,0.0503,0.9813,0.0187,3.1126e-7,0.0792,0.6178,0.303,0.4045,0.5694,0.0261,0.9994,6e-4,3.5223e-11
D1078,Uphill Battle,2022-12-02T12:33:08Z,0,0.5252,0.2164,0,-0.5252,-0.2776,0,-0.323,0,0.9199,0.9674,-0.1184,0.2848,0.9674,0.3333,0.3333,0.3333,0.5615,0.4197,0.0187,0.303,0.6178,0.0792,0.1677,0.6645,0.1677,0.0187,0.4197,0.5615,0.0149,0.6833,0.3019,0.1677,0.6645,0.1677,0.0511,0.5638,0.385,0.1677,0.6645,0.1677,0.9509,0.0491,0,1,1.8938e-9,5.5827e-26,0.0987,0.6803,0.2211,0.3407,0.6131,0.0463,1,5.097e-7,1.8673e-18
D1179,Wavy,2022-12-02T13:03:01Z,0,0.5252,0.2164,0,-0.5252,0.3049,0,-0.323,0,0.9467,0.9674,-0.7209,0.1136,0.9674,0.3333,0.3333,0.3333,0.5615,0.4197,0.0187,0.303,0.6178,0.0792,0.1677,0.6645,0.1677,0.0187,0.4197,0.5615,0.3273,0.6605,0.0122,0.1677,0.6645,0.1677,0.0511,0.5638,0.385,0.1677,0.6645,0.1677,0.9786,0.0214,6.1058e-6,1,4.0745e-10,2.7188e-26,0.0038,0.2471,0.749,0.2123,0.6929,0.0948,0.9999,1e-4,4.815e-15
D1203,Yippie!,2022-12-02T12:47:05Z,0,0.5252,0.2164,0,-0.5252,0.0214,0,-0.323,0,0.5313,0.9674,-0.1184,0.2848,0.9674,0.3333,0.3333,0.3333,0.5615,0.4197,0.0187,0.303,0.6178,0.0792,0.1677,0.6645,0.1677,0.0187,0.4197,0.5615,0.0957,0.8308,0.0735,0.1677,0.6645,0.1677,0.0511,0.5638,0.385,0.1677,0.6645,0.1677,0.5583,0.4326,0.0091,1,6.1466e-6,7.0835e-16,0.0987,0.6803,0.2211,0.3407,0.6131,0.0463,1,0,1.1291e-13
D1292,Little Mermaid,2022-12-02T14:18:51Z,0,0.5252,0.2164,0,-0.5252,0.5785,0,-0.323,0,0.956,0.9674,-0.1184,0.2848,0.9674,0.3333,0.3333,0.3333,0.5615,0.4197,0.0187,0.303,0.6178,0.0792,0.1677,0.6645,0.1677,0.0187,0.4197,0.5615,0.6003,0.3974,0.0023,0.1677,0.6645,0.1677,0.0511,0.5638,0.385,0.1677,0.6645,0.1677,0.9882,0.0118,1.0263e-6,1,1.7935e-14,4.5819999999999994e-36,0.0987,0.6803,0.2211,0.3407,0.6131,0.0463,1,4.075e-10,8.2878e-26
D1371,Sunny Day,2022-12-02T09:25:14Z,0,0.5252,0.2164,0,-0.5252,0.0876,0,-0.323,0,0.9339,0.9674,-0.1642,0.1136,0.9674,0.3333,0.3333,0.3333,0.5615,0.4197,0.0187,0.303,0.6178,0.0792,0.1677,0.6645,0.1677,0.0187,0.4197,0.5615,0.1348,0.8209,0.0443,0.1677,0.6645,0.1677,0.0511,0.5638,0.385,0.1677,0.6645,0.1677,0.9653,0.0347,0,1,7.5149e-13,1.6323e-31,0.089,0.6523,0.2587,0.2123,0.6929,0.0948,1,5.849e-8,9.551399999999999e-21
D1438,Ultimate Pinball,2022-12-02T11:26:20Z,0,0.5252,0.2164,0,-0.5252,-0.0632,0,-0.323,0,0.9033,0.9674,-0.2164,0.2848,0.9674,0.3333,0.3333,0.3333,0.5615,0.4197,0.0187,0.303,0.6178,0.0792,0.1677,0.6645,0.1677,0.0187,0.4197,0.5615,0.048,0.8388,0.1132,0.1677,0.6645,0.1677,0.0511,0.5638,0.385,0.1677,0.6645,0.1677,0.9338,0.0662,0,1,1.957e-12,1.7035e-31,0.0792,0.6178,0.303,0.3407,0.6131,0.0463,1,4.6161e-9,1.0223e-23
D1540,Little Mermaid,2022-12-02T13:39:54Z,0,0.5252,0.2164,0,-0.5252,-0.1487,0,-0.323,0,0.6434,0.9674,-0.1642,0.2848,0.9674,0.3333,0.3333,0.3333,0.5615,0.4197,0.0187,0.303,0.6178,0.0792,0.1677,0.6645,0.1677,0.0187,0.4197,0.5615,0.0315,0.7832,0.1853,0.1677,0.6645,0.1677,0.0511,0.5638,0.385,0.1677,0.6645,0.1677,0.6686,0.3278,0.0035,1,3.827e-11,8.849399999999999e-29,0.089,0.6523,0.2587,0.3407,0.6131,0.0463,1,1.9218e-8,2.8721999999999997e-22
D1641,Uphill Battle,2022-12-02T13:49:55Z,0,0.5252,0.2164,0,-0.5252,0.039,0,-0.323,0,0.5321,0.9674,-0.4482,0.2848,0.9674,0.3333,0.3333,0.3333,0.5615,0.4197,0.0187,0.303,0.6178,0.0792,0.1677,0.6645,0.1677,0.0187,0.4197,0.5615,0.1025,0.8353,0.0622,0.1677,0.6645,0.1677,0.0511,0.5638,0.385,0.1677,0.6645,0.1677,0.557,0.4359,0.007,1,9.7687e-8,2.8793e-20,0.0233,0.4902,0.4865,0.3407,0.6131,0.0463,1,4.547e-6,4.0681e-16
D1696,Sunny Day,2022-12-02T12:06:25Z,0,0.5252,0.2164,0,-0.5252,0.2879,0,-0.323,0,0.9609,0.9674,-0.1184,0.2848,0.9674,0.3333,0.3333,0.3333,0.5615,0.4197,0.0187,0.303,0.6178,0.0792,0.1677,0.6645,0.1677,0.0187,0.4197,0.5615,0.3129,0.6717,0.0153,0.1677,0.6645,0.1677,0.0511,0.5638,0.385,0.1677,0.6645,0.1677,0.9933,0.0067,2.5925e-7,1,8.9139e-16,3.0575e-39,0.0987,0.6803,0.2211,0.3407,0.6131,0.0463,1,1.8379e-11,1.5541e-28
D1742,Uphill Battle,2022-12-02T10:24:34Z,0,0.5252,0.2164,0,-0.5252,0.0194,0,-0.323,0,0.9642,0.9674,-0.1184,0.2848,0.9674,0.3333,0.3333,0.3333,0.5615,0.4197,0.0187,0.303,0.6178,0.0792,0.1677,0.6645,0.1677,0.0187,0.4197,0.5615,0.074,0.872,0.054,0.1677,0.6645,0.1677,0.0511,0.5638,0.385,0.1677,0.6645,0.1677,0.9966,0.0034,6.1146e-8,1,2.3332e-13,4.0042e-34,0.0987,0.6803,0.2211,0.3407,0.6131,0.0463,1,5.9351e-8,1.8033e-20
D1810,Uphill Battle,2022-12-02T12:46:02Z,0,0.5252,0.2164,0,-0.5252,0.3045,0,-0.323,0,0.9581,0.9674,-0.6792,0.2848,0.9674,0.3333,0.3333,0.3333,0.5615,0.4197,0.0187,0.303,0.6178,0.0792,0.1677,0.6645,0.1677,0.0187,0.4197,0.5615,0.3271,0.6606,0.0123,0.1677,0.6645,0.1677,0.0511,0.5638,0.385,0.1677,0.6645,0.1677,0.9903,0.0097,7.6134e-7,1,5.4675e-13,5.3339e-32,0.0048,0.2884,0.7069,0.3407,0.6131,0.0463,1,2.3022e-9,2.0146e-23
D1854,Spider Web,2022-12-02T12:29:54Z,0,0.5252,0.2164,0,-0.5252,0.4202,0,-0.323,0,0.7026,0.9674,-0.1184,0.2848,0.9674,0.3333,0.3333,0.3333,0.5615,0.4197,0.0187,0.303,0.6178,0.0792,0.1677,0.6645,0.1677,0.0187,0.4197,0.5615,0.4568,0.5208,0.0224,0.1677,0.6645,0.1677,0.0511,0.5638,0.385,0.1677,0.6645,0.1677,0.729,0.2683,0.0027,1,3.1088e-12,2.4772999999999997e-30,0.0987,0.6803,0.2211,0.3407,0.6131,0.0463,1,4.8421e-10,7.9482e-26
D1865,Sunny Day,2022-12-02T12:46:16Z,0,0.5252,0.2164,0,-0.5252,0.5793,0,-0.323,0,0.9659,0.9674,-0.1184,0.2848,0.9674,0.3333,0.3333,0.3333,0.5615,0.4197,0.0187,0.303,0.6178,0.0792,0.1677,0.6645,0.1677,0.0187,0.4197,0.5615,0.6013,0.3963,0.0025,0.1677,0.6645,0.1677,0.0511,0.5638,0.385,0.1677,0.6645,0.1677,0.9985,0.0015,2.1893e-8,1,1.9463000000000002e-19,0,0.0987,0.6803,0.2211,0.3407,0.6131,0.0463,1,2.0826e-15,8.0309e-39
D1900,Yippie!,2022-12-02T12:49:29Z,0,0.5252,0.2164,0,-0.5252,-0.2433,0,-0.323,0,0.3716,0.9674,-0.3926,0.1085,0.9667,0.3333,0.3333,0.3333,0.5615,0.4197,0.0187,0.303,0.6178,0.0792,0.1677,0.6645,0.1677,0.0187,0.4197,0.5615,0.0134,0.7216,0.265,0.1677,0.6645,0.1677,0.0511,0.5638,0.385,0.1677,0.6645,0.1677,0.4108,0.5625,0.0267,1,0,6.4035e-15,0.0273,0.5396,0.4331,0.2298,0.6525,0.1177,0.9992,8e-4,1.0115e-9
D1911,Yippie!,2022-12-02T13:00:30Z,0,0.5252,0.2164,0,-0.5252,0.0553,0,-0.323,0,0.3716,0.9674,-0.1184,0.2848,0.9674,0.3333,0.3333,0.3333,0.5615,0.4197,0.0187,0.303,0.6178,0.0792,0.1677,0.6645,0.1677,0.0187,0.4197,0.5615,0.1183,0.8206,0.0611,0.1677,0.6645,0.1677,0.0511,0.5638,0.385,0.1677,0.6645,0.1677,0.4108,0.5625,0.0267,1,0,3.1676e-15,0.0987,0.6803,0.2211,0.3407,0.6131,0.0463,0.9999,1e-4,7.9787e-13
D1988,Diving Board,2022-12-02T12:57:14Z,0,0.5252,0.2164,0,-0.5252,-0.2724,0,-0.323,0,0.5018,0.9674,-0.1159,0.2848,0.9674,0.3333,0.3333,0.3333,0.5615,0.4197,0.0187,0.303,0.6178,0.0792,0.1677,0.6645,0.1677,0.0187,0.4197,0.5615,0.0128,0.6928,0.2944,0.1677,0.6645,0.1677,0.0511,0.5638,0.385,0.1677,0.6645,0.1677,0.5298,0.459,0.0112,1,0,6.3019e-15,0.099,0.6822,0.2188,0.3407,0.6131,0.0463,0.9999,1e-4,2.1441e-13
D2002,On the Upswing,2022-12-02T09:30:58Z,0,0.5252,0.2164,0,-0.5252,-0.2894,0,-0.323,0,-0.323,0.942,-0.1624,0.1085,0.9405,0.3333,0.3333,0.3333,0.5615,0.4197,0.0187,0.303,0.6178,0.0792,0.1677,0.6645,0.1677,0.0187,0.4197,0.5615,0.0214,0.658,0.3206,0.1677,0.6645,0.1677,0.0511,0.5638,0.385,0.1677,0.6645,0.1677,0.0511,0.5638,0.385,0.9738,0.0262,1.9124e-6,0.0893,0.6534,0.2572,0.2298,0.6525,0.1177,0.9722,0.0278,0
D2147,Uphill Battle,2022-12-02T10:19:28Z,0,0.5252,0.2164,0,-0.5252,0.3043,0,-0.323,0,0.9259,0.9674,-0.3927,0.2848,0.9674,0.3333,0.3333,0.3333,0.5615,0.4197,0.0187,0.303,0.6178,0.0792,0.1677,0.6645,0.1677,0.0187,0.4197,0.5615,0.3274,0.6598,0.0128,0.1677,0.6645,0.1677,0.0511,0.5638,0.385,0.1677,0.6645,0.1677,0.9571,0.0428,0,1,2.1371e-11,5.13e-28,0.0273,0.5396,0.4331,0.3407,0.6131,0.0463,1,6.6539e-8,8.726699999999999e-21
D2271,Uphill Battle,2022-12-02T14:21:40Z,0,0.5252,0.2164,0,-0.5252,0.3043,0,-0.323,0,0.8872,0.9674,-0.1184,0.2848,0.9674,0.3333,0.3333,0.3333,0.5615,0.4197,0.0187,0.303,0.6178,0.0792,0.1677,0.6645,0.1677,0.0187,0.4197,0.5615,0.3274,0.6598,0.0128,0.1677,0.6645,0.1677,0.0511,0.5638,0.385,0.1677,0.6645,0.1677,0.9171,0.0828,1e-4,1,9.8257e-14,3.5136e-34,0.0987,0.6803,0.2211,0.3407,0.6131,0.0463,1,1.9414e-10,1.1246e-26
D2372,Uphill Battle,2022-12-02T09:35:02Z,0,0.5252,0.2164,0,-0.5252,-0.4641,0,-0.323,0,0.932,0.9674,-0.1184,0.2848,0.9674,0.3333,0.3333,0.3333,0.5615,0.4197,0.0187,0.303,0.6178,0.0792,0.1677,0.6645,0.1677,0.0187,0.4197,0.5615,0.0046,0.5111,0.4843,0.1677,0.6645,0.1677,0.0511,0.5638,0.385,0.1677,0.6645,0.1677,0.9634,0.0366,0,1,7.2034e-13,3.2199000000000003e-31,0.0987,0.6803,0.2211,0.3407,0.6131,0.0463,1,3.3997e-11,4.5851e-28
D2608,Yippie!,2022-12-02T08:47:44Z,0,0.5252,0.2164,0,-0.5252,0.0553,0,-0.323,0,0.9098,0.9674,-0.4482,0.2848,0.9674,0.3333,0.3333,0.3333,0.5615,0.4197,0.0187,0.303,0.6178,0.0792,0.1677,0.6645,0.1677,0.0187,0.4197,0.5615,0.1183,0.8206,0.0611,0.1677,0.6645,0.1677,0.0511,0.5638,0.385,0.1677,0.6645,0.1677,0.9405,0.0594,1e-4,1,3.5599e-10,3.3259e-26,0.0233,0.4902,0.4865,0.3407,0.6131,0.0463,1,1.0657e-9,3.4553e-25
D2697,Big Watermill,2022-12-02T10:21:34Z,0,0.5252,0.2164,0,-0.5252,0.2118,0,-0.323,0,-0.323,-0.0247,-0.2164,0.1085,0.4266,0.3333,0.3333,0.3333,0.5615,0.4197,0.0187,0.303,0.6178,0.0792,0.1677,0.6645,0.1677,0.0187,0.4197,0.5615,0.2304,0.7581,0.0115,0.1677,0.6645,0.1677,0.0511,0.5638,0.385,0.1677,0.6645,0.1677,0.0511,0.5638,0.385,0.1066,0.7613,0.1321,0.0792,0.6178,0.303,0.2298,0.6525,0.1177,0.4726,0.4958,0.0316
D2800,Spider Web,2022-12-02T12:48:20Z,0,0.5252,0.2164,0,-0.5252,0.0998,0,-0.323,0,0.9366,0.9674,-0.1184,0.1085,0.9674,0.3333,0.3333,0.3333,0.5615,0.4197,0.0187,0.303,0.6178,0.0792,0.1677,0.6645,0.1677,0.0187,0.4197,0.5615,0.1529,0.7973,0.0497,0.1677,0.6645,0.1677,0.0511,0.5638,0.385,0.1677,0.6645,0.1677,0.9682,0.0318,6.7606e-6,1,1.362e-14,1.6671e-36,0.0987,0.6803,0.2211,0.2298,0.6525,0.1177,1,1.2058e-9,1.3762000000000001e-24
D3025,Little Mermaid,2022-12-02T11:16:39Z,0,0.5252,0.2164,0,-0.5252,-0.1445,0,-0.323,0,-0.0151,0.9674,-0.6336,0.1085,0.9667,0.3333,0.3333,0.3333,0.5615,0.4197,0.0187,0.303,0.6178,0.0792,0.1677,0.6645,0.1677,0.0187,0.4197,0.5615,0.0316,0.7874,0.1809,0.1677,0.6645,0.1677,0.0511,0.5638,0.385,0.1677,0.6645,0.1677,0.1453,0.6937,0.1609,1,0,1.1869e-14,0.0059,0.3333,0.6608,0.2298,0.6525,0.1177,0.9992,8e-4,4.8314e-10
D3137,Wavy,2022-12-02T08:45:24Z,0,0.5252,0.2164,0,-0.5252,-0.8239,0,-0.323,0,0.1079,0.9673,-0.2164,0.1085,0.9672,0.3333,0.3333,0.3333,0.5615,0.4197,0.0187,0.303,0.6178,0.0792,0.1677,0.6645,0.1677,0.0187,0.4197,0.5615,1e-4,0.1481,0.8518,0.1677,0.6645,0.1677,0.0511,0.5638,0.385,0.1677,0.6645,0.1677,0.2141,0.6833,0.1026,0.9998,2e-4,1.689e-11,0.0792,0.6178,0.303,0.2298,0.6525,0.1177,0.9998,2e-4,6.5004e-11
D3317,Diving Board,2022-12-02T08:49:08Z,0,0.5252,0.2164,0,-0.5252,-0.4067,0,-0.323,0,0.9589,0.9674,-0.0741,0.1136,0.9674,0.3333,0.3333,0.3333,0.5615,0.4197,0.0187,0.303,0.6178,0.0792,0.1677,0.6645,0.1677,0.0187,0.4197,0.5615,0.0033,0.5729,0.4238,0.1677,0.6645,0.1677,0.0511,0.5638,0.385,0.1677,0.6645,0.1677,0.9911,0.0089,8.0477e-7,1,1.0455e-14,3.0829e-37,0.1089,0.7056,0.1855,0.2123,0.6929,0.0948,1,3.741e-8,7.630199999999999e-21
D3418,Uphill Battle,2022-12-02T08:48:11Z,0,0.5252,0.2164,0,-0.5252,0.2074,0,-0.323,0,0.9672,0.9674,-0.1184,0.2848,0.9674,0.3333,0.3333,0.3333,0.5615,0.4197,0.0187,0.303,0.6178,0.0792,0.1677,0.6645,0.1677,0.0187,0.4197,0.5615,0.2309,0.7526,0.0165,0.1677,0.6645,0.1677,0.0511,0.5638,0.385,0.1677,0.6645,0.1677,0.9998,2e-4,1.1916e-10,1,1.5541e-15,1.012e-39,0.0987,0.6803,0.2211,0.3407,0.6131,0.0463,1,1.0145e-10,5.1256e-29
D3485,Cloudy Day,2022-12-02T10:29:15Z,0,0.5252,0.2164,0,-0.5252,0.1427,0,-0.323,0,0.9668,0.9674,-0.1642,0.2848,0.9674,0.3333,0.3333,0.3333,0.5615,0.4197,0.0187,0.303,0.6178,0.0792,0.1677,0.6645,0.1677,0.0187,0.4197,0.5615,0.1689,0.8097,0.0214,0.1677,0.6645,0.1677,0.0511,0.5638,0.385,0.1677,0.6645,0.1677,0.9993,7e-4,3.1125e-9,1,8.516e-18,3.251e-43,0.089,0.6523,0.2587,0.3407,0.6131,0.0463,1,3.4323e-12,3.5728e-31
D3508,On the Upswing,2022-12-02T10:11:03Z,0,0.5252,0.2164,0,-0.5252,0.5331,0,-0.323,0,0.9674,0.9674,-0.1159,0.2848,0.9674,0.3333,0.3333,0.3333,0.5615,0.4197,0.0187,0.303,0.6178,0.0792,0.1677,0.6645,0.1677,0.0187,0.4197,0.5615,0.5565,0.4381,0.0054,0.1677,0.6645,0.1677,0.0511,0.5638,0.385,0.1677,0.6645,0.1677,0.9999,1e-4,1.5685e-11,1,3.6556000000000003e-19,1.4013e-45,0.099,0.6822,0.2188,0.3407,0.6131,0.0463,1,3.6357e-14,6.462799999999999e-35
D3542,Diving Board,2022-12-02T10:29:48Z,0,0.5252,0.2164,0,-0.5252,0.1505,0,-0.323,0,0.9531,0.9674,-0.1184,0.2848,0.9674,0.3333,0.3333,0.3333,0.5615,0.4197,0.0187,0.303,0.6178,0.0792,0.1677,0.6645,0.1677,0.0187,0.4197,0.5615,0.1824,0.7908,0.0268,0.1677,0.6645,0.1677,0.0511,0.5638,0.385,0.1677,0.6645,0.1677,0.9852,0.0148,2.3367e-6,1,2.3133e-16,3.9166999999999996e-40,0.0987,0.6803,0.2211,0.3407,0.6131,0.0463,1,2.4482e-13,1.9095e-33
D3621,Big Watermill,2022-12-02T09:33:55Z,0,0.5252,0.2164,0,-0.5252,0.4328,0,-0.323,0,0.9667,0.9674,-0.1159,0.1911,0.9674,0.3333,0.3333,0.3333,0.5615,0.4197,0.0187,0.303,0.6178,0.0792,0.1677,0.6645,0.1677,0.0187,0.4197,0.5615,0.4495,0.5483,0.0022,0.1677,0.6645,0.1677,0.0511,0.5638,0.385,0.1677,0.6645,0.1677,0.9993,7e-4,3.2871e-9,1,1.6051000000000001e-19,0,0.099,0.6822,0.2188,0.2426,0.7124,0.0451,1,1.2659e-13,1.1065e-34
D3643,Uphill Battle,2022-12-02T09:23:22Z,0,0.5252,0.2164,0,-0.5252,0.3846,0,-0.323,0,0.9662,0.9674,-0.1184,0.3658,0.9674,0.3333,0.3333,0.3333,0.5615,0.4197,0.0187,0.303,0.6178,0.0792,0.1677,0.6645,0.1677,0.0187,0.4197,0.5615,0.4016,0.5943,0.004,0.1677,0.6645,0.1677,0.0511,0.5638,0.385,0.1677,0.6645,0.1677,0.9987,0.0013,1.0591e-8,1,3.8785e-16,1.5014e-39,0.0987,0.6803,0.2211,0.4043,0.5695,0.0262,1,2.6307e-11,4.5242999999999995e-29
D3654,Little Mermaid,2022-12-02T10:22:14Z,0,0.5252,0.2164,0,-0.5252,-0.273,0,-0.323,0,0.1497,0.9673,-0.2164,0.033,0.9658,0.3333,0.3333,0.3333,0.5615,0.4197,0.0187,0.303,0.6178,0.0792,0.1677,0.6645,0.1677,0.0187,0.4197,0.5615,0.0162,0.6855,0.2984,0.1677,0.6645,0.1677,0.0511,0.5638,0.385,0.1677,0.6645,0.1677,0.2313,0.6923,0.0765,0.9998,2e-4,2.7109e-12,0.0792,0.6178,0.303,0.1715,0.691,0.1375,0.9983,0.0017,3.176e-9
D3867,Cloudy Day,2022-12-02T10:20:14Z,0,0.5252,0.2164,0,-0.5252,-0.0578,0,-0.323,0,0.1657,0.9649,-0.4478,0.285,0.9664,0.3333,0.3333,0.3333,0.5615,0.4197,0.0187,0.303,0.6178,0.0792,0.1677,0.6645,0.1677,0.0187,0.4197,0.5615,0.0553,0.8296,0.1151,0.1677,0.6645,0.1677,0.0511,0.5638,0.385,0.1677,0.6645,0.1677,0.2403,0.6908,0.0689,0.9974,0.0026,2.1219e-9,0.0233,0.4905,0.4862,0.3409,0.6129,0.0462,0.999,0.001,3.1502e-10
E0224,Little Mermaid,2022-12-02T08:31:09Z,0,0.5252,0.2164,0,-0.5252,0.1032,0,-0.323,0,0.8993,0.9674,-0.1184,0.2848,0.9674,0.3333,0.3333,0.3333,0.5615,0.4197,0.0187,0.303,0.6178,0.0792,0.1677,0.6645,0.1677,0.0187,0.4197,0.5615,0.153,0.8007,0.0463,0.1677,0.6645,0.1677,0.0511,0.5638,0.385,0.1677,0.6645,0.1677,0.9297,0.0702,1e-4,1,4.7321e-10,3.116e-26,0.0987,0.6803,0.2211,0.3407,0.6131,0.0463,1,4.0133e-9,1.733e-22
E0279,Cloudy Day,2022-12-02T12:48:14Z,0,0.5252,0.2164,0,-0.5252,0.3209,0,-0.323,0,0.9674,0.9674,-0.1159,0.1136,0.9674,0.3333,0.3333,0.3333,0.5615,0.4197,0.0187,0.303,0.6178,0.0792,0.1677,0.6645,0.1677,0.0187,0.4197,0.5615,0.3423,0.6471,0.0106,0.1677,0.6645,0.1677,0.0511,0.5638,0.385,0.1677,0.6645,0.1677,1,7.4412e-6,1.3959e-13,1,1.6756e-26,0,0.099,0.6822,0.2188,0.2123,0.6929,0.0948,1,5.9795e-21,0
E0280,Yippie!,2022-12-02T12:48:45Z,0,0.5252,0.2164,0,-0.5252,0.104,0,-0.323,0,0.56,0.9674,-0.1159,0.1085,0.9655,0.3333,0.3333,0.3333,0.5615,0.4197,0.0187,0.303,0.6178,0.0792,0.1677,0.6645,0.1677,0.0187,0.4197,0.5615,0.1645,0.7784,0.0571,0.1677,0.6645,0.1677,0.0511,0.5638,0.385,0.1677,0.6645,0.1677,0.5833,0.4123,0.0044,1,1.4566e-6,1.7248e-17,0.099,0.6822,0.2188,0.2298,0.6525,0.1177,0.9981,0.0019,1.6815e-8
E0381,Yippie!,2022-12-02T12:52:55Z,0,0.5252,0.2164,0,-0.5252,0.2251,0,-0.323,0,0.598,0.9674,-0.1184,0.2848,0.9674,0.3333,0.3333,0.3333,0.5615,0.4197,0.0187,0.303,0.6178,0.0792,0.1677,0.6645,0.1677,0.0187,0.4197,0.5615,0.2547,0.7233,0.022,0.1677,0.6645,0.1677,0.0511,0.5638,0.385,0.1677,0.6645,0.1677,0.6241,0.3699,0.006,1,2.8538e-8,1.0126e-20,0.0987,0.6803,0.2211,0.3407,0.6131,0.0463,1,1.3438e-7,3.0249000000000005e-19
E0392,Big Watermill,2022-12-02T11:12:11Z,0,0.5252,0.2164,0,-0.5252,-0.1829,0,-0.323,0,0.9113,0.9674,-0.0741,0.1136,0.9674,0.3333,0.3333,0.3333,0.5615,0.4197,0.0187,0.303,0.6178,0.0792,0.1677,0.6645,0.1677,0.0187,0.4197,0.5615,0.0286,0.7538,0.2176,0.1677,0.6645,0.1677,0.0511,0.5638,0.385,0.1677,0.6645,0.1677,0.942,0.0579,0,1,6.4523e-15,1.7666e-37,0.1089,0.7056,0.1855,0.2123,0.6929,0.0948,1,3.0044e-11,2.6677999999999997e-28
E0448,Spider Web,2022-12-02T12:51:36Z,0,0.5252,0.2164,0,-0.5252,0.3742,0,-0.323,0,0.7869,0.9674,-0.1184,0.1085,0.9674,0.3333,0.3333,0.3333,0.5615,0.4197,0.0187,0.303,0.6178,0.0792,0.1677,0.6645,0.1677,0.0187,0.4197,0.5615,0.3947,0.5974,0.0079,0.1677,0.6645,0.1677,0.0511,0.5638,0.385,0.1677,0.6645,0.1677,0.8137,0.186,3e-4,1,2.5969e-10,7.0781e-28,0.0987,0.6803,0.2211,0.2298,0.6525,0.1177,1,3.5889e-7,2.8959e-18
E0505,Diving Board,2022-12-02T09:27:09Z,0,0.5252,0.2164,0,-0.5252,0.1042,0,-0.323,0,0.56,0.9674,-0.1184,0.2848,0.9674,0.3333,0.3333,0.3333,0.5615,0.4197,0.0187,0.303,0.6178,0.0792,0.1677,0.6645,0.1677,0.0187,0.4197,0.5615,0.1528,0.802,0.0452,0.1677,0.6645,0.1677,0.0511,0.5638,0.385,0.1677,0.6645,0.1677,0.5833,0.4123,0.0044,1,1.0502e-9,5.1373e-25,0.0987,0.6803,0.2211,0.3407,0.6131,0.0463,1,0,4.9375e-15
E0549,Little Mermaid,2022-12-02T08:32:50Z,0,0.5252,0.2164,0,-0.5252,0.2103,0,-0.323,0,0.9653,0.9674,-0.1184,0.2848,0.9674,0.3333,0.3333,0.3333,0.5615,0.4197,0.0187,0.303,0.6178,0.0792,0.1677,0.6645,0.1677,0.0187,0.4197,0.5615,0.2578,0.7017,0.0405,0.1677,0.6645,0.1677,0.0511,0.5638,0.385,0.1677,0.6645,0.1677,0.9978,0.0022,4.6635e-8,1,4.4103e-15,9.3777e-37,0.0987,0.6803,0.2211,0.3407,0.6131,0.0463,1,4.1088e-13,2.755e-34
E0550,Big Watermill,2022-12-02T08:24:50Z,0,0.5252,0.2164,0,-0.5252,-0.3767,0,-0.323,0,0.9199,0.9674,-0.2164,0.2676,0.9674,0.3333,0.3333,0.3333,0.5615,0.4197,0.0187,0.303,0.6178,0.0792,0.1677,0.6645,0.1677,0.0187,0.4197,0.5615,0.0078,0.595,0.3972,0.1677,0.6645,0.1677,0.0511,0.5638,0.385,0.1677,0.6645,0.1677,0.951,0.049,1e-4,1,3.4782e-8,8.792e-20,0.0792,0.6178,0.303,0.3138,0.649,0.0372,1,1.4463e-8,5.1417e-23
E0640,Ultimate Pinball,2022-12-02T12:52:21Z,0,0.5252,0.2164,0,-0.5252,0.4073,0,-0.323,0,0.9417,0.9674,-0.1184,0.3658,0.9674,0.3333,0.3333,0.3333,0.5615,0.4197,0.0187,0.303,0.6178,0.0792,0.1677,0.6645,0.1677,0.0187,0.4197,0.5615,0.4262,0.5687,0.0051,0.1677,0.6645,0.1677,0.0511,0.5638,0.385,0.1677,0.6645,0.1677,0.9734,0.0266,0,1,4.0768e-13,5.6418e-32,0.0987,0.6803,0.2211,0.4043,0.5695,0.0262,1,9.3656e-10,1.7569e-24
E0695,Spider Web,2022-12-02T14:48:00Z,0,0.5252,0.2164,0,-0.5252,0.3043,0,-0.323,0,0.7982,0.9674,-0.1642,0.2848,0.9674,0.3333,0.3333,0.3333,0.5615,0.4197,0.0187,0.303,0.6178,0.0792,0.1677,0.6645,0.1677,0.0187,0.4197,0.5615,0.3274,0.6598,0.0128,0.1677,0.6645,0.1677,0.0511,0.5638,0.385,0.1677,0.6645,0.1677,0.8257,0.1737,6e-4,1,2.9678e-10,6.1762e-26,0.089,0.6523,0.2587,0.3407,0.6131,0.0463,1,4.0883e-6,1.1444e-15
E0943,Uphill Battle,2022-12-02T14:00:08Z,0,0.5252,0.2164,0,-0.5252,-0.5246,0,-0.323,0,0.8731,0.9674,-0.1184,0.1085,0.9674,0.3333,0.3333,0.3333,0.5615,0.4197,0.0187,0.303,0.6178,0.0792,0.1677,0.6645,0.1677,0.0187,0.4197,0.5615,0.0029,0.4519,0.5452,0.1677,0.6645,0.1677,0.0511,0.5638,0.385,0.1677,0.6645,0.1677,0.9027,0.0971,2e-4,1,1.1032e-10,2.1129e-27,0.0987,0.6803,0.2211,0.2298,0.6525,0.1177,1,7.4679e-7,5.6437e-17
E1067,Diving Board,2022-12-02T13:36:57Z,0,0.5252,0.2164,0,-0.5252,-0.3193,0,-0.323,0,0.7221,0.9674,-0.1184,0.2848,0.9674,0.3333,0.3333,0.3333,0.5615,0.4197,0.0187,0.303,0.6178,0.0792,0.1677,0.6645,0.1677,0.0187,0.4197,0.5615,0.0097,0.6505,0.3398,0.1677,0.6645,0.1677,0.0511,0.5638,0.385,0.1677,0.6645,0.1677,0.7477,0.251,0.0013,1,2.6811e-10,1.4069e-26,0.0987,0.6803,0.2211,0.3407,0.6131,0.0463,1,2.548e-7,9.632900000000002e-19
E1090,Spider Web,2022-12-02T12:49:40Z,0,0.5252,0.2164,0,-0.5252,0.5477,0,-0.323,0,0.8523,0.9674,-0.4482,0.2848,0.9674,0.3333,0.3333,0.3333,0.5615,0.4197,0.0187,0.303,0.6178,0.0792,0.1677,0.6645,0.1677,0.0187,0.4197,0.5615,0.5701,0.4261,0.0039,0.1677,0.6645,0.1677,0.0511,0.5638,0.385,0.1677,0.6645,0.1677,0.8815,0.118,5e-4,1,1.7008e-9,1.746e-24,0.0233,0.4902,0.4865,0.3407,0.6131,0.0463,1,9.2129e-7,6.558200000000001e-19
E1393,Uphill Battle,2022-12-02T11:37:24Z,0,0.5252,0.2164,0,-0.5252,0.5631,0,-0.323,0,0.8337,0.9674,-0.0741,0.2848,0.9674,0.3333,0.3333,0.3333,0.5615,0.4197,0.0187,0.303,0.6178,0.0792,0.1677,0.6645,0.1677,0.0187,0.4197,0.5615,0.5852,0.4117,0.0031,0.1677,0.6645,0.1677,0.0511,0.5638,0.385,0.1677,0.6645,0.1677,0.8621,0.1375,3e-4,1,7.3562e-8,1.5684e-20,0.1089,0.7056,0.1855,0.3407,0.6131,0.0463,0.9999,1e-4,2.7493e-13
E1618,Diving Board,2022-12-02T12:13:21Z,0,0.5252,0.2164,0,-0.5252,0.3529,0,-0.323,0,0.9662,0.9674,-0.1184,0.2848,0.9674,0.3333,0.3333,0.3333,0.5615,0.4197,0.0187,0.303,0.6178,0.0792,0.1677,0.6645,0.1677,0.0187,0.4197,0.5615,0.3716,0.6216,0.0068,0.1677,0.6645,0.1677,0.0511,0.5638,0.385,0.1677,0.6645,0.1677,0.9987,0.0013,6.0226e-9,1,1.8611e-13,2.456e-35,0.0987,0.6803,0.2211,0.3407,0.6131,0.0463,1,1.1263e-8,1.3716e-22
E1775,Big Watermill,2022-12-02T10:26:26Z,0,0.5252,0.2164,0,-0.5252,0.1942,0,-0.323,0,-0.323,0.3452,-0.2164,0.2877,0.954,0.3333,0.3333,0.3333,0.5615,0.4197,0.0187,0.303,0.6178,0.0792,0.1677,0.6645,0.1677,0.0187,0.4197,0.5615,0.2229,0.755,0.0221,0.1677,0.6645,0.1677,0.0511,0.5638,0.385,0.1677,0.6645,0.1677,0.0511,0.5638,0.385,0.3649,0.627,0.0081,0.0792,0.6178,0.303,0.3432,0.611,0.0458,0.9861,0.0139,6.8733e-7
E1821,Ultimate Pinball,2022-12-02T12:43:36Z,0,0.5252,0.2164,0,-0.5252,-0.1526,0,-0.323,0,0.8986,0.9674,-0.1184,0.1136,0.9674,0.3333,0.3333,0.3333,0.5615,0.4197,0.0187,0.303,0.6178,0.0792,0.1677,0.6645,0.1677,0.0187,0.4197,0.5615,0.0285,0.7853,0.1862,0.1677,0.6645,0.1677,0.0511,0.5638,0.385,0.1677,0.6645,0.1677,0.929,0.0709,1e-4,1,5.1787e-9,8.7722e-23,0.0987,0.6803,0.2211,0.2123,0.6929,0.0948,1,4.1149e-6,2.7062e-16
E1966,Uphill Battle,2022-12-02T12:55:18Z,0,0.5252,0.2164,0,-0.5252,0.0612,0,-0.323,0,0.9673,0.9674,-0.1184,0.1136,0.9674,0.3333,0.3333,0.3333,0.5615,0.4197,0.0187,0.303,0.6178,0.0792,0.1677,0.6645,0.1677,0.0187,0.4197,0.5615,0.1017,0.86,0.0384,0.1677,0.6645,0.1677,0.0511,0.5638,0.385,0.1677,0.6645,0.1677,0.9999,1e-4,5.2455e-11,1,9.5362e-22,0,0.0987,0.6803,0.2211,0.2123,0.6929,0.0948,1,3.2549e-14,1.2376999999999998e-35
E2170,Cloudy Day,2022-12-02T12:54:38Z,0,0.5252,0.2164,0,-0.5252,-0.1619,0,-0.323,0,0.7996,0.9674,-0.1184,0.2848,0.9674,0.3333,0.3333,0.3333,0.5615,0.4197,0.0187,0.303,0.6178,0.0792,0.1677,0.6645,0.1677,0.0187,0.4197,0.5615,0.0167,0.7993,0.184,0.1677,0.6645,0.1677,0.0511,0.5638,0.385,0.1677,0.6645,0.1677,0.8272,0.1721,7e-4,1,5.0166e-9,1.4984999999999999e-22,0.0987,0.6803,0.2211,0.3407,0.6131,0.0463,1,3.7362e-6,7.9226e-16
E2215,On the Upswing,2022-12-02T12:47:37Z,0,0.5252,0.2164,0,-0.5252,0.5474,0,-0.323,0,-0.323,0.9667,-0.4481,0.2849,0.9671,0.3333,0.3333,0.3333,0.5615,0.4197,0.0187,0.303,0.6178,0.0792,0.1677,0.6645,0.1677,0.0187,0.4197,0.5615,0.5696,0.4266,0.0038,0.1677,0.6645,0.1677,0.0511,0.5638,0.385,0.1677,0.6645,0.1677,0.0511,0.5638,0.385,0.9993,7e-4,4.4199e-10,0.0233,0.4903,0.4864,0.3407,0.613,0.0463,0.9997,3e-4,1.8056e-11
E2260,On the Upswing,2022-12-02T12:47:29Z,0,0.5252,0.2164,0,-0.5252,-0.3984,0,-0.323,0,0.9597,0.9674,-0.034,0.2848,0.9674,0.3333,0.3333,0.3333,0.5615,0.4197,0.0187,0.303,0.6178,0.0792,0.1677,0.6645,0.1677,0.0187,0.4197,0.5615,0.004,0.5802,0.4158,0.1677,0.6645,0.1677,0.0511,0.5638,0.385,0.1677,0.6645,0.1677,0.992,0.008,4.8377e-7,1,2.5962e-12,1.9672e-31,0.1192,0.7264,0.1544,0.3407,0.6131,0.0463,1,3.5298e-9,2.7646e-23
E2361,Yippie!,2022-12-02T11:13:59Z,0,0.5252,0.2164,0,-0.5252,0.1164,0,-0.323,0,0.8925,0.9674,-0.3927,0.2849,0.9672,0.3333,0.3333,0.3333,0.5615,0.4197,0.0187,0.303,0.6178,0.0792,0.1677,0.6645,0.1677,0.0187,0.4197,0.5615,0.1505,0.8193,0.0302,0.1677,0.6645,0.1677,0.0511,0.5638,0.385,0.1677,0.6645,0.1677,0.9227,0.0772,1e-4,1,5.4574e-7,4.4678e-18,0.0273,0.5396,0.4331,0.3407,0.613,0.0463,0.9998,2e-4,5.4387e-12
E2394,One at a time,2022-11-30T14:40:31Z,0,0.5252,0.2164,0,-0.5252,0.4471,0,-0.323,0,-0.323,0.7013,-0.2164,0.286,0.9617,0.3333,0.3333,0.3333,0.5615,0.4197,0.0187,0.303,0.6178,0.0792,0.1677,0.6645,0.1677,0.0187,0.4197,0.5615,0.479,0.5042,0.0168,0.1677,0.6645,0.1677,0.0511,0.5638,0.385,0.1677,0.6645,0.1677,0.0511,0.5638,0.385,0.7261,0.2727,0.0012,0.0792,0.6178,0.303,0.3417,0.6122,0.0461,0.9941,0.0059,7.6897e-8
E2619,Uphill Battle,2022-12-02T14:29:25Z,0,0.5252,0.2164,0,-0.5252,0.1274,0,-0.323,0,0.9576,0.9674,-0.1184,0.2848,0.9674,0.3333,0.3333,0.3333,0.5615,0.4197,0.0187,0.303,0.6178,0.0792,0.1677,0.6645,0.1677,0.0187,0.4197,0.5615,0.1595,0.8127,0.0278,0.1677,0.6645,0.1677,0.0511,0.5638,0.385,0.1677,0.6645,0.1677,0.9898,0.0102,4.6887e-7,1,3.1594e-13,1.3168000000000001e-34,0.0987,0.6803,0.2211,0.3407,0.6131,0.0463,1,1.2122e-9,5.3539e-25
E2732,Cloudy Day,2022-12-02T13:38:29Z,0,0.5252,0.2164,0,-0.5252,-0.4372,0,-0.323,0,0.9627,0.9674,-0.3927,0.2848,0.9674,0.3333,0.3333,0.3333,0.5615,0.4197,0.0187,0.303,0.6178,0.0792,0.1677,0.6645,0.1677,0.0187,0.4197,0.5615,0.0034,0.5413,0.4553,0.1677,0.6645,0.1677,0.0511,0.5638,0.385,0.1677,0.6645,0.1677,0.9951,0.0049,2.1091e-7,1,2.37e-12,3.6553999999999996e-33,0.0273,0.5396,0.4331,0.3407,0.6131,0.0463,1,1.0023e-8,1.3209e-22
E2776,Big Watermill,2022-12-02T12:47:34Z,0,0.5252,0.2164,0,-0.5252,0.2347,0,-0.323,0,0.3398,0.9674,-0.2164,0.211,0.9674,0.3333,0.3333,0.3333,0.5615,0.4197,0.0187,0.303,0.6178,0.0792,0.1677,0.6645,0.1677,0.0187,0.4197,0.5615,0.2709,0.7008,0.0283,0.1677,0.6645,0.1677,0.0511,0.5638,0.385,0.1677,0.6645,0.1677,0.392,0.5673,0.0407,1,0,1.9851e-13,0.0792,0.6178,0.303,0.2884,0.6412,0.0704,1,2.9991e-7,2.4889e-18
E2956,Spider Web,2022-12-02T11:19:48Z,0,0.5252,0.2164,0,-0.5252,0.2708,0,-0.323,0,0.9656,0.9674,-0.1184,0.211,0.9674,0.3333,0.3333,0.3333,0.5615,0.4197,0.0187,0.303,0.6178,0.0792,0.1677,0.6645,0.1677,0.0187,0.4197,0.5615,0.2989,0.6821,0.019,0.1677,0.6645,0.1677,0.0511,0.5638,0.385,0.1677,0.6645,0.1677,0.9982,0.0018,1.1608e-8,1,5.0427e-14,1.4414e-34,0.0987,0.6803,0.2211,0.2884,0.6412,0.0704,1,1.583e-7,7.846e-19
E3003,Ultimate Pinball,2022-12-02T11:12:12Z,0,0.5252,0.2164,0,-0.5252,-0.0408,0,-0.323,0,0.9657,0.9674,-0.3927,0.2848,0.9674,0.3333,0.3333,0.3333,0.5615,0.4197,0.0187,0.303,0.6178,0.0792,0.1677,0.6645,0.1677,0.0187,0.4197,0.5615,0.0471,0.8636,0.0893,0.1677,0.6645,0.1677,0.0511,0.5638,0.385,0.1677,0.6645,0.1677,0.9982,0.0018,1.6767e-8,1,2.1853e-15,1.214e-38,0.0273,0.5396,0.4331,0.3407,0.6131,0.0463,1,1.156e-10,5.3081e-27
E3205,Diving Board,2022-12-02T10:22:59Z,0,0.5252,0.2164,0,-0.5252,0.1054,0,-0.323,0,0.9624,0.9674,-0.4482,0.2848,0.9674,0.3333,0.3333,0.3333,0.5615,0.4197,0.0187,0.303,0.6178,0.0792,0.1677,0.6645,0.1677,0.0187,0.4197,0.5615,0.1427,0.8236,0.0338,0.1677,0.6645,0.1677,0.0511,0.5638,0.385,0.1677,0.6645,0.1677,0.9948,0.0052,2.2323e-7,1,3.963e-16,2.7259e-40,0.0233,0.4902,0.4865,0.3407,0.6131,0.0463,1,5.4278e-13,6.015199999999999e-32
E3373,On the Upswing,2022-12-02T08:49:32Z,0,0.5252,0.2164,0,-0.5252,0.5476,0,-0.323,0,-0.323,0.9667,-0.7208,0.2849,0.9671,0.3333,0.3333,0.3333,0.5615,0.4197,0.0187,0.303,0.6178,0.0792,0.1677,0.6645,0.1677,0.0187,0.4197,0.5615,0.57,0.4261,0.0039,0.1677,0.6645,0.1677,0.0511,0.5638,0.385,0.1677,0.6645,0.1677,0.0511,0.5638,0.385,0.9993,7e-4,4.2388e-10,0.0038,0.2472,0.749,0.3407,0.613,0.0463,0.9997,3e-4,9.0497e-11
E3384,Little Mermaid,2022-12-02T08:47:45Z,0,0.5252,0.2164,0,-0.5252,0.2087,0,-0.323,0,0.8633,0.9674,-0.1642,0.2848,0.9674,0.3333,0.3333,0.3333,0.5615,0.4197,0.0187,0.303,0.6178,0.0792,0.1677,0.6645,0.1677,0.0187,0.4197,0.5615,0.2419,0.7319,0.0262,0.1677,0.6645,0.1677,0.0511,0.5638,0.385,0.1677,0.6645,0.1677,0.8927,0.107,3e-4,1,2.9256e-11,1.1387e-27,0.089,0.6523,0.2587,0.3407,0.6131,0.0463,1,1.0704e-9,1.7796e-24
E3407,Uphill Battle,2022-12-01T13:46:02Z,0,0.5252,0.2164,0,-0.5252,0.5941,0,-0.323,0,0.9276,0.9674,-0.1184,0.2848,0.9674,0.3333,0.3333,0.3333,0.5615,0.4197,0.0187,0.303,0.6178,0.0792,0.1677,0.6645,0.1677,0.0187,0.4197,0.5615,0.6162,0.3818,0.0021,0.1677,0.6645,0.1677,0.0511,0.5638,0.385,0.1677,0.6645,0.1677,0.9589,0.0411,0,1,2.4962e-12,3.8238e-30,0.0987,0.6803,0.2211,0.3407,0.6131,0.0463,1,2.8924e-8,1.3544e-20
E3463,Wavy,2022-12-02T08:45:06Z,0,0.5252,0.2164,0,-0.5252,-0.1093,0,-0.323,0,-0.323,0.966,-0.2164,0.2849,0.9672,0.3333,0.3333,0.3333,0.5615,0.4197,0.0187,0.303,0.6178,0.0792,0.1677,0.6645,0.1677,0.0187,0.4197,0.5615,0.0351,0.8169,0.148,0.1677,0.6645,0.1677,0.0511,0.5638,0.385,0.1677,0.6645,0.1677,0.0511,0.5638,0.385,0.9986,0.0014,8.7117e-10,0.0792,0.6178,0.303,0.3407,0.613,0.0463,0.9997,3e-4,2.0202e-11
E3610,Uphill Battle,2022-12-02T09:33:28Z,0,0.5252,0.2164,0,-0.5252,0.6368,0,-0.323,0,0.9663,0.9674,-0.3927,0.3658,0.9674,0.3333,0.3333,0.3333,0.5615,0.4197,0.0187,0.303,0.6178,0.0792,0.1677,0.6645,0.1677,0.0187,0.4197,0.5615,0.6591,0.34,9e-4,0.1677,0.6645,0.1677,0.0511,0.5638,0.385,0.1677,0.6645,0.1677,0.9989,0.0011,1.0943e-8,1,2.2926e-18,1.4012999999999998e-44,0.0273,0.5396,0.4331,0.4043,0.5695,0.0262,1,6.8435e-15,7.076e-39
E3632,Sunny Day,2022-12-02T09:35:24Z,0,0.5252,0.2164,0,-0.5252,0.1391,0,-0.323,0,0.9665,0.9674,-0.1184,0.3658,0.9674,0.3333,0.3333,0.3333,0.5615,0.4197,0.0187,0.303,0.6178,0.0792,0.1677,0.6645,0.1677,0.0187,0.4197,0.5615,0.1725,0.7988,0.0287,0.1677,0.6645,0.1677,0.0511,0.5638,0.385,0.1677,0.6645,0.1677,0.999,0.001,4.1916e-9,1,1.0107999999999998e-21,0,0.0987,0.6803,0.2211,0.4043,0.5695,0.0262,1,1.0977000000000002e-19,0
F0044,Roller coaster,2022-12-02T08:17:14Z,0,0.5252,0.2164,0,-0.5252,0.2708,0,-0.323,0,0.941,0.9674,-0.1642,0.1136,0.9674,0.3333,0.3333,0.3333,0.5615,0.4197,0.0187,0.303,0.6178,0.0792,0.1677,0.6645,0.1677,0.0187,0.4197,0.5615,0.2985,0.683,0.0185,0.1677,0.6645,0.1677,0.0511,0.5638,0.385,0.1677,0.6645,0.1677,0.9727,0.0273,0,1,1.9512e-12,4.5885e-30,0.089,0.6523,0.2587,0.2123,0.6929,0.0948,1,8.1407e-11,1.3903000000000001e-27
F0101,Need Fulcrum,2022-12-02T09:30:28Z,0,0.5252,0.2164,0,-0.5252,0.1009,0,-0.323,0,0.9657,0.9674,-0.1642,0.2848,0.9674,0.3333,0.3333,0.3333,0.5615,0.4197,0.0187,0.303,0.6178,0.0792,0.1677,0.6645,0.1677,0.0187,0.4197,0.5615,0.1417,0.8209,0.0374,0.1677,0.6645,0.1677,0.0511,0.5638,0.385,0.1677,0.6645,0.1677,0.9982,0.0018,2.7161e-8,1,5.3451e-18,1.5274e-43,0.089,0.6523,0.2587,0.3407,0.6131,0.0463,1,2.7751e-15,2.2916999999999998e-38
F0123,Stiff Curtains,2022-12-02T09:22:10Z,0,0.5252,0.2164,0,-0.5252,0.3214,0,-0.323,0,0.7083,0.9674,-0.1184,0.2848,0.9674,0.3333,0.3333,0.3333,0.5615,0.4197,0.0187,0.303,0.6178,0.0792,0.1677,0.6645,0.1677,0.0187,0.4197,0.5615,0.3416,0.6491,0.0093,0.1677,0.6645,0.1677,0.0511,0.5638,0.385,0.1677,0.6645,0.1677,0.7354,0.2613,0.0033,1,2.0752e-7,4.6892e-18,0.0987,0.6803,0.2211,0.3407,0.6131,0.0463,1,1.6198e-6,1.1407e-16
F0134,Diving Board World,2022-12-02T09:29:16Z,0,0.5252,0.2164,0,-0.5252,-0.019,0,-0.323,0,0.9492,0.9674,-0.1184,0.211,0.9674,0.3333,0.3333,0.3333,0.5615,0.4197,0.0187,0.303,0.6178,0.0792,0.1677,0.6645,0.1677,0.0187,0.4197,0.5615,0.0643,0.8519,0.0839,0.1677,0.6645,0.1677,0.0511,0.5638,0.385,0.1677,0.6645,0.1677,0.9812,0.0188,5.5014e-6,1,2.7245e-12,1.9499999999999998e-30,0.0987,0.6803,0.2211,0.2884,0.6412,0.0704,1,2.2954e-10,1.4315e-26
F0156,Roller coaster,2022-12-02T09:25:57Z,0,0.5252,0.2164,0,-0.5252,0.5473,0,-0.323,0,0.8541,0.9674,-0.4482,0.2676,0.9674,0.3333,0.3333,0.3333,0.5615,0.4197,0.0187,0.303,0.6178,0.0792,0.1677,0.6645,0.1677,0.0187,0.4197,0.5615,0.5695,0.4267,0.0038,0.1677,0.6645,0.1677,0.0511,0.5638,0.385,0.1677,0.6645,0.1677,0.8831,0.1167,2e-4,1,1.0656e-10,1.4007e-26,0.0233,0.4902,0.4865,0.3138,0.649,0.0372,1,2.2857e-8,1.3516e-22
F0235,Crazy Seesaw,2022-12-02T08:27:31Z,0,0.5252,0.2164,0,-0.5252,0.2255,0,-0.323,0,0.7876,0.9674,-0.0741,0.2848,0.9674,0.3333,0.3333,0.3333,0.5615,0.4197,0.0187,0.303,0.6178,0.0792,0.1677,0.6645,0.1677,0.0187,0.4197,0.5615,0.2549,0.7233,0.0218,0.1677,0.6645,0.1677,0.0511,0.5638,0.385,0.1677,0.6645,0.1677,0.8148,0.1845,7e-4,1,6.766e-13,1.7021e-31,0.1089,0.7056,0.1855,0.3407,0.6131,0.0463,1,1.016e-8,1.5807999999999998e-21
F0358,Perfect Toss,2022-12-02T11:28:28Z,0,0.5252,0.2164,0,-0.5252,0.252,0,-0.323,0,0.9531,0.9674,-0.034,0.2848,0.9674,0.3333,0.3333,0.3333,0.5615,0.4197,0.0187,0.303,0.6178,0.0792,0.1677,0.6645,0.1677,0.0187,0.4197,0.5615,0.2845,0.6914,0.024,0.1677,0.6645,0.1677,0.0511,0.5638,0.385,0.1677,0.6645,0.1677,0.9852,0.0148,3.577e-6,1,1.8084e-11,9.7079e-28,0.1192,0.7264,0.1544,0.3407,0.6131,0.0463,1,1.6498e-6,5.211e-17
F0886,Diving Board World,2022-12-02T13:42:59Z,0,0.5252,0.2164,0,-0.5252,0.5479,0,-0.323,0,0.0493,0.9643,-0.2164,0.2848,0.9673,0.3333,0.3333,0.3333,0.5615,0.4197,0.0187,0.303,0.6178,0.0792,0.1677,0.6645,0.1677,0.0187,0.4197,0.5615,0.5701,0.4261,0.0038,0.1677,0.6645,0.1677,0.0511,0.5638,0.385,0.1677,0.6645,0.1677,0.1851,0.6807,0.1342,0.9967,0.0033,5.2161e-8,0.0792,0.6178,0.303,0.3407,0.613,0.0463,0.9999,1e-4,2.4153e-12
F1191,Perfect Toss,2022-12-02T12:50:56Z,0,0.5252,0.2164,0,-0.5252,-0.1595,0,-0.323,0,0.9674,0.9674,-0.2164,0.2848,0.9674,0.3333,0.3333,0.3333,0.5615,0.4197,0.0187,0.303,0.6178,0.0792,0.1677,0.6645,0.1677,0.0187,0.4197,0.5615,0.0243,0.7866,0.1891,0.1677,0.6645,0.1677,0.0511,0.5638,0.385,0.1677,0.6645,0.1677,0.9999,1e-4,1.5773e-11,1,1.2251e-16,1.9997e-42,0.0792,0.6178,0.303,0.3407,0.6131,0.0463,1,9.3011e-12,2.9047e-33
F1337,Stiff Curtains,2022-12-02T11:11:09Z,0,0.5252,0.2164,0,-0.5252,0.3045,0,-0.323,0,0.7224,0.9666,-0.2164,0.3664,0.9656,0.3333,0.3333,0.3333,0.5615,0.4197,0.0187,0.303,0.6178,0.0792,0.1677,0.6645,0.1677,0.0187,0.4197,0.5615,0.3276,0.6596,0.0128,0.1677,0.6645,0.1677,0.0511,0.5638,0.385,0.1677,0.6645,0.1677,0.7497,0.2473,0.003,0.9992,8e-4,2.9277e-9,0.0792,0.6178,0.303,0.4048,0.5691,0.0261,0.9982,0.0018,3.9727e-9
F1382,Stiff Curtains,2022-12-01T11:33:04Z,0,0.5252,0.2164,0,-0.5252,0.288,0,-0.323,0,0.4993,0.9674,-0.1184,0.2111,0.9662,0.3333,0.3333,0.3333,0.5615,0.4197,0.0187,0.303,0.6178,0.0792,0.1677,0.6645,0.1677,0.0187,0.4197,0.5615,0.3133,0.671,0.0157,0.1677,0.6645,0.1677,0.0511,0.5638,0.385,0.1677,0.6645,0.1677,0.5305,0.4551,0.0144,0.9999,1e-4,3.611e-12,0.0987,0.6803,0.2211,0.2886,0.6411,0.0703,0.9988,0.0012,1.5624e-9
F1405,Crazy Seesaw,2022-12-02T11:16:06Z,0,0.5252,0.2164,0,-0.5252,0.5315,0,-0.323,0,0.4371,0.9674,-0.1159,0.2848,0.9674,0.3333,0.3333,0.3333,0.5615,0.4197,0.0187,0.303,0.6178,0.0792,0.1677,0.6645,0.1677,0.0187,0.4197,0.5615,0.5541,0.4412,0.0047,0.1677,0.6645,0.1677,0.0511,0.5638,0.385,0.1677,0.6645,0.1677,0.4737,0.5044,0.0219,1,4.6693e-10,2.564e-24,0.099,0.6822,0.2188,0.3407,0.6131,0.0463,1,6.3347e-9,2.9432e-22
F1449,Need Fulcrum,2022-12-02T11:36:39Z,0,0.5252,0.2164,0,-0.5252,0.0469,0,-0.323,0,0.7895,0.9674,-0.1184,0.2848,0.9674,0.3333,0.3333,0.3333,0.5615,0.4197,0.0187,0.303,0.6178,0.0792,0.1677,0.6645,0.1677,0.0187,0.4197,0.5615,0.0999,0.8488,0.0514,0.1677,0.6645,0.1677,0.0511,0.5638,0.385,0.1677,0.6645,0.1677,0.817,0.182,0.001,1,1.0192e-6,2.4174e-18,0.0987,0.6803,0.2211,0.3407,0.6131,0.0463,1,8.9461e-7,8.1258000000000005e-19
F1450,Timing is Everything,2022-12-02T11:37:20Z,0,0.5252,0.2164,0,-0.5252,0.2542,0,-0.323,0,-0.323,0.9636,-0.2164,0.2848,0.9674,0.3333,0.3333,0.3333,0.5615,0.4197,0.0187,0.303,0.6178,0.0792,0.1677,0.6645,0.1677,0.0187,0.4197,0.5615,0.285,0.6928,0.0223,0.1677,0.6645,0.1677,0.0511,0.5638,0.385,0.1677,0.6645,0.1677,0.0511,0.5638,0.385,0.9961,0.0039,1.2794e-8,0.0792,0.6178,0.303,0.3407,0.6131,0.0463,1,0,1.1052e-15
F1528,Stiff Curtains,2022-12-02T12:30:30Z,0,0.5252,0.2164,0,-0.5252,0.5473,0,-0.323,0,0.8317,0.9674,-0.2164,0.2848,0.9674,0.3333,0.3333,0.3333,0.5615,0.4197,0.0187,0.303,0.6178,0.0792,0.1677,0.6645,0.1677,0.0187,0.4197,0.5615,0.5695,0.4267,0.0038,0.1677,0.6645,0.1677,0.0511,0.5638,0.385,0.1677,0.6645,0.1677,0.8605,0.1387,8e-4,1,1.1658e-6,6.6492e-16,0.0792,0.6178,0.303,0.3407,0.6131,0.0463,1,3.7913e-6,4.3202e-16
F1562,Can Opener,2022-12-02T12:30:25Z,0,0.5252,0.2164,0,-0.5252,-0.1448,0,-0.323,0,0.7304,0.9674,-0.2164,0.2848,0.9674,0.3333,0.3333,0.3333,0.5615,0.4197,0.0187,0.303,0.6178,0.0792,0.1677,0.6645,0.1677,0.0187,0.4197,0.5615,0.0257,0.799,0.1754,0.1677,0.6645,0.1677,0.0511,0.5638,0.385,0.1677,0.6645,0.1677,0.7578,0.2394,0.0028,1,4.1949e-7,2.8623e-18,0.0792,0.6178,0.303,0.3407,0.6131,0.0463,1,6.3795e-8,1.2048999999999999e-21
F1898,Diving Board World,2022-12-02T09:27:52Z,0,0.5252,0.2164,0,-0.5252,0.594,0,-0.323,0,0.3916,0.9674,-0.2164,0.2676,0.9674,0.3333,0.3333,0.3333,0.5615,0.4197,0.0187,0.303,0.6178,0.0792,0.1677,0.6645,0.1677,0.0187,0.4197,0.5615,0.6159,0.3821,0.002,0.1677,0.6645,0.1677,0.0511,0.5638,0.385,0.1677,0.6645,0.1677,0.4353,0.5343,0.0304,1,4.6394e-7,8.1077e-17,0.0792,0.6178,0.303,0.3138,0.649,0.0372,1,7.0881e-10,6.929500000000001e-25
F2024,Perfect Toss,2022-12-02T09:29:23Z,0,0.5252,0.2164,0,-0.5252,0.1861,0,-0.323,0,0.9121,0.9672,-0.2164,0.1085,0.7753,0.3333,0.3333,0.3333,0.5615,0.4197,0.0187,0.303,0.6178,0.0792,0.1677,0.6645,0.1677,0.0187,0.4197,0.5615,0.244,0.7044,0.0516,0.1677,0.6645,0.1677,0.0511,0.5638,0.385,0.1677,0.6645,0.1677,0.9428,0.0571,1e-4,0.9998,2e-4,1.8729e-10,0.0792,0.6178,0.303,0.2298,0.6525,0.1177,0.8016,0.1982,2e-4
F2068,Perfect Toss,2022-12-02T09:26:26Z,0,0.5252,0.2164,0,-0.5252,0.5631,0,-0.323,0,0.6733,0.9674,-0.4482,0.1136,0.9674,0.3333,0.3333,0.3333,0.5615,0.4197,0.0187,0.303,0.6178,0.0792,0.1677,0.6645,0.1677,0.0187,0.4197,0.5615,0.5852,0.4117,0.0031,0.1677,0.6645,0.1677,0.0511,0.5638,0.385,0.1677,0.6645,0.1677,0.7004,0.2952,0.0044,1,6.9411e-10,1.3689e-24,0.0233,0.4902,0.4865,0.2123,0.6929,0.0948,1,1.0021e-9,5.5943e-26
F2103,Need Fulcrum,2022-12-02T12:54:06Z,0,0.5252,0.2164,0,-0.5252,-0.1763,0,-0.323,0,0.1262,0.9674,-0.2164,0.2021,0.9674,0.3333,0.3333,0.3333,0.5615,0.4197,0.0187,0.303,0.6178,0.0792,0.1677,0.6645,0.1677,0.0187,0.4197,0.5615,0.0287,0.7603,0.211,0.1677,0.6645,0.1677,0.0511,0.5638,0.385,0.1677,0.6645,0.1677,0.2277,0.675,0.0973,0.9999,1e-4,9.2498e-13,0.0792,0.6178,0.303,0.2654,0.6781,0.0565,1,9.42e-6,2.6846e-15
F2721,Can Opener,2022-12-02T11:15:33Z,0,0.5252,0.2164,0,-0.5252,0.3577,0,-0.323,0,0.9144,0.9674,-0.4482,0.2848,0.9674,0.3333,0.3333,0.3333,0.5615,0.4197,0.0187,0.303,0.6178,0.0792,0.1677,0.6645,0.1677,0.0187,0.4197,0.5615,0.3792,0.6113,0.0095,0.1677,0.6645,0.1677,0.0511,0.5638,0.385,0.1677,0.6645,0.1677,0.9452,0.0547,0,1,5.1625e-16,5.6882e-40,0.0233,0.4902,0.4865,0.3407,0.6131,0.0463,1,3.9752e-16,1.1713e-39
F2866,Diving Board World,2022-12-02T12:46:11Z,0,0.5252,0.2164,0,-0.5252,-0.0402,0,-0.323,0,0.9649,0.9674,-0.1159,0.2848,0.9674,0.3333,0.3333,0.3333,0.5615,0.4197,0.0187,0.303,0.6178,0.0792,0.1677,0.6645,0.1677,0.0187,0.4197,0.5615,0.0596,0.8393,0.1011,0.1677,0.6645,0.1677,0.0511,0.5638,0.385,0.1677,0.6645,0.1677,0.9974,0.0026,5.1549e-8,1,6.740400000000001e-19,0,0.099,0.6822,0.2188,0.3407,0.6131,0.0463,1,9.9461e-14,1.79e-34
F2923,Can Opener,2022-12-02T11:11:46Z,0,0.5252,0.2164,0,-0.5252,0.2415,0,-0.323,0,0.856,0.9674,-0.1184,0.2848,0.9674,0.3333,0.3333,0.3333,0.5615,0.4197,0.0187,0.303,0.6178,0.0792,0.1677,0.6645,0.1677,0.0187,0.4197,0.5615,0.2679,0.7138,0.0183,0.1677,0.6645,0.1677,0.0511,0.5638,0.385,0.1677,0.6645,0.1677,0.8852,0.1145,4e-4,1,1.0452e-9,8.8923e-24,0.0987,0.6803,0.2211,0.3407,0.6131,0.0463,1,2.8181e-9,4.7554e-24
F2989,Stiff Curtains,2022-12-02T11:19:16Z,0,0.5252,0.2164,0,-0.5252,0.5631,0,-0.323,0,0.1262,0.9674,-0.2164,0.2848,0.9674,0.3333,0.3333,0.3333,0.5615,0.4197,0.0187,0.303,0.6178,0.0792,0.1677,0.6645,0.1677,0.0187,0.4197,0.5615,0.5852,0.4117,0.0031,0.1677,0.6645,0.1677,0.0511,0.5638,0.385,0.1677,0.6645,0.1677,0.2277,0.675,0.0973,1,9.565e-6,5.0484e-14,0.0792,0.6178,0.303,0.3407,0.6131,0.0463,0.9999,1e-4,2.3674e-13
F3047,Perfect Toss,2022-12-02T11:18:32Z,0,0.5252,0.2164,0,-0.5252,0.1438,0,-0.323,0,0.932,0.9674,-0.1642,0.3658,0.9674,0.3333,0.3333,0.3333,0.5615,0.4197,0.0187,0.303,0.6178,0.0792,0.1677,0.6645,0.1677,0.0187,0.4197,0.5615,0.1682,0.8122,0.0196,0.1677,0.6645,0.1677,0.0511,0.5638,0.385,0.1677,0.6645,0.1677,0.9634,0.0366,0,1,2.4955e-14,2.9135e-34,0.089,0.6523,0.2587,0.4043,0.5695,0.0262,1,3.7311e-11,8.6708e-28
F3069,Crazy Seesaw,2022-12-02T12:53:04Z,0,0.5252,0.2164,0,-0.5252,0.2875,0,-0.323,0,0.1652,0.9674,-0.4481,0.2848,0.9673,0.3333,0.3333,0.3333,0.5615,0.4197,0.0187,0.303,0.6178,0.0792,0.1677,0.6645,0.1677,0.0187,0.4197,0.5615,0.3127,0.6718,0.0155,0.1677,0.6645,0.1677,0.0511,0.5638,0.385,0.1677,0.6645,0.1677,0.2398,0.6911,0.069,0.9999,1e-4,2.3115e-12,0.0233,0.4902,0.4865,0.3407,0.613,0.0463,0.9999,1e-4,5.5041e-12
F3070,Roller coaster,2022-12-02T12:54:11Z,0,0.5252,0.2164,0,-0.5252,0.1141,0,-0.323,0,0.965,0.9674,-0.1184,0.2848,0.9674,0.3333,0.3333,0.3333,0.5615,0.4197,0.0187,0.303,0.6178,0.0792,0.1677,0.6645,0.1677,0.0187,0.4197,0.5615,0.1314,0.8552,0.0134,0.1677,0.6645,0.1677,0.0511,0.5638,0.385,0.1677,0.6645,0.1677,0.9975,0.0025,1.0731e-7,1,1.9701e-18,4.7644e-44,0.0987,0.6803,0.2211,0.3407,0.6131,0.0463,1,2.656e-17,1.3032e-43
F3126,Up in the Air,2022-12-02T08:46:54Z,0,0.5252,0.2164,0,-0.5252,0.0476,0,-0.323,0,0.5708,0.9674,-0.2164,0.2848,0.9674,0.3333,0.3333,0.3333,0.5615,0.4197,0.0187,0.303,0.6178,0.0792,0.1677,0.6645,0.1677,0.0187,0.4197,0.5615,0.1167,0.8157,0.0675,0.1677,0.6645,0.1677,0.0511,0.5638,0.385,0.1677,0.6645,0.1677,0.6007,0.3886,0.0107,1,1.1157e-7,7.5418e-19,0.0792,0.6178,0.303,0.3407,0.6131,0.0463,1,1.1591e-8,3.1722e-22
F3182,Stiff Curtains,2022-12-02T09:27:07Z,0,0.5252,0.2164,0,-0.5252,-0.3859,0,-0.323,0,0.3398,0.9673,-0.2164,0.1136,0.9674,0.3333,0.3333,0.3333,0.5615,0.4197,0.0187,0.303,0.6178,0.0792,0.1677,0.6645,0.1677,0.0187,0.4197,0.5615,0.0077,0.5856,0.4066,0.1677,0.6645,0.1677,0.0511,0.5638,0.385,0.1677,0.6645,0.1677,0.392,0.5673,0.0407,0.9999,1e-4,9.135e-12,0.0792,0.6178,0.303,0.2123,0.6929,0.0948,1,0,1.1731e-14
F3452,Stiff Curtains,2022-12-02T08:37:06Z,0,0.5252,0.2164,0,-0.5252,0.3043,0,-0.323,0,0.8602,0.9674,-0.1642,0.2848,0.9674,0.3333,0.3333,0.3333,0.5615,0.4197,0.0187,0.303,0.6178,0.0792,0.1677,0.6645,0.1677,0.0187,0.4197,0.5615,0.3274,0.6598,0.0128,0.1677,0.6645,0.1677,0.0511,0.5638,0.385,0.1677,0.6645,0.1677,0.8894,0.1103,2e-4,1,9.9067e-11,4.3231e-27,0.089,0.6523,0.2587,0.3407,0.6131,0.0463,1,1.2046e-7,1.4165e-19
F3609,Timing is Everything,2022-12-02T09:34:08Z,0,0.5252,0.2164,0,-0.5252,0.1781,0,-0.323,0,0.7184,0.9674,-0.1642,0.2848,0.9674,0.3333,0.3333,0.3333,0.5615,0.4197,0.0187,0.303,0.6178,0.0792,0.1677,0.6645,0.1677,0.0187,0.4197,0.5615,0.2077,0.7688,0.0236,0.1677,0.6645,0.1677,0.0511,0.5638,0.385,0.1677,0.6645,0.1677,0.7455,0.2516,0.0029,1,1.9841e-10,4.9048e-25,0.089,0.6523,0.2587,0.3407,0.6131,0.0463,1,3.635e-9,3.3634e-23
F3722,Around the Tree,2022-12-02T09:30:02Z,0,0.5252,0.2164,0,-0.5252,-0.1743,0,-0.323,0,0.9673,0.9674,-0.1184,0.2676,0.9674,0.3333,0.3333,0.3333,0.5615,0.4197,0.0187,0.303,0.6178,0.0792,0.1677,0.6645,0.1677,0.0187,0.4197,0.5615,0.0165,0.7868,0.1967,0.1677,0.6645,0.1677,0.0511,0.5638,0.385,0.1677,0.6645,0.1677,0.9999,1e-4,3.8935e-11,1,3.5392e-15,9.9268e-39,0.0987,0.6803,0.2211,0.3138,0.649,0.0372,1,1.8088e-7,2.889e-19
F3733,Diving Board World,2022-12-02T09:33:00Z,0,0.5252,0.2164,0,-0.5252,0.0424,0,-0.323,0,0.9674,0.9674,-0.0741,0.3658,0.9674,0.3333,0.3333,0.3333,0.5615,0.4197,0.0187,0.303,0.6178,0.0792,0.1677,0.6645,0.1677,0.0187,0.4197,0.5615,0.0779,0.888,0.0341,0.1677,0.6645,0.1677,0.0511,0.5638,0.385,0.1677,0.6645,0.1677,1,0,4.4386e-13,1,2.9921e-31,0,0.1089,0.7056,0.1855,0.4043,0.5695,0.0262,1,7.331899999999999e-22,0
F3755,Stiff Curtains,2022-12-02T10:21:49Z,0,0.5252,0.2164,0,-0.5252,0.0764,0,-0.323,0,0.1271,0.9575,-0.2164,0.2849,0.9671,0.3333,0.3333,0.3333,0.5615,0.4197,0.0187,0.303,0.6178,0.0792,0.1677,0.6645,0.1677,0.0187,0.4197,0.5615,0.128,0.8229,0.0491,0.1677,0.6645,0.1677,0.0511,0.5638,0.385,0.1677,0.6645,0.1677,0.2284,0.6746,0.097,0.9897,0.0103,4.8771e-7,0.0792,0.6178,0.303,0.3407,0.613,0.0463,0.9997,3e-4,5.3634e-11
F3801,Up in the Air,2022-12-02T09:34:25Z,0,0.5252,0.2164,0,-0.5252,-0.5786,0,-0.323,0,0.9652,0.9674,-0.1184,0.2848,0.9674,0.3333,0.3333,0.3333,0.5615,0.4197,0.0187,0.303,0.6178,0.0792,0.1677,0.6645,0.1677,0.0187,0.4197,0.5615,0.0021,0.3978,0.6001,0.1677,0.6645,0.1677,0.0511,0.5638,0.385,0.1677,0.6645,0.1677,0.9977,0.0023,2.4186e-8,1,1.3807e-17,8.4078e-45,0.0987,0.6803,0.2211,0.3407,0.6131,0.0463,1,3.2511e-10,1.4881e-27
