"","Duration (in seconds)","RecordedDate","ID","Age","Sex","Ethnicity_1","Ethnicity_4","Ethnicity_5","Ethnicity_6","Ethnicity_7","Ethnicity_8","Ethnicity_9","Ethnicity_10","Ethnicity_9_TEXT","Gaming","Physics","A-NQ1","A-NQ2","A-NQ3","A-NQ4","A-NQ5","A-NQ6","A-NQ7","A-NQ8","A-NQ9","A-NQ10","A-NQ11","A-NQ12","A-NQ13","A-NQ14","A-FQ1","A-FQ2","A-FQ3","A-FQ4","A-FQ5","A-FQ6","A-FQ7","A-FQ8","A-FQ9","AFQ10","A-FQ11","A-FQ12","A-FQ13","A-FQ14","SC0","FL_5_DO_NearQ1EcTLever1","FL_5_DO_NearQ2EcT-Lever2","FL_5_DO_NearQ3EcT-Pendulum1","FL_5_DO_NearQ4EcT-Pendulum2","FL_5_DO_NearQ5EcT-Ramp1","FL_5_DO_NearQ6EcT-Ramp2","FL_5_DO_NearQ7EcT-Springboard1","FL_5_DO_NearQ8EcT-Springboard2","FL_5_DO_NearQ9PoTLever-Distance1","FL_5_DO_NearQ10PoT-Lever-Distance2","FL_5_DO_NearQ11PoT-Lever-Mass1","FL_5_DO_NearQ12PoT-Lever-Mass2","FL_5_DO_NearQ13PoT-Springboard1","FL_5_DO_NearQ14PoT-Springboard2","FL_5_DO_FarQ1EcT-Lever1","FL_5_DO_FarQ2EcT-Lever2","FL_5_DO_FarQ3EcT-Pendulum1","FL_5_DO_FarQ4EcT-Pendulum2","FL_5_DO_FarQ5EcT-Ramp1","FL_5_DO_FarQ6EcT-Ramp2","FL_5_DO_FarQ7EcT-Springboard1","FL_5_DO_FarQ8EcT-Springboard2","FL_5_DO_FarQ9PoT-Lever-Distance","FL_5_DO_FarQ10PoT-Lever-Distance2","FL_5_DO_FarQ11PoT-Lever-Mass","FL_5_DO_FarQ12PoT-Lever-Mass2","FL_5_DO_FarQ13PoT-Springboard1","FL_5_DO_FarQ14PoT-Springboard2","Finished","NQcount","FQcount","FL5","ValidResponse","TotalReponses","StudyID","Score-A-NQ1","Score-A-NQ2","Score-A-NQ3","Score-A-NQ4","Score-A-NQ5","Score-A-NQ6","Score-A-NQ7","Score-A-NQ8","Score-A-NQ9","Score-A-NQ10","Score-A-NQ11","Score-A-NQ12","Score-A-NQ13","Score-A-NQ14","Score-A-FQ1","Score-A-FQ2","Score-A-FQ3","Score-A-FQ4","Score-A-FQ5","Score-A-FQ6","Score-A-FQ7","Score-A-FQ8","Score-A-FQ9","Score-AFQ10","Score-A-FQ11","Score-A-FQ12","Score-A-FQ13","Score-A-FQ14","Score-NearECT","Score-NearPOT","Score-FarECT","Score-FarPOT"
"1",660,2022-11-28 13:24:13,"D3317","12",1,NA,NA,NA,NA,NA,1,1,NA,"Part Hawaiian",2,1,1,1,4,2,3,1,2,1,2,1,2,2,2,2,1,3,3,3,2,3,1,2,1,2,1,1,2,3,17,16,7,18,12,25,13,2,10,6,23,9,14,5,26,3,19,15,8,17,1,11,28,27,4,21,24,20,22,TRUE,14,13,28,TRUE,55,"D3317",1,0,0,1,0,0,0,0,1,0,1,1,0,0,1,0,1,0,0,1,0,0,0,0,1,1,1,0,2,3,3,3
"2",905,2022-11-28 13:25:38,"C3115","13",1,NA,NA,NA,NA,NA,1,NA,NA,NA,4,2,1,2,3,1,3,4,2,1,2,1,4,2,2,2,1,3,1,3,2,2,1,2,3,2,1,1,2,2,19,16,21,7,19,17,6,23,28,20,9,22,14,18,1,27,4,8,5,13,11,15,25,3,10,24,2,12,26,TRUE,14,13,28,TRUE,55,"C3115",1,1,0,0,0,0,0,0,1,0,0,1,0,0,1,0,0,0,0,0,0,0,0,0,1,1,1,0,2,2,1,3
"3",757,2022-11-28 13:25:41,"E3384","13 years old",1,NA,1,NA,NA,NA,NA,NA,NA,NA,3,1,1,4,3,1,3,1,2,2,4,4,3,2,3,1,1,3,1,4,2,3,1,3,1,3,4,4,4,2,10,21,26,5,19,2,24,4,13,14,12,7,23,1,11,3,18,16,22,17,9,6,27,28,25,20,8,10,15,TRUE,14,13,28,TRUE,55,"E3384",1,0,0,0,0,0,0,0,0,0,0,1,1,0,1,0,0,0,0,1,0,1,0,0,0,0,0,0,1,2,3,0
"4",632,2022-11-28 13:25:47,"C3148","12",1,NA,1,NA,NA,NA,1,NA,NA,NA,4,1,1,2,1,1,3,2,2,1,2,2,2,3,4,2,1,3,1,4,2,3,1,3,2,2,1,3,3,1,18,9,23,27,21,12,26,11,17,10,25,4,22,3,2,8,1,24,28,5,18,6,20,19,13,15,7,14,16,TRUE,14,13,28,TRUE,55,"C3148",1,1,1,0,0,0,0,0,1,0,1,0,0,0,1,0,0,0,0,1,0,1,0,0,1,0,0,1,3,2,3,2
"5",748,2022-11-28 13:26:43,"A3294","12",1,NA,NA,NA,NA,NA,1,NA,NA,NA,5,1,1,2,2,1,1,1,2,1,1,3,2,2,2,2,1,3,3,3,2,2,1,2,3,2,2,3,3,2,22,10,14,3,7,5,13,17,15,23,9,22,11,24,21,28,26,2,1,8,25,19,16,20,27,6,18,4,12,TRUE,14,13,28,TRUE,55,"A3294",1,1,0,0,1,0,0,0,0,1,1,1,0,0,1,0,1,0,0,0,0,0,0,0,0,0,0,0,3,3,2,0
"6",564,2022-11-28 13:26:51,"E0224","13",1,NA,1,NA,NA,NA,NA,NA,NA,NA,4,1,3,2,2,1,1,2,4,1,2,1,2,1,2,2,4,3,2,2,2,1,2,2,2,2,3,3,3,1,16,21,1,7,2,11,19,25,12,20,22,10,16,24,23,6,8,5,26,13,14,28,15,18,4,17,3,9,27,TRUE,14,13,28,TRUE,55,"E0224",0,1,0,0,1,0,0,0,1,0,1,0,0,0,0,0,0,1,0,0,0,0,0,0,0,0,0,1,2,2,1,1
"7",782,2022-11-28 13:26:56,"B3283","12",2,NA,NA,1,NA,NA,NA,NA,NA,NA,4,1,1,1,3,2,3,2,3,4,2,3,2,2,4,1,1,3,3,4,2,2,2,3,2,1,2,2,3,2,14,25,2,4,28,16,9,3,27,7,17,15,8,1,13,6,11,22,23,5,10,12,26,24,20,19,21,14,18,TRUE,14,13,28,TRUE,55,"B3283",1,0,0,1,0,0,0,0,1,1,1,1,0,0,1,0,1,0,0,0,0,1,0,1,0,0,0,0,2,4,3,1
"8",819,2022-11-28 13:27:49,"D3418","13",1,NA,NA,NA,NA,NA,1,NA,NA,NA,5,1,1,3,3,2,3,3,2,1,4,3,2,2,2,2,1,3,3,2,2,4,3,2,2,1,4,3,3,2,20,24,11,6,22,13,20,21,17,2,23,27,4,25,16,15,28,8,26,3,19,7,1,10,14,9,12,5,18,TRUE,14,13,28,TRUE,55,"D3418",1,0,0,1,0,1,0,0,0,1,1,1,0,0,1,0,1,1,0,0,0,0,0,1,0,0,0,0,3,3,3,1
"9",889,2022-11-28 13:28:08,"F3452","12",2,NA,NA,NA,NA,NA,1,NA,NA,NA,3,1,1,2,1,3,1,1,1,4,2,1,2,2,1,2,3,3,2,3,1,2,1,2,1,2,3,2,3,2,13,24,6,12,25,10,5,3,23,9,27,16,17,15,1,8,11,26,7,13,18,21,14,4,28,20,2,19,22,TRUE,14,13,28,TRUE,55,"F3452",1,1,1,0,1,0,1,0,1,0,1,1,0,0,0,0,0,0,1,0,0,0,0,0,0,0,0,0,5,3,1,0
"10",1036,2022-11-28 13:28:26,"A3351","12",2,NA,1,NA,NA,NA,1,NA,NA,NA,2,1,1,4,1,1,4,4,2,3,2,3,2,2,1,2,3,3,3,3,2,2,4,4,3,2,1,3,3,2,17,22,18,20,4,2,7,3,27,28,13,26,17,10,9,5,25,6,14,8,1,23,16,19,11,21,15,24,12,TRUE,14,13,28,TRUE,55,"A3351",1,0,1,0,0,0,0,1,1,1,1,1,0,0,0,0,1,0,0,0,1,0,0,0,1,0,0,0,3,4,2,1
"11",857,2022-11-28 13:28:40,"E3463","12",2,NA,NA,1,NA,NA,NA,NA,NA,NA,1,1,1,1,2,1,3,1,2,3,3,4,1,2,2,3,2,3,2,4,2,4,1,2,2,1,2,4,3,2,14,21,13,3,17,18,2,9,10,5,27,1,19,24,22,4,25,14,6,20,8,28,26,11,7,12,15,23,16,TRUE,14,13,28,TRUE,55,"E3463",1,0,0,0,0,0,0,1,0,0,0,1,0,1,0,0,0,0,0,0,0,0,0,1,0,0,0,0,2,2,0,1
"12",771,2022-11-28 13:29:21,"C0066","14",2,NA,NA,NA,NA,NA,1,NA,NA,NA,1,1,1,4,4,1,3,1,4,1,2,3,2,2,2,2,1,3,1,4,2,2,2,2,2,2,1,3,3,2,21,11,19,5,6,22,16,20,9,10,13,27,23,3,7,2,28,12,4,25,24,26,21,1,15,17,8,14,18,TRUE,14,13,28,TRUE,55,"C0066",1,0,0,0,0,0,0,0,1,1,1,1,0,0,1,0,0,0,0,0,0,0,0,0,1,0,0,0,1,4,1,1
"13",856,2022-11-28 13:29:39,"A3339","12",1,NA,NA,NA,NA,NA,1,NA,NA,NA,2,1,1,2,4,3,1,1,2,1,2,2,4,2,2,2,2,3,1,4,2,1,1,2,1,2,1,2,3,2,16,21,13,15,3,9,4,24,20,2,7,5,19,28,17,12,11,18,1,26,25,10,23,22,27,14,16,8,6,TRUE,14,13,28,TRUE,55,"A3339",1,1,0,0,1,0,0,0,1,0,0,1,0,0,0,0,0,0,0,0,0,0,0,0,1,0,0,0,3,2,0,1
"14",943,2022-11-28 13:29:48,"A3430","12",1,NA,NA,NA,NA,NA,1,NA,NA,NA,5,2,1,2,2,1,3,2,2,1,2,1,4,2,2,2,1,3,3,4,2,1,1,1,2,2,1,1,3,2,21,18,9,4,14,12,16,22,17,15,11,21,24,10,28,25,2,13,5,6,23,7,1,8,19,26,3,27,20,TRUE,14,13,28,TRUE,55,"A3430",1,1,0,0,0,0,0,0,1,0,0,1,0,0,1,0,1,0,0,0,0,0,0,0,1,1,0,0,2,2,2,2
"15",807,2022-11-28 13:30:00,"B0055","14",2,NA,NA,1,NA,NA,NA,NA,NA,NA,1,1,1,2,2,1,3,2,2,1,2,3,1,2,2,1,1,3,3,3,2,3,2,3,3,2,3,2,3,2,18,27,23,1,25,18,13,3,5,2,15,19,17,14,21,20,12,26,11,28,24,9,16,22,6,7,10,4,8,TRUE,14,13,28,TRUE,55,"B0055",1,1,0,0,0,0,0,0,1,1,0,1,0,0,1,0,1,0,0,1,0,1,0,0,0,0,0,0,2,3,4,0
"16",813,2022-11-28 13:30:13,"E0549","13",1,NA,NA,NA,NA,NA,1,NA,NA,NA,4,1,1,2,2,1,3,1,2,1,2,3,4,2,1,2,1,2,3,4,2,1,1,2,2,2,4,3,3,2,21,18,16,28,14,15,20,7,13,25,1,12,9,23,3,10,17,11,5,2,22,19,8,26,4,6,27,24,21,TRUE,14,13,28,TRUE,55,"E0549",1,1,0,0,0,0,0,0,1,1,0,1,0,0,1,1,1,0,0,0,0,0,0,0,0,0,0,0,2,3,3,0
"17",1059,2022-11-28 13:30:51,"C3104","13",1,NA,NA,NA,NA,NA,1,NA,NA,NA,4,1,1,1,2,3,3,1,2,1,1,1,2,3,2,2,1,3,2,4,2,4,1,2,2,2,1,3,3,2,19,14,18,6,5,12,13,22,9,21,4,1,10,27,19,28,17,15,11,20,16,24,2,25,26,3,23,7,8,TRUE,14,13,28,TRUE,55,"C3104",1,0,0,0,0,0,0,0,0,0,1,0,0,0,1,0,0,0,0,0,0,0,0,0,1,0,0,0,1,1,1,1
"18",959,2022-11-28 13:31:18,"E3373","12",2,NA,NA,NA,NA,NA,1,NA,NA,NA,2,1,1,2,4,1,3,2,2,1,2,3,4,2,4,4,1,3,2,3,2,3,1,1,3,3,1,3,3,1,16,6,8,13,25,12,18,2,3,7,14,9,24,16,10,15,17,5,20,26,19,21,28,4,1,22,11,23,27,TRUE,14,13,28,TRUE,55,"E3373",1,1,0,0,0,0,0,0,1,1,0,1,0,0,1,0,0,0,0,1,0,0,0,0,1,0,0,1,2,3,2,2
"19",903,2022-11-28 13:31:23,"E0550","13",2,NA,NA,1,NA,NA,NA,NA,NA,NA,1,1,1,2,2,1,3,1,2,1,2,3,2,2,2,2,1,2,3,3,2,2,1,2,2,2,1,2,3,1,23,14,12,21,17,25,23,26,1,28,8,2,5,20,24,16,4,7,19,27,6,15,9,10,11,18,13,22,3,TRUE,14,13,28,TRUE,55,"E0550",1,1,0,0,0,0,0,0,1,1,1,1,0,0,1,1,1,0,0,0,0,0,0,0,1,0,0,1,2,4,3,2
"20",1143,2022-11-28 13:32:13,"C3429","13",1,NA,NA,NA,NA,NA,1,NA,NA,NA,4,1,1,2,1,1,3,4,2,1,2,3,4,2,2,2,1,3,3,3,2,3,1,2,2,2,1,4,3,2,22,12,25,15,13,20,1,19,9,5,26,10,4,2,6,17,27,18,8,16,11,21,28,3,24,22,7,14,23,TRUE,14,13,28,TRUE,55,"C3429",1,1,1,0,0,0,0,0,1,1,0,1,0,0,1,0,1,0,0,1,0,0,0,0,1,0,0,0,3,3,3,1
"21",850,2022-11-28 13:32:13,"B0190","13",1,NA,NA,1,NA,NA,1,NA,NA,NA,4,1,2,1,2,2,3,2,2,3,2,3,1,2,2,2,1,3,3,4,2,2,1,2,3,2,2,2,3,2,18,21,8,3,1,14,19,10,11,22,5,28,12,23,24,2,4,15,27,9,16,17,18,26,6,7,13,20,25,TRUE,14,13,28,TRUE,55,"B0190",0,0,0,1,0,0,0,1,1,1,0,1,0,0,1,0,1,0,0,0,0,0,0,0,0,0,0,0,2,3,2,0
"22",1074,2022-11-28 13:32:37,"B3340","12",2,NA,NA,NA,NA,NA,1,NA,NA,NA,2,1,1,1,1,1,3,4,3,1,2,3,4,2,2,2,1,3,3,2,2,2,1,2,2,2,4,2,3,2,21,23,8,2,19,15,24,6,4,12,11,3,26,21,9,16,1,25,22,10,27,14,20,5,28,17,13,7,18,TRUE,14,13,28,TRUE,55,"B3340",1,0,1,0,0,0,0,0,1,1,0,1,0,0,1,0,1,1,0,0,0,0,0,0,0,0,0,0,2,3,3,0
"23",1277,2022-11-28 13:33:23,"A3328","12",2,NA,NA,1,NA,NA,1,NA,NA,NA,4,1,1,2,2,1,4,1,2,1,2,1,2,2,2,4,2,3,3,3,2,4,1,2,2,2,2,2,3,3,18,23,18,22,1,3,27,13,6,21,8,19,17,12,7,4,15,14,16,24,9,11,5,28,2,25,26,10,20,TRUE,14,13,28,TRUE,55,"A3328",1,1,0,0,0,0,0,0,1,0,1,1,0,0,0,0,1,0,0,0,0,0,0,0,0,0,0,0,2,3,1,0
"24",973,2022-11-28 13:33:33,"D0213","13",1,NA,NA,NA,NA,NA,1,NA,NA,NA,4,2,1,2,2,1,3,2,2,1,2,3,2,2,2,4,1,3,1,2,2,2,1,2,2,2,2,1,3,1,22,19,18,15,10,26,12,11,24,14,23,6,3,22,7,13,4,9,2,21,25,5,20,27,1,16,17,28,8,TRUE,14,13,28,TRUE,55,"D0213",1,1,0,0,0,0,0,0,1,1,1,1,0,0,1,0,0,1,0,0,0,0,0,0,0,1,0,1,2,4,2,2
"25",1086,2022-11-28 13:33:47,"A0189","12",1,NA,NA,NA,NA,NA,1,NA,NA,NA,4,1,1,2,2,1,3,3,2,1,2,3,2,2,1,2,1,4,3,4,2,1,2,2,3,2,3,3,3,2,21,8,26,16,4,23,13,11,20,21,10,28,2,19,12,15,7,6,27,5,18,14,1,9,17,25,3,24,22,TRUE,14,13,28,TRUE,55,"A0189",1,1,0,0,0,1,0,0,1,1,1,1,0,0,1,0,1,0,0,0,0,0,0,0,0,0,0,0,3,4,2,0
"26",1105,2022-11-28 13:34:51,"F0044","13",1,NA,NA,NA,NA,NA,1,NA,NA,NA,4,1,1,1,2,1,3,2,2,1,2,3,2,2,2,2,1,2,3,2,2,2,1,2,2,2,1,3,3,1,24,23,1,15,12,6,28,24,19,16,18,7,17,20,26,27,25,8,9,2,13,4,3,11,5,14,10,22,21,TRUE,14,13,28,TRUE,55,"F0044",1,0,0,0,0,0,0,0,1,1,1,1,0,0,1,1,1,1,0,0,0,0,0,0,1,0,0,1,1,4,4,2
"27",1111,2022-11-28 13:35:01,"C0022","13",2,NA,NA,NA,1,NA,1,NA,NA,NA,3,1,1,2,4,1,3,1,3,1,1,3,2,2,2,2,2,3,2,2,2,2,1,3,1,2,4,2,3,1,17,21,27,15,11,7,22,3,23,10,18,14,24,16,13,4,6,8,9,25,26,1,17,20,5,2,19,12,28,TRUE,14,13,28,TRUE,55,"C0022",1,1,0,0,0,0,0,0,0,1,1,1,0,0,0,0,0,1,0,0,0,1,0,0,0,0,0,1,2,3,2,1
"28",1159,2022-11-28 13:36:02,"F0235","13",2,NA,NA,NA,NA,NA,1,NA,NA,NA,5,1,1,2,3,1,3,1,2,1,2,3,2,2,2,2,1,3,3,3,2,2,1,2,2,2,1,2,3,2,24,12,11,3,27,6,8,5,1,14,7,28,26,19,16,20,9,17,22,4,21,10,2,23,13,25,15,18,24,TRUE,14,13,28,TRUE,55,"F0235",1,1,0,0,0,0,0,0,1,1,1,1,0,0,1,0,1,0,0,0,0,0,0,0,1,0,0,0,2,4,2,1
"29",1196,2022-11-28 13:36:37,"A0202","13",2,NA,NA,NA,NA,NA,1,NA,NA,NA,4,2,1,2,2,1,3,3,2,1,2,3,2,2,2,2,2,4,1,4,2,3,2,2,3,2,1,3,3,2,21,16,4,18,15,28,13,27,26,5,17,23,20,14,11,22,21,7,3,12,6,19,25,2,10,9,1,8,24,TRUE,14,13,28,TRUE,55,"A0202",1,1,0,0,0,1,0,0,1,1,1,1,0,0,0,0,0,0,0,1,0,0,0,0,1,0,0,0,3,4,1,1
"30",1294,2022-11-28 13:36:39,"D3137","12",1,NA,NA,NA,NA,NA,1,NA,NA,NA,5,1,1,4,3,4,3,1,3,1,3,2,1,2,2,4,1,3,2,4,2,3,2,2,4,3,4,3,4,1,10,13,17,6,21,26,20,19,9,16,22,11,14,23,28,5,27,4,3,18,1,15,7,8,25,10,12,24,2,TRUE,14,13,28,TRUE,55,"D3137",1,0,0,0,0,0,0,0,0,0,0,1,0,0,1,0,0,0,0,1,0,0,1,0,0,0,0,1,1,1,2,2
"31",1224,2022-11-28 13:36:53,"B0088","14",2,NA,NA,NA,NA,NA,1,NA,NA,NA,2,1,1,2,3,2,4,2,3,3,4,3,2,2,1,2,2,4,3,1,2,2,4,2,1,4,3,2,3,1,11,16,8,4,21,26,17,27,13,22,5,7,19,9,10,1,12,3,6,14,24,23,18,28,25,20,15,11,2,TRUE,14,13,28,TRUE,55,"B0088",1,1,0,1,0,0,0,1,0,1,1,1,0,0,0,0,1,0,0,0,1,0,0,0,0,0,0,1,4,3,2,1
"32",1324,2022-11-28 13:38:43,"A0011","14",2,NA,NA,NA,NA,NA,1,NA,NA,NA,3,1,1,4,3,3,3,2,2,1,2,1,4,2,2,2,2,3,3,3,2,3,1,2,1,1,2,2,3,2,15,11,14,3,9,26,25,19,4,21,1,10,2,24,5,15,28,17,13,7,20,23,6,27,16,22,18,12,8,TRUE,14,13,28,TRUE,55,"A0011",1,0,0,0,0,0,0,0,1,0,0,1,0,0,0,0,1,0,0,1,0,0,0,1,0,0,0,0,1,2,2,1
"33",1554,2022-11-28 13:39:38,"F3126","12",2,NA,NA,NA,NA,NA,1,NA,NA,NA,2,1,1,2,2,2,3,1,2,1,2,3,2,4,1,2,1,4,2,3,2,3,1,2,2,2,1,3,3,2,20,9,6,19,27,11,22,13,3,20,4,5,15,8,21,14,26,25,28,12,7,10,18,23,17,2,1,16,24,TRUE,14,13,28,TRUE,55,"F3126",1,1,0,1,0,0,0,0,1,1,1,0,0,0,1,0,0,0,0,1,0,0,0,0,1,0,0,0,3,3,2,1
"34",1446,2022-11-28 13:40:47,"D0077","12",1,NA,1,NA,NA,NA,1,NA,NA,NA,4,1,1,2,2,1,3,1,2,1,2,1,2,2,2,2,1,3,3,3,2,2,1,2,1,2,4,3,3,2,23,26,15,5,27,24,20,1,25,14,7,2,19,4,21,11,9,16,3,6,12,22,8,28,13,10,17,23,18,TRUE,14,13,28,TRUE,55,"D0077",1,1,0,0,0,0,0,0,1,0,1,1,0,0,1,0,1,0,0,0,0,0,0,0,0,0,0,0,2,3,2,0
"35",2358,2022-11-28 13:55:02,"B3362","12 years old",2,NA,NA,1,NA,NA,NA,NA,NA,NA,2,1,2,2,2,4,4,2,4,3,2,2,2,2,1,2,4,3,3,2,2,4,1,2,3,2,2,2,2,2,14,25,15,26,8,4,21,7,16,22,14,9,23,10,5,27,3,18,19,20,11,1,17,13,2,24,28,12,6,TRUE,14,13,28,TRUE,55,"B3362",0,1,0,0,0,0,0,1,1,0,1,1,0,0,0,0,1,1,0,0,0,0,0,0,0,0,1,0,2,3,2,1
"36",722,2022-11-28 14:18:32,"A3799","12",2,NA,NA,1,NA,NA,NA,NA,NA,NA,5,2,1,2,2,3,1,1,3,4,2,3,4,2,2,2,2,3,3,4,2,1,3,3,2,1,2,3,3,3,14,6,15,28,13,9,17,20,18,24,21,8,23,5,11,19,7,22,2,25,16,4,10,26,14,12,1,3,27,TRUE,14,13,28,TRUE,55,"A3799",1,1,0,0,1,0,0,0,1,1,0,1,0,0,0,0,1,0,0,0,0,1,0,1,0,0,0,0,3,3,2,1
"37",765,2022-11-28 14:21:19,"A0527","14",1,NA,NA,NA,NA,NA,1,NA,NA,NA,4,1,1,2,1,1,2,2,2,2,2,1,2,2,1,2,3,3,2,3,2,2,1,2,3,2,3,2,3,2,16,9,3,4,10,6,8,28,18,5,7,23,26,19,16,11,17,1,25,22,21,2,20,15,27,24,12,14,13,TRUE,14,13,28,TRUE,55,"A0527",1,1,1,0,0,0,0,0,1,0,1,1,0,0,0,0,0,0,0,0,0,0,0,0,0,0,0,0,3,3,0,0
"38",712,2022-11-28 14:22:16,"E0505","13",2,NA,NA,NA,NA,NA,1,NA,NA,NA,5,1,1,2,1,2,3,1,4,1,2,3,4,2,2,2,1,3,2,4,2,3,1,2,2,2,1,1,3,2,19,25,4,27,11,28,9,5,17,3,23,20,24,18,7,15,6,1,2,16,10,8,14,13,19,21,22,26,12,TRUE,14,13,28,TRUE,55,"E0505",1,1,1,1,0,0,0,0,1,1,0,1,0,0,1,0,0,0,0,1,0,0,0,0,1,1,0,0,4,3,2,2
"39",716,2022-11-28 14:22:44,"F0101","13",2,NA,NA,1,NA,NA,NA,NA,NA,NA,4,1,3,2,2,2,3,4,2,1,2,3,3,2,1,2,1,3,3,4,2,3,1,2,3,2,1,3,3,2,20,20,7,17,23,22,9,1,2,12,16,25,3,10,21,14,6,13,11,5,8,26,27,24,28,18,4,15,19,TRUE,14,13,28,TRUE,55,"F0101",0,1,0,1,0,0,0,0,1,1,0,1,0,0,1,0,1,0,0,1,0,0,0,0,1,0,0,0,2,3,3,1
"40",800,2022-11-28 14:22:45,"F3722","12",1,NA,NA,NA,NA,NA,1,NA,NA,NA,5,1,3,2,2,1,3,1,2,1,1,1,2,2,2,2,2,3,2,3,2,1,1,2,3,2,1,2,3,2,18,5,10,26,3,4,12,8,6,22,1,28,13,27,21,24,20,15,16,17,7,14,25,2,18,11,9,23,19,TRUE,14,13,28,TRUE,55,"F3722",0,1,0,0,0,0,0,0,0,0,1,1,0,0,0,0,0,0,0,0,0,0,0,0,1,0,0,0,1,2,0,1
"41",1120,2022-11-28 14:23:47,"C3395","12",1,NA,NA,NA,NA,NA,1,NA,NA,NA,5,1,3,4,2,1,3,1,4,1,1,3,2,2,4,2,1,2,3,4,2,3,4,4,3,2,4,1,3,4,13,28,15,10,8,12,24,1,9,14,21,26,16,5,20,17,6,13,25,4,7,23,19,2,3,27,22,11,18,TRUE,14,13,28,TRUE,55,"C3395",0,0,0,0,0,0,0,0,0,1,1,1,0,0,1,1,1,0,0,1,1,0,0,0,0,1,0,0,0,3,5,1
"42",926,2022-11-28 14:24:10,"A1360","12",2,NA,NA,NA,1,NA,1,NA,NA,NA,2,1,1,2,2,1,1,3,2,1,1,3,2,2,4,2,2,3,2,3,3,1,1,2,2,3,1,3,3,2,19,24,2,1,14,26,3,22,5,25,11,9,19,23,17,18,20,15,16,6,28,10,13,4,7,12,27,8,21,TRUE,14,13,28,TRUE,55,"A1360",1,1,0,0,1,1,0,0,0,1,1,1,0,0,0,0,0,0,0,0,0,0,0,0,1,0,0,0,4,3,0,1
"43",986,2022-11-28 14:25:07,"F0156","13",1,NA,NA,NA,NA,NA,1,NA,NA,NA,5,2,1,1,4,4,3,4,3,1,2,1,4,2,4,2,2,3,2,3,2,4,3,2,4,2,4,2,3,4,11,23,20,14,11,9,7,27,3,6,21,4,8,19,13,1,15,22,16,28,24,2,18,5,10,12,17,25,26,TRUE,14,13,28,TRUE,55,"F0156",1,0,0,0,0,0,0,0,1,0,0,1,0,0,0,0,0,0,0,0,0,0,1,0,0,0,0,0,1,2,0,1
"44",1081,2022-11-28 14:25:07,"C3586","12",2,NA,NA,1,NA,NA,NA,NA,NA,NA,2,1,1,2,4,1,1,1,2,1,2,1,2,2,4,2,2,3,2,3,1,1,1,3,3,2,2,2,4,1,12,27,22,25,7,8,24,9,10,13,6,15,4,1,18,12,23,20,19,5,11,14,28,21,3,16,17,2,26,TRUE,14,13,28,TRUE,55,"C3586",1,1,0,0,1,0,0,0,1,0,1,1,0,0,0,0,0,0,1,0,0,1,0,0,0,0,0,1,3,3,2,1
"45",1064,2022-11-28 14:25:58,"B3744","12",1,NA,NA,1,NA,NA,NA,NA,NA,NA,4,1,1,2,2,1,3,2,2,1,2,3,2,2,2,2,4,1,3,3,2,4,1,2,3,1,1,3,3,2,21,11,7,8,19,28,27,6,21,4,16,24,14,9,18,3,22,26,20,5,2,15,17,1,23,25,12,13,10,TRUE,14,13,28,TRUE,55,"B3744",1,1,0,0,0,0,0,0,1,1,1,1,0,0,0,0,1,0,0,0,0,0,0,1,1,0,0,0,2,4,1,2
"46",1200,2022-11-28 14:26:02,"E3632","12",2,NA,1,NA,NA,NA,1,NA,NA,NA,3,1,1,1,2,1,3,1,2,1,2,2,2,2,2,2,1,3,3,4,2,1,1,2,2,2,1,3,3,1,22,11,27,15,1,16,21,24,22,7,13,28,23,20,25,12,9,5,8,4,2,19,3,26,6,17,14,10,18,TRUE,14,13,28,TRUE,55,"E3632",1,0,0,0,0,0,0,0,1,0,1,1,0,0,1,0,1,0,0,0,0,0,0,0,1,0,0,1,1,3,2,2
"47",929,2022-11-28 14:26:07,"F0123","13",2,NA,NA,NA,NA,NA,1,NA,NA,NA,1,1,1,2,2,1,3,3,2,1,2,3,4,2,2,1,1,3,1,4,2,3,1,2,1,2,1,3,3,2,22,16,5,2,14,19,17,20,23,21,25,18,26,15,8,10,12,1,28,13,7,24,11,6,3,27,4,22,9,TRUE,14,13,28,TRUE,55,"F0123",1,1,0,0,0,1,0,0,1,1,0,1,0,0,1,0,0,0,0,1,0,0,0,0,1,0,0,0,3,3,2,1
"48",934,2022-11-28 14:26:09,"A0112","14",2,NA,NA,NA,NA,NA,1,NA,NA,NA,3,1,1,2,2,1,3,2,2,1,2,3,1,2,2,2,1,2,3,4,2,1,1,2,3,2,2,1,3,2,20,18,22,6,1,24,12,27,26,9,2,23,17,14,28,20,10,25,7,13,16,11,15,5,21,3,8,19,4,TRUE,14,13,28,TRUE,55,"A0112",1,1,0,0,0,0,0,0,1,1,0,1,0,0,1,1,1,0,0,0,0,0,0,0,0,1,0,0,2,3,3,1
"49",1031,2022-11-28 14:26:19,"A0246","13",1,NA,NA,1,NA,NA,1,NA,NA,NA,5,1,1,2,3,1,2,3,2,1,3,4,2,2,3,2,1,3,2,4,1,1,4,2,1,2,1,2,3,1,15,14,6,15,26,18,21,1,12,17,23,25,4,10,13,8,7,24,3,28,20,11,5,16,9,2,27,22,19,TRUE,14,13,28,TRUE,55,"A0246",1,1,0,0,0,1,0,0,0,0,1,1,1,0,1,0,0,0,1,0,1,0,0,0,1,0,0,1,3,3,3,2
"50",1196,2022-11-28 14:26:30,"F3733","12",1,NA,NA,NA,NA,NA,1,NA,NA,NA,4,1,1,2,3,1,3,3,4,4,2,3,2,2,2,2,1,3,2,3,2,1,3,3,1,2,2,3,3,2,18,26,28,14,22,17,5,19,3,23,27,25,4,10,2,9,18,12,16,7,15,21,24,1,11,6,13,20,8,TRUE,14,13,28,TRUE,55,"F3733",1,1,0,0,0,1,0,0,1,1,1,1,0,0,1,0,0,0,0,0,0,1,0,0,0,0,0,0,3,4,2,0
"51",1225,2022-11-28 14:26:46,"E3610","12",2,NA,NA,1,NA,NA,NA,NA,NA,NA,3,2,1,2,3,1,3,1,1,1,1,3,2,2,1,3,2,3,2,3,2,2,1,2,2,2,2,3,3,1,17,1,6,5,28,19,10,21,16,14,8,18,3,15,17,12,22,26,9,4,2,7,20,13,27,23,24,11,25,TRUE,14,13,28,TRUE,55,"E3610",1,1,0,0,0,0,1,0,0,1,1,1,0,1,0,0,0,0,0,0,0,0,0,0,0,0,0,1,3,4,0,1
"52",1088,2022-11-28 14:27:03,"B3575","12",1,NA,NA,NA,NA,NA,1,NA,NA,NA,3,1,1,2,1,3,3,1,2,1,1,2,2,2,2,2,1,3,3,3,2,1,1,2,2,1,2,1,3,2,18,9,12,23,2,28,13,10,22,15,11,26,4,7,14,3,6,24,17,25,1,21,20,19,18,27,5,8,16,TRUE,14,13,28,TRUE,55,"B3575",1,1,1,0,0,0,0,0,0,0,1,1,0,0,1,0,1,0,0,0,0,0,0,1,0,1,0,0,3,2,2,2
"53",1007,2022-11-28 14:27:16,"C0178","13",2,NA,NA,NA,NA,NA,1,NA,NA,NA,4,2,1,2,2,1,3,1,2,1,2,2,2,2,1,2,1,3,3,4,2,2,1,2,1,2,2,2,3,2,21,28,11,2,8,3,15,4,19,13,25,24,10,7,16,21,20,18,12,14,26,9,1,5,23,17,22,6,27,TRUE,14,13,28,TRUE,55,"C0178",1,1,0,0,0,0,0,0,1,0,1,1,0,0,1,0,1,0,0,0,0,0,0,0,0,0,0,0,2,3,2,0
"54",1179,2022-11-28 14:27:40,"D3621","12",3,NA,NA,NA,NA,NA,1,NA,NA,NA,3,1,1,2,4,1,1,2,2,1,2,2,1,2,2,4,1,3,3,3,1,2,4,2,1,3,2,2,4,1,13,2,25,10,1,4,19,6,23,15,11,18,7,5,27,22,20,26,9,8,17,12,28,16,21,14,24,3,13,TRUE,14,13,28,TRUE,55,"D3621",1,1,0,0,1,0,0,0,1,0,0,1,0,0,1,0,1,0,1,0,1,0,0,0,0,0,0,1,3,2,4,1
"55",1177,2022-11-28 14:28:09,"C0167","14",1,NA,NA,NA,NA,NA,1,NA,NA,NA,3,1,1,1,4,1,3,2,2,1,2,3,4,2,2,2,1,3,3,4,2,1,3,2,2,2,1,3,3,2,21,9,2,1,22,3,15,14,5,6,27,23,25,7,28,11,10,16,21,18,20,19,26,8,12,13,17,24,4,TRUE,14,13,28,TRUE,55,"C0167",1,0,0,0,0,0,0,0,1,1,0,1,0,0,1,0,1,0,0,0,0,0,0,0,1,0,0,0,1,3,2,1
"56",1254,2022-11-28 14:28:50,"D3643","12",2,NA,NA,NA,NA,NA,1,NA,NA,NA,2,1,1,2,2,1,3,2,2,1,1,1,2,2,3,2,1,3,3,1,2,3,3,2,2,2,3,2,3,1,18,15,4,8,19,9,13,17,20,26,2,18,11,23,25,14,1,6,27,10,5,24,12,3,22,21,28,7,16,TRUE,14,13,28,TRUE,55,"D3643",1,1,0,0,0,0,0,0,0,0,1,1,1,0,1,0,1,0,0,1,0,0,0,0,0,0,0,1,2,3,3,1
"57",1180,2022-11-28 14:28:59,"A0561","13",2,NA,1,NA,1,NA,NA,NA,NA,NA,2,2,1,2,2,3,3,1,3,1,2,3,1,2,2,2,1,3,2,2,2,3,1,2,2,2,1,2,2,2,20,10,3,22,2,1,4,17,5,9,28,23,24,27,18,21,14,20,13,26,25,6,15,16,7,8,12,19,11,TRUE,14,13,28,TRUE,55,"A0561",1,1,0,0,0,0,0,0,1,1,0,1,0,0,1,0,0,1,0,1,0,0,0,0,1,0,1,0,2,3,3,2
"58",1271,2022-11-28 14:29:44,"F0134","13",1,NA,NA,NA,NA,NA,1,NA,NA,NA,4,1,1,2,4,2,3,2,4,3,2,1,2,2,2,2,1,3,1,4,2,2,1,2,2,2,1,4,3,1,18,2,25,14,12,18,17,8,11,22,23,6,15,26,10,19,28,9,21,3,20,24,27,16,5,4,13,1,7,TRUE,14,13,28,TRUE,55,"F0134",1,1,0,1,0,0,0,1,1,0,1,1,0,0,1,0,0,0,0,0,0,0,0,0,1,0,0,1,4,3,1,2
"59",1335,2022-11-28 14:30:14,"C3597","12",2,NA,1,1,NA,NA,NA,NA,NA,NA,4,1,1,4,2,1,3,4,4,1,1,2,4,2,1,2,1,3,3,2,2,1,1,2,2,2,3,4,3,2,18,27,22,4,15,7,12,26,21,6,2,9,1,13,23,11,28,24,3,16,25,10,5,17,18,20,14,8,19,TRUE,14,13,28,TRUE,55,"C3597",1,0,0,0,0,0,0,0,0,0,0,1,0,0,1,0,1,1,0,0,0,0,0,0,0,0,0,0,1,1,3,0
"60",1200,2022-11-28 14:31:24,"C2080","12",1,NA,NA,NA,1,NA,NA,NA,NA,NA,5,1,4,3,3,4,3,1,2,4,4,3,2,2,2,2,1,3,1,4,2,3,1,1,2,4,3,3,3,2,15,27,23,2,1,28,16,13,9,22,24,15,6,19,18,4,10,26,21,8,12,17,11,5,14,3,25,20,7,TRUE,14,13,28,TRUE,55,"C2080",0,0,0,0,0,0,0,0,0,1,1,1,0,0,1,0,0,0,0,1,0,0,0,0,0,0,0,0,0,3,2,0
"61",1107,2022-11-28 14:31:25,"F3182","12",2,NA,NA,NA,NA,NA,1,NA,NA,NA,3,1,1,2,2,1,3,2,1,4,2,2,1,2,1,3,1,3,2,3,2,2,1,3,1,1,1,3,3,4,15,9,3,21,24,27,2,12,28,8,22,15,25,23,26,4,1,13,6,11,18,14,19,10,5,20,17,7,16,TRUE,14,13,28,TRUE,55,"F3182",1,1,0,0,0,0,1,0,1,0,0,1,0,1,1,0,0,0,0,0,0,1,0,1,1,0,0,0,3,3,2,2
"62",1059,2022-11-28 14:32:05,"F2024","12",1,NA,NA,1,NA,NA,NA,NA,NA,NA,3,2,4,2,3,1,4,3,3,4,2,3,2,2,4,1,2,2,2,4,2,2,3,1,4,2,2,2,3,4,11,12,27,24,14,5,20,26,28,21,16,4,6,11,10,15,25,13,3,23,2,9,18,22,1,17,19,7,8,TRUE,14,13,28,TRUE,55,"F2024",0,1,0,0,0,1,0,0,1,1,1,1,0,0,0,1,0,0,0,0,0,0,1,0,0,0,0,0,2,4,1,1
"63",1538,2022-11-28 14:33:21,"D1371","13",2,NA,NA,1,NA,NA,1,NA,NA,NA,3,1,1,2,3,3,3,3,2,1,2,3,3,2,2,2,1,3,3,4,2,2,1,2,3,2,1,2,3,2,22,23,2,14,12,16,10,20,7,13,25,22,6,5,27,28,19,8,1,9,11,15,18,17,26,4,21,3,24,TRUE,14,13,28,TRUE,55,"D1371",1,1,0,0,0,1,0,0,1,1,0,1,0,0,1,0,1,0,0,0,0,0,0,0,1,0,0,0,3,3,2,1
"64",1515,2022-11-28 14:34:42,"F1898","13",2,NA,NA,NA,NA,NA,1,NA,NA,NA,1,1,2,4,2,1,3,2,2,3,2,2,4,4,3,2,1,3,2,4,2,2,2,2,2,1,4,1,3,2,14,21,3,22,27,4,23,2,25,20,18,12,9,8,1,14,5,15,13,11,26,19,28,10,24,17,7,6,16,TRUE,14,13,28,TRUE,55,"F1898",0,0,0,0,0,0,0,1,1,0,0,0,1,0,1,0,0,0,0,0,0,0,0,1,0,1,0,0,1,2,1,2
"65",1152,2022-11-28 14:34:50,"B2035","12",1,NA,NA,1,NA,NA,NA,NA,NA,NA,5,1,1,3,2,4,3,2,2,1,3,4,1,2,3,3,2,3,3,2,3,2,3,2,2,2,2,4,3,2,15,1,12,10,5,24,26,8,16,13,14,27,25,7,9,20,6,22,28,17,15,21,2,23,11,18,19,3,4,TRUE,14,13,28,TRUE,55,"B2035",1,0,0,0,0,0,0,0,0,0,0,1,1,1,0,0,1,1,0,0,0,0,0,0,0,0,0,0,1,3,2,0
"66",1514,2022-11-28 14:35:48,"F2068","12",1,NA,NA,NA,NA,NA,1,NA,NA,NA,5,1,1,2,4,1,3,1,2,1,4,3,2,2,1,2,1,3,4,4,2,3,4,2,2,4,1,4,3,1,17,10,21,5,13,14,3,16,20,15,12,26,2,11,9,7,24,1,17,6,28,27,18,23,22,19,8,25,4,TRUE,14,13,28,TRUE,55,"F2068",1,1,0,0,0,0,0,0,0,1,1,1,0,0,1,0,0,0,0,1,1,0,0,0,1,0,0,1,2,3,3,2
"67",1588,2022-11-28 14:36:24,"C3092","12",2,NA,1,1,NA,NA,NA,NA,NA,NA,2,1,1,2,4,1,1,4,4,1,3,1,2,4,2,2,1,3,4,3,2,3,4,2,2,1,4,2,3,2,14,25,8,21,6,19,3,22,7,24,14,15,9,1,16,27,2,18,28,26,10,20,4,17,11,12,13,5,23,TRUE,14,13,28,TRUE,55,"C3092",1,1,0,0,1,0,0,0,0,0,1,0,0,0,1,0,0,0,0,1,1,0,0,1,0,0,0,0,3,1,3,1
"68",1879,2022-11-28 14:38:54,"F3609","12",2,NA,NA,NA,NA,NA,1,NA,NA,NA,2,2,1,2,2,1,3,4,4,1,2,3,2,2,2,1,2,3,3,4,2,1,1,2,2,2,4,3,3,4,20,12,14,28,18,5,26,9,7,3,13,20,6,27,4,8,2,15,25,24,10,22,11,23,19,1,17,16,21,TRUE,14,13,28,TRUE,55,"F3609",1,1,0,0,0,0,0,0,1,1,1,1,0,0,0,0,1,0,0,0,0,0,0,0,0,0,0,0,2,4,1,0
"69",1722,2022-11-28 14:41:10,"C3834","12",1,NA,NA,1,NA,NA,NA,NA,NA,NA,4,1,1,2,4,4,3,2,2,2,2,3,2,2,2,3,2,2,2,3,2,2,1,2,2,2,3,2,3,2,17,12,6,21,11,26,10,1,14,22,28,13,18,19,3,16,15,5,17,25,20,23,7,9,8,24,27,2,4,TRUE,14,13,28,TRUE,55,"C3834",1,1,0,0,0,0,0,0,1,1,1,1,0,1,0,1,0,0,0,0,0,0,0,0,0,0,0,0,2,5,1,0
"70",1675,2022-11-28 14:42:06,"B2013","12",2,NA,NA,1,NA,NA,NA,NA,NA,NA,4,2,1,2,4,2,1,2,3,4,3,3,4,2,3,3,2,3,4,3,2,3,4,2,4,2,4,3,3,2,11,3,28,14,4,17,15,21,8,13,16,27,10,5,7,23,11,2,24,25,6,18,22,26,12,20,19,1,9,TRUE,14,13,28,TRUE,55,"B2013",1,1,0,1,1,0,0,0,0,1,0,1,1,1,0,0,0,0,0,1,1,0,1,0,0,0,0,0,4,4,2,1
"71",1680,2022-11-28 14:42:26,"D2002","12",2,NA,NA,NA,NA,NA,1,NA,NA,NA,3,1,1,2,4,4,3,4,2,1,2,3,1,2,3,3,1,3,2,4,2,1,4,2,2,1,4,4,3,1,14,20,9,17,3,28,26,8,22,27,18,10,24,25,23,11,19,1,14,6,13,2,5,4,12,7,15,16,21,TRUE,14,13,28,TRUE,55,"D2002",1,1,0,0,0,0,0,0,1,1,0,1,1,1,1,0,0,0,0,0,1,0,0,1,0,0,0,1,2,5,2,2
"72",1951,2022-11-28 14:43:08,"B3812","13",2,NA,NA,NA,NA,NA,1,NA,NA,NA,5,1,1,2,3,3,4,2,4,1,4,3,2,2,2,2,1,2,2,4,1,2,1,2,1,1,2,3,3,2,15,23,17,20,19,15,11,6,22,28,10,7,12,1,13,18,8,2,3,16,5,25,21,27,24,4,9,26,14,TRUE,14,13,28,TRUE,55,"B3812",1,1,0,0,0,0,0,0,0,1,1,1,0,0,1,1,0,0,1,0,0,0,0,1,0,0,0,0,2,3,3,1
"73",1566,2022-11-28 14:46:39,"A2057","13",1,NA,NA,NA,NA,NA,1,NA,NA,NA,4,1,1,2,3,3,3,1,1,2,2,3,1,2,2,2,1,2,2,2,2,4,3,2,3,2,1,2,3,2,16,21,9,1,24,16,19,25,10,6,5,22,23,4,11,27,26,17,8,18,13,12,7,20,2,15,3,28,14,TRUE,14,13,28,TRUE,55,"A2057",1,1,0,0,0,0,1,0,1,1,0,1,0,0,1,1,0,1,0,0,0,0,0,0,1,0,0,0,3,3,3,1
"74",1955,2022-11-28 14:48:25,"A3193","13",1,NA,NA,NA,1,NA,NA,NA,NA,NA,5,2,1,2,1,2,1,4,2,1,2,4,2,2,4,1,3,3,3,3,2,4,2,2,2,2,4,3,3,1,15,10,22,17,27,28,6,25,2,8,14,19,20,21,3,13,4,18,9,11,15,26,5,24,1,16,7,12,23,TRUE,14,13,28,TRUE,55,"A3193",1,1,1,1,1,0,0,0,1,0,1,1,0,0,0,0,1,0,0,0,0,0,0,0,0,0,0,1,5,3,1,1
"75",2096,2022-11-28 14:49:05,"A2079","14",1,NA,NA,NA,1,NA,NA,NA,NA,NA,4,1,1,2,3,1,1,1,2,4,2,2,4,1,2,3,1,1,2,2,2,2,2,3,2,2,1,2,2,4,13,8,18,13,19,4,11,27,5,16,3,24,25,17,28,2,6,7,23,10,26,14,20,9,22,12,21,1,15,TRUE,14,13,28,TRUE,55,"A2079",1,1,0,0,1,0,0,0,1,0,0,0,0,1,1,0,0,1,0,0,0,1,0,0,1,0,1,0,3,2,3,2
"76",1588,2022-11-28 15:13:44,"F3801","12",1,NA,NA,1,NA,NA,NA,NA,NA,NA,5,1,1,2,2,1,3,NA,3,1,2,1,2,2,2,2,2,NA,2,3,2,4,3,2,2,2,2,3,3,2,18,15,25,7,17,20,28,3,26,24,6,14,19,13,23,5,27,2,4,18,21,9,12,8,1,11,10,16,22,FALSE,13,12,28,TRUE,53,"F3801",1,1,0,0,0,0,0,0,1,0,1,1,0,0,0,0,0,0,0,0,0,0,0,0,0,0,0,0,2,3,0,0
"77",446,2022-11-28 15:14:31,"B3216","12",2,NA,NA,1,NA,NA,NA,NA,NA,NA,4,2,3,4,1,3,3,4,2,3,4,3,2,2,1,3,1,1,2,3,1,3,3,1,2,3,1,3,3,2,11,5,9,3,14,20,17,15,22,21,7,19,2,1,27,10,28,18,26,25,6,24,11,23,13,8,16,4,12,TRUE,14,13,28,TRUE,55,"B3216",0,0,1,0,0,0,0,1,0,1,1,1,0,1,1,0,0,0,1,1,0,0,0,0,1,0,0,0,2,4,3,1
"78",659,2022-11-28 15:18:46,"C3496","13",1,NA,NA,NA,NA,NA,1,NA,NA,NA,4,1,2,2,2,1,1,2,3,1,2,3,2,1,3,3,2,2,1,2,2,2,1,1,2,2,2,3,3,2,16,16,6,28,13,7,21,24,19,4,14,12,22,23,15,26,20,10,1,11,17,2,25,9,5,18,8,27,3,TRUE,14,13,28,TRUE,55,"C3496",0,1,0,0,1,0,0,0,1,1,1,0,1,1,0,1,0,1,0,0,0,0,0,0,0,0,0,0,2,5,2,0
"79",877,2022-11-28 15:21:17,"B3227","13",1,NA,NA,1,NA,NA,NA,NA,NA,NA,5,1,1,2,4,1,3,2,2,4,2,3,2,2,4,2,1,3,2,3,2,2,3,3,1,2,2,2,3,2,17,4,20,5,21,16,25,14,7,18,24,17,8,1,27,28,23,10,19,3,12,13,9,22,15,2,26,6,11,TRUE,14,13,28,TRUE,55,"B3227",1,1,0,0,0,0,0,0,1,1,1,1,0,0,1,0,0,0,0,0,0,1,0,0,0,0,0,0,2,4,2,0
"80",893,2022-11-28 15:22:22,"C3676","12",1,NA,NA,1,NA,NA,NA,1,NA,"Jamaican behamin",5,1,3,4,4,4,4,4,4,4,1,4,2,2,4,2,3,3,2,3,2,1,3,2,3,2,1,2,2,1,8,28,15,23,8,12,17,5,24,20,3,13,16,6,4,25,7,1,19,10,9,22,14,11,27,26,2,21,18,TRUE,14,13,28,TRUE,55,"C3676",0,0,0,0,0,0,0,0,0,0,1,1,0,0,0,0,0,0,0,0,0,0,0,0,1,0,1,1,0,2,0,3
"81",960,2022-11-28 15:22:38,"E3205","12",1,NA,NA,NA,NA,NA,1,1,NA,"italian",4,2,1,2,2,3,3,1,2,1,2,3,3,2,2,3,2,3,3,2,2,3,1,2,3,2,3,2,3,1,18,12,24,2,27,17,28,25,23,21,13,10,19,5,3,18,4,11,7,8,9,16,1,15,6,22,20,26,14,TRUE,14,13,28,TRUE,55,"E3205",1,1,0,0,0,0,0,0,1,1,0,1,0,1,0,0,1,1,0,1,0,0,0,0,0,0,0,1,2,4,3,1
"82",891,2022-11-28 15:23:07,"A3474","12",NA,NA,NA,NA,1,NA,1,NA,NA,NA,5,2,1,3,2,4,3,2,4,1,3,2,2,2,4,2,1,3,2,1,2,2,4,1,3,2,3,2,1,1,12,5,16,7,22,28,2,8,25,24,27,15,11,20,3,19,10,1,6,17,14,21,18,9,13,4,12,26,23,TRUE,14,13,28,TRUE,55,"A3474",1,0,0,0,0,0,0,0,0,0,1,1,0,0,1,0,0,0,0,0,1,0,0,0,0,0,0,1,1,2,2,1
"83",811,2022-11-28 15:26:02,"C3698","12",2,NA,NA,NA,NA,NA,1,NA,NA,NA,1,1,1,2,2,1,1,1,2,1,2,3,4,2,3,2,1,3,2,3,1,1,1,2,2,2,1,1,3,2,19,12,26,11,20,17,21,22,14,7,18,8,2,1,27,5,15,24,13,4,28,16,3,25,10,19,9,23,6,TRUE,14,13,28,TRUE,55,"C3698",1,1,0,0,1,0,0,0,1,1,0,1,1,0,1,0,0,0,1,0,0,0,0,0,1,1,0,0,3,4,2,2
"84",1137,2022-11-28 15:26:04,"D3867","13",2,NA,NA,1,NA,NA,NA,NA,NA,NA,5,1,1,2,2,1,1,1,4,1,2,3,4,2,2,2,2,2,3,3,2,4,2,2,2,2,1,1,2,1,16,28,8,23,10,18,2,12,22,17,4,14,19,13,15,24,11,6,3,7,25,20,21,27,1,26,16,5,9,TRUE,14,13,28,TRUE,55,"D3867",1,1,0,0,1,0,0,0,1,1,0,1,0,0,0,1,1,0,0,0,0,0,0,0,1,1,1,1,3,3,2,4
"85",644,2022-11-28 15:26:30,"D3508","14",1,NA,NA,NA,1,NA,NA,NA,NA,NA,4,1,1,2,2,1,3,2,2,2,2,3,2,2,3,1,1,4,1,3,2,3,2,3,2,1,2,2,3,1,14,27,24,21,9,23,7,11,15,26,16,3,5,13,6,20,12,19,28,17,22,18,1,25,8,4,10,2,14,TRUE,14,13,28,TRUE,55,"D3508",1,1,0,0,0,0,0,0,1,1,1,1,1,0,1,0,0,0,0,1,0,1,0,1,0,0,0,1,2,5,3,2
"86",1084,2022-11-28 15:27:06,"B3531","13",2,NA,NA,NA,NA,NA,1,NA,NA,NA,4,1,2,4,4,3,3,3,2,3,2,2,4,1,3,2,2,4,1,2,1,3,4,2,2,2,2,4,3,1,10,14,24,19,7,11,22,18,27,6,3,10,1,25,4,12,9,26,23,28,5,8,21,17,20,15,13,16,2,TRUE,14,13,28,TRUE,55,"B3531",0,0,0,0,0,1,0,1,1,0,0,0,1,0,0,0,0,1,1,1,1,0,0,0,0,0,0,1,2,2,4,1
"87",1357,2022-11-28 15:27:25,"D3485","12",2,NA,NA,1,NA,NA,NA,NA,NA,NA,4,1,4,2,1,2,1,2,2,1,2,1,2,1,2,4,1,1,2,1,2,4,2,2,3,2,3,2,3,2,12,18,11,4,3,6,14,23,15,1,12,28,9,24,2,25,8,7,27,22,16,17,20,10,5,13,26,19,21,TRUE,14,13,28,TRUE,55,"D3485",0,1,1,1,1,0,0,0,1,0,1,0,0,0,1,0,0,0,0,0,0,0,0,0,0,0,0,0,4,2,1,0
"88",1266,2022-11-28 15:27:32,"B3272","12",2,NA,NA,NA,1,NA,1,NA,NA,NA,3,1,1,2,2,1,3,3,2,1,3,3,2,2,1,2,3,4,3,3,2,3,1,2,2,1,3,3,2,1,18,10,14,28,2,1,9,20,26,6,15,7,4,23,8,5,12,24,3,19,27,11,16,21,25,17,22,18,13,TRUE,14,13,28,TRUE,55,"B3272",1,1,0,0,0,1,0,0,0,1,1,1,0,0,0,0,1,0,0,1,0,0,0,1,0,0,1,1,3,3,2,3
"89",1185,2022-11-28 15:27:38,"C3261","13",1,NA,NA,NA,NA,NA,1,NA,NA,NA,3,1,1,2,1,1,3,2,2,1,2,3,4,2,2,2,1,3,3,4,2,3,1,2,2,2,3,2,3,2,21,24,12,5,6,16,9,4,20,11,14,19,27,10,2,25,1,13,21,18,22,28,7,15,26,17,23,8,3,TRUE,14,13,28,TRUE,55,"C3261",1,1,1,0,0,0,0,0,1,1,0,1,0,0,1,0,1,0,0,1,0,0,0,0,0,0,0,0,3,3,3,0
"90",1275,2022-11-28 15:28:02,"C3665","13",1,NA,NA,NA,NA,NA,1,NA,NA,NA,5,1,1,2,4,3,2,2,2,1,2,2,2,2,4,3,1,2,3,3,1,1,1,2,2,3,1,1,3,3,14,23,13,22,1,2,24,20,11,25,5,12,9,19,14,17,16,18,7,15,28,10,21,26,3,4,6,27,8,TRUE,14,13,28,TRUE,55,"C3665",1,1,0,0,0,0,0,0,1,0,1,1,0,1,1,1,1,0,1,0,0,0,0,0,1,1,0,0,2,4,4,2
"91",1185,2022-11-28 15:28:16,"D3654","13",1,NA,NA,NA,NA,NA,1,NA,NA,NA,5,1,1,2,2,1,3,1,4,1,2,4,4,2,2,2,2,3,2,4,2,1,4,2,2,2,3,2,3,1,16,4,19,20,5,24,9,3,11,7,17,23,13,18,25,8,28,16,1,2,26,22,15,21,14,6,27,12,10,TRUE,14,13,28,TRUE,55,"D3654",1,1,0,0,0,0,0,0,1,0,0,1,0,0,0,0,0,0,0,0,1,0,0,0,0,0,0,1,2,2,1,1
"92",1192,2022-11-28 15:29:28,"D3542","13",1,NA,NA,NA,NA,NA,1,NA,NA,NA,4,1,1,2,2,1,3,1,2,1,2,3,4,2,2,2,1,3,3,4,2,2,1,2,2,1,2,3,3,2,23,16,21,8,20,1,14,25,4,18,22,9,7,23,13,2,26,24,27,15,6,11,3,19,12,10,28,17,5,TRUE,14,13,28,TRUE,55,"D3542",1,1,0,0,0,0,0,0,1,1,0,1,0,0,1,0,1,0,0,0,0,0,0,1,0,0,0,0,2,3,2,1
"93",1201,2022-11-28 15:29:38,"C1809",NA,1,NA,NA,NA,NA,NA,1,NA,NA,NA,4,2,1,2,2,2,3,1,2,2,1,3,2,2,1,2,2,4,3,4,2,4,1,2,2,2,1,1,3,2,18,7,25,26,28,16,18,14,21,2,10,27,12,1,23,17,20,22,19,6,3,11,24,15,8,13,9,5,4,TRUE,14,13,28,TRUE,55,"C1809",1,1,0,1,0,0,0,0,0,1,1,1,0,0,0,0,1,0,0,0,0,0,0,0,1,1,0,0,3,3,1,2
"94",1248,2022-11-28 15:29:47,"A3520","13",1,NA,NA,NA,NA,NA,1,NA,NA,NA,4,1,1,2,1,2,4,1,4,1,2,2,2,2,2,2,1,3,2,3,2,2,2,2,2,1,3,2,3,4,15,7,20,22,17,6,24,21,3,15,14,26,13,9,8,27,1,5,18,23,19,11,25,12,16,4,28,10,2,TRUE,14,13,28,TRUE,55,"A3520",1,1,1,1,0,0,0,0,1,0,1,1,0,0,1,0,0,0,0,0,0,0,0,1,0,0,0,0,4,3,1,1
"95",1040,2022-11-28 15:29:47,"B3687","12",1,NA,NA,1,NA,NA,NA,NA,NA,NA,4,2,1,2,4,1,3,1,4,2,3,4,1,2,1,2,3,3,3,2,2,1,1,2,1,2,1,3,3,1,16,6,13,18,26,24,8,21,16,1,27,11,5,28,22,20,15,10,3,23,14,4,25,7,2,17,19,9,12,TRUE,14,13,28,TRUE,55,"B3687",1,1,0,0,0,0,0,0,0,0,0,1,0,0,0,0,1,1,0,0,0,0,0,0,1,0,0,1,2,1,2,2
"96",1182,2022-11-28 15:29:56,"B2686","14",2,NA,1,NA,NA,NA,1,NA,NA,NA,2,1,1,2,2,1,3,2,3,1,2,3,4,2,2,2,2,3,2,3,2,2,1,3,2,1,2,2,2,2,17,17,7,26,23,15,22,25,6,1,19,18,14,5,8,13,21,4,9,24,27,20,3,10,12,16,28,2,11,TRUE,14,13,28,TRUE,55,"B2686",1,1,0,0,0,0,0,0,1,1,0,1,0,0,0,0,0,0,0,0,0,1,0,1,0,0,1,0,2,3,1,2
"97",1388,2022-11-28 15:31:07,"F3755","12",1,NA,NA,NA,NA,NA,1,NA,NA,NA,4,2,1,4,2,1,4,2,4,1,2,3,4,2,2,1,3,3,1,1,2,2,4,2,1,2,1,3,3,2,17,17,3,6,12,25,16,10,13,8,22,2,21,23,9,27,20,24,19,15,4,28,7,5,11,26,14,18,1,TRUE,14,13,28,TRUE,55,"F3755",1,0,0,0,0,0,0,0,1,1,0,1,0,0,0,0,0,0,0,0,1,0,0,0,1,0,0,0,1,3,1,1
"98",1420,2022-11-28 15:33:21,"D1742","14",4,NA,NA,NA,NA,NA,1,NA,NA,NA,5,2,1,2,1,1,3,3,4,1,2,3,2,2,1,2,3,3,2,1,2,1,1,1,2,2,4,2,3,2,18,24,11,15,14,10,3,16,22,19,5,12,6,17,1,23,25,13,26,9,8,28,18,27,2,7,20,4,21,TRUE,14,13,28,TRUE,55,"D1742",1,1,1,0,0,1,0,0,1,1,1,1,0,0,0,0,0,0,0,0,0,0,0,0,0,0,0,0,4,4,0,0
"99",34,2022-11-28 15:35:56,"B2035",NA,NA,NA,NA,NA,NA,NA,NA,NA,NA,NA,NA,NA,NA,NA,NA,NA,NA,NA,NA,NA,NA,NA,NA,NA,NA,NA,NA,NA,NA,NA,NA,NA,NA,NA,NA,NA,NA,NA,NA,NA,NA,NA,NA,NA,NA,NA,NA,NA,NA,NA,NA,NA,NA,NA,NA,NA,NA,NA,NA,NA,NA,NA,NA,NA,NA,NA,NA,NA,NA,FALSE,0,0,0,FALSE,0,"B2035",0,0,0,0,0,0,0,0,0,0,0,0,0,0,0,0,0,0,0,0,0,0,0,0,0,0,0,0,0,0,0,0
"100",1625,2022-11-28 15:36:02,"E1775","13",2,NA,NA,1,NA,NA,NA,NA,NA,NA,3,2,1,4,2,2,3,2,3,2,2,4,1,2,2,2,1,1,3,3,2,3,3,3,2,1,4,1,3,2,13,15,1,10,28,9,5,7,3,4,11,14,18,24,19,2,21,12,17,6,8,22,20,23,26,27,16,25,13,TRUE,14,13,28,TRUE,55,"E1775",1,0,0,1,0,0,0,0,1,0,0,1,0,0,1,0,1,0,0,1,0,1,0,1,0,1,0,0,2,2,4,2
"101",1442,2022-11-28 15:36:18,"D2697","14",2,NA,NA,NA,NA,NA,1,NA,NA,NA,1,2,3,2,2,2,3,1,3,1,2,2,4,3,1,3,3,2,2,4,3,3,4,2,2,3,2,2,1,1,7,18,9,7,11,3,27,24,26,28,1,21,20,25,14,22,16,6,15,10,12,17,8,5,4,2,23,13,19,TRUE,14,13,28,TRUE,55,"D2697",0,1,0,1,0,0,0,0,1,0,0,0,0,1,0,1,0,0,0,1,1,0,0,0,0,0,0,1,2,2,3,1
"102",1153,2022-11-28 15:37:09,"F3733",NA,NA,NA,NA,NA,NA,NA,NA,NA,NA,NA,NA,NA,NA,NA,NA,NA,NA,NA,NA,NA,NA,NA,NA,NA,NA,NA,NA,NA,NA,NA,NA,NA,NA,NA,NA,NA,NA,NA,NA,NA,NA,NA,NA,NA,NA,NA,NA,NA,NA,NA,NA,NA,NA,NA,NA,NA,NA,NA,NA,NA,NA,NA,NA,NA,NA,NA,NA,NA,NA,FALSE,0,0,0,FALSE,0,"F3733",0,0,0,0,0,0,0,0,0,0,0,0,0,0,0,0,0,0,0,0,0,0,0,0,0,0,0,0,0,0,0,0
"103",1652,2022-11-28 15:37:43,"B1786","14",1,NA,NA,1,NA,NA,NA,NA,NA,NA,4,1,3,2,2,1,3,1,4,2,2,1,2,2,1,2,2,3,3,3,2,4,2,2,2,1,2,2,3,2,15,20,8,12,11,21,24,19,10,2,3,25,22,5,14,7,16,28,6,1,15,18,4,17,26,9,13,23,27,TRUE,14,13,28,TRUE,55,"B1786",0,1,0,0,0,0,0,0,1,0,1,1,0,0,0,0,1,0,0,0,0,0,0,1,0,0,0,0,1,3,1,1
"104",2133,2022-11-28 15:42:29,"B3249","12",1,NA,NA,NA,NA,NA,1,NA,NA,NA,3,1,3,1,1,1,1,2,2,2,2,1,2,2,3,4,3,1,1,2,1,4,2,2,1,2,4,2,3,4,9,27,18,3,8,28,10,23,19,14,13,2,26,1,12,7,25,4,24,11,6,22,15,17,16,20,5,9,21,TRUE,14,13,28,TRUE,55,"B3249",0,0,1,0,1,0,0,0,1,0,1,1,1,0,0,0,0,1,1,0,0,0,0,0,0,0,0,0,2,4,2,0
"105",487,2022-11-28 16:05:13,"F0358","12",2,NA,NA,NA,NA,NA,1,NA,NA,NA,1,1,3,2,1,3,2,3,2,1,2,1,4,2,4,3,2,2,1,3,2,1,3,2,2,2,2,1,4,2,11,25,16,6,14,12,22,2,1,3,15,26,4,13,24,8,5,9,28,11,20,21,7,19,18,10,27,17,23,TRUE,14,13,28,TRUE,55,"F0358",0,1,1,0,0,1,0,0,1,0,0,1,0,1,0,1,0,0,0,0,0,0,0,0,0,1,0,0,3,3,1,1
"106",563,2022-11-28 16:05:45,"F1337","13",1,NA,NA,1,NA,NA,1,NA,NA,NA,5,1,2,1,2,2,1,1,3,3,2,1,2,2,1,2,2,3,3,2,2,1,2,3,2,2,2,3,3,1,13,24,16,25,26,8,1,12,28,18,23,7,17,21,5,10,20,6,27,3,14,13,22,4,9,15,11,2,19,TRUE,14,13,28,TRUE,55,"F1337",0,0,0,1,1,0,0,1,1,0,1,1,0,0,0,0,1,1,0,0,0,1,0,0,0,0,0,1,3,3,3,1
"107",151,2022-11-28 16:07:36,"D3508","14",1,NA,NA,NA,1,NA,NA,NA,NA,NA,4,1,NA,NA,NA,NA,NA,NA,NA,NA,NA,NA,NA,NA,NA,NA,NA,NA,NA,NA,NA,NA,NA,NA,NA,NA,NA,NA,3,NA,1,18,6,15,22,16,8,23,24,13,25,28,11,7,4,2,19,17,20,10,12,5,21,27,3,14,26,1,9,FALSE,0,1,28,FALSE,29,"D3508",0,0,0,0,0,0,0,0,0,0,0,0,0,0,0,0,0,0,0,0,0,0,0,0,0,0,0,0,0,0,0,0
"108",709,2022-11-28 16:09:42,"B3036","13",2,NA,NA,NA,NA,NA,1,NA,NA,NA,2,1,1,2,2,1,3,1,2,1,2,3,4,4,2,2,1,3,3,3,2,1,3,2,2,2,1,3,3,2,22,11,18,4,24,17,13,1,7,16,14,22,9,21,25,2,10,27,6,5,28,23,8,19,12,26,20,15,3,TRUE,14,13,28,TRUE,55,"B3036",1,1,0,0,0,0,0,0,1,1,0,0,0,0,1,0,1,0,0,0,0,0,0,0,1,0,0,0,2,2,2,1
"109",703,2022-11-28 16:09:53,"A0471","13",1,NA,NA,NA,NA,NA,1,NA,NA,NA,1,2,1,1,1,4,3,1,2,1,4,3,4,2,4,1,1,3,1,1,2,3,1,2,3,3,3,4,1,2,12,8,21,27,10,11,5,20,6,4,1,18,12,3,25,7,23,14,13,15,19,22,17,2,28,26,9,16,24,TRUE,14,13,28,TRUE,55,"A0471",1,0,1,0,0,0,0,0,0,1,0,1,0,0,1,0,0,0,0,1,0,0,0,0,0,0,0,0,2,2,2,0
"110",740,2022-11-28 16:09:59,"C2945","13",1,NA,NA,NA,1,NA,1,NA,NA,NA,4,1,1,2,2,1,3,1,2,1,2,3,2,2,2,4,1,3,3,4,2,1,1,2,2,2,1,3,3,2,24,9,2,19,6,4,11,23,7,3,26,5,17,28,21,1,15,8,16,27,12,14,10,25,24,13,18,22,20,TRUE,14,13,28,TRUE,55,"C2945",1,1,0,0,0,0,0,0,1,1,1,1,0,0,1,0,1,0,0,0,0,0,0,0,1,0,0,0,2,4,2,1
"111",631,2022-11-28 16:10:12,"F3047","13",2,NA,NA,NA,NA,NA,1,NA,NA,NA,2,2,1,2,4,1,3,2,4,1,2,1,2,2,4,2,1,3,3,3,2,3,2,2,3,2,1,3,3,2,19,9,13,2,7,27,26,15,3,12,28,25,4,14,22,19,16,8,11,20,6,18,1,17,21,10,23,5,24,TRUE,14,13,28,TRUE,55,"F3047",1,1,0,0,0,0,0,0,1,0,1,1,0,0,1,0,1,0,0,1,0,0,0,0,1,0,0,0,2,3,3,1
"112",730,2022-11-28 16:10:14,"F2721","13",6,NA,NA,NA,NA,NA,1,NA,NA,NA,2,1,1,2,3,1,3,2,2,1,2,3,2,2,2,2,2,4,3,3,2,2,1,2,3,1,1,3,3,2,21,17,28,12,4,24,25,1,13,23,15,2,26,9,10,21,3,18,27,8,19,14,7,22,11,6,20,5,16,TRUE,14,13,28,TRUE,55,"F2721",1,1,0,0,0,0,0,0,1,1,1,1,0,0,0,0,1,0,0,0,0,0,0,1,1,0,0,0,2,4,1,2
"113",833,2022-11-28 16:10:31,"A1315","13",2,NA,NA,NA,NA,NA,1,NA,NA,NA,2,1,1,2,1,4,3,2,2,4,1,1,3,2,4,3,4,3,2,1,2,3,2,2,3,3,1,2,3,2,11,12,7,11,5,2,28,16,27,19,3,22,1,4,26,6,25,17,24,10,13,14,8,18,21,20,9,15,23,TRUE,14,13,28,TRUE,55,"A1315",1,1,1,0,0,0,0,0,0,0,0,1,0,1,0,0,0,0,0,1,0,0,0,0,1,0,0,0,3,2,1,1
"114",797,2022-11-28 16:11:11,"C2642","13",2,NA,NA,NA,NA,NA,1,NA,NA,NA,4,2,1,2,2,4,3,2,4,1,2,1,2,2,2,2,4,4,4,3,2,2,1,2,2,2,4,3,3,2,19,12,19,16,14,27,24,8,6,4,22,20,3,17,7,25,26,2,5,9,13,1,18,28,21,11,15,10,23,TRUE,14,13,28,TRUE,55,"C2642",1,1,0,0,0,0,0,0,1,0,1,1,0,0,0,0,0,0,0,0,0,0,0,0,0,0,0,0,2,3,0,0
"115",797,2022-11-28 16:11:12,"D3025","13",1,NA,NA,NA,NA,NA,1,NA,NA,NA,5,1,1,2,1,1,1,2,2,1,2,1,3,2,1,2,2,3,2,3,2,2,1,2,2,2,1,3,3,1,18,3,17,23,22,18,5,13,26,16,7,27,11,6,20,1,4,24,2,28,25,8,21,12,9,19,14,15,10,TRUE,14,13,28,TRUE,55,"D3025",1,1,1,0,1,0,0,0,1,0,0,1,0,0,0,0,0,0,0,0,0,0,0,0,1,0,0,1,4,2,0,2
"116",833,2022-11-28 16:11:53,"F2989","13",1,NA,NA,NA,NA,NA,1,NA,NA,NA,5,1,1,3,2,1,3,3,4,1,2,1,2,2,2,4,1,3,3,3,2,3,3,2,3,3,4,3,3,2,18,11,1,5,9,8,7,6,25,10,17,2,21,14,23,12,27,15,24,19,20,13,22,18,3,26,16,28,4,TRUE,14,13,28,TRUE,55,"F2989",1,0,0,0,0,1,0,0,1,0,1,1,0,0,1,0,1,0,0,1,0,0,0,0,0,0,0,0,2,3,3,0
"117",788,2022-11-28 16:12:13,"A2934","14",1,NA,NA,NA,NA,NA,1,NA,NA,NA,1,1,1,2,2,2,1,1,4,3,2,4,1,2,1,4,2,2,3,2,2,1,2,3,1,1,2,1,4,2,9,11,2,7,5,26,10,13,28,19,1,18,25,14,21,6,9,12,23,4,16,3,17,15,27,20,8,22,24,TRUE,14,13,28,TRUE,55,"A2934",1,1,0,1,1,0,0,1,1,0,0,1,0,0,0,1,1,1,0,0,0,1,0,1,0,1,0,0,5,2,4,2
"118",864,2022-11-28 16:12:24,"E3003","12",1,NA,NA,NA,NA,NA,1,NA,NA,NA,5,1,1,2,1,1,3,1,2,4,2,1,2,2,1,2,1,3,3,3,2,4,1,2,2,2,1,2,3,2,20,9,23,12,18,7,28,14,6,13,8,25,16,11,5,24,27,15,20,4,17,22,1,10,19,21,2,26,3,TRUE,14,13,28,TRUE,55,"E3003",1,1,1,0,0,0,0,0,1,0,1,1,0,0,1,0,1,0,0,0,0,0,0,0,1,0,0,0,3,3,2,1
"119",910,2022-11-28 16:14:01,"A0459","12",1,NA,NA,NA,NA,NA,1,NA,NA,NA,5,1,1,2,2,1,3,1,2,1,2,3,2,2,2,2,1,2,3,4,2,3,3,2,2,1,1,2,3,2,21,23,20,24,6,17,16,26,15,9,11,25,19,4,7,2,22,27,5,21,13,14,18,28,3,12,10,8,1,TRUE,14,13,28,TRUE,55,"A0459",1,1,0,0,0,0,0,0,1,1,1,1,0,0,1,1,1,0,0,1,0,0,0,1,1,0,0,0,2,4,4,2
"120",1022,2022-11-28 16:14:53,"A2901","13",2,NA,NA,NA,NA,NA,1,NA,NA,NA,2,1,1,2,3,3,1,1,2,3,2,4,2,2,1,4,2,1,2,3,2,2,2,2,3,2,3,3,3,1,12,11,13,3,21,14,1,24,12,4,28,16,6,26,8,15,2,7,22,25,20,19,9,27,5,10,17,23,18,TRUE,14,13,28,TRUE,55,"A2901",1,1,0,0,1,0,0,1,1,0,1,1,0,0,0,0,0,0,0,0,0,0,0,0,0,0,0,1,4,3,0,1
"121",1113,2022-11-28 16:15:39,"A0651","12",2,NA,NA,1,NA,NA,NA,NA,NA,NA,5,2,1,2,2,1,3,1,2,1,2,1,4,2,1,2,1,3,1,4,2,4,1,2,2,2,3,2,3,2,19,12,9,23,25,19,15,10,18,3,5,14,24,6,8,28,11,20,1,17,26,7,13,2,22,4,27,16,21,TRUE,14,13,28,TRUE,55,"A0651",1,1,0,0,0,0,0,0,1,0,0,1,0,0,1,0,0,0,0,0,0,0,0,0,0,0,0,0,2,2,1,0
"122",1132,2022-11-28 16:15:51,"C0437","13",2,NA,NA,NA,NA,NA,1,NA,1,NA,2,1,1,2,2,2,3,2,1,1,1,3,4,2,1,1,2,1,2,2,2,2,2,2,2,2,2,2,3,2,15,28,3,26,7,12,9,23,16,27,24,14,1,17,20,19,18,25,8,15,2,6,4,11,21,10,22,13,5,TRUE,14,13,28,TRUE,55,"C0437",1,1,0,1,0,0,1,0,0,1,0,1,0,0,0,0,0,1,0,0,0,0,0,0,0,0,0,0,4,2,1,0
"123",1058,2022-11-28 16:15:52,"B2978","13",2,NA,NA,NA,NA,NA,1,NA,NA,NA,2,1,1,4,2,2,3,2,2,4,2,2,2,3,2,2,1,3,3,3,2,3,1,2,2,2,2,4,3,2,18,10,2,23,4,13,11,20,3,12,14,18,6,7,8,28,21,15,17,1,9,16,5,22,24,25,26,27,19,TRUE,14,13,28,TRUE,55,"B2978",1,0,0,1,0,0,0,0,1,0,1,0,0,0,1,0,1,0,0,1,0,0,0,0,0,0,0,0,2,2,3,0
"124",1248,2022-11-28 16:17:06,"A0426","12",2,NA,NA,1,NA,NA,NA,NA,NA,NA,4,1,1,2,1,4,3,1,2,1,3,3,2,1,2,2,1,1,2,3,2,4,1,3,2,1,1,3,2,2,16,1,23,25,24,11,5,27,26,8,2,28,12,3,14,9,20,4,16,6,7,13,22,21,15,10,17,19,18,TRUE,14,13,28,TRUE,55,"A0426",1,1,1,0,0,0,0,0,0,1,1,0,0,0,1,0,0,0,0,0,0,1,0,1,1,0,1,0,3,2,2,3
"125",1124,2022-11-28 16:17:35,"A2967","13",1,NA,NA,NA,NA,NA,1,NA,NA,NA,4,1,1,2,2,1,3,1,2,1,2,3,1,2,2,2,1,3,3,4,2,2,1,2,3,3,1,3,3,3,22,26,5,4,7,2,3,9,12,23,10,18,13,20,24,6,25,17,15,16,14,27,11,8,21,22,1,19,28,TRUE,14,13,28,TRUE,55,"A2967",1,1,0,0,0,0,0,0,1,1,0,1,0,0,1,0,1,0,0,0,0,0,0,0,1,0,0,0,2,3,2,1
"126",1281,2022-11-28 16:17:42,"E0392","12",1,NA,NA,1,NA,NA,NA,NA,NA,NA,5,1,4,2,3,1,1,2,4,1,4,4,2,2,4,4,2,3,3,1,1,2,4,2,4,1,1,2,4,2,11,12,10,3,24,6,19,18,15,1,2,17,26,23,5,14,28,25,7,20,22,27,4,8,9,21,11,16,13,TRUE,14,13,28,TRUE,55,"E0392",0,1,0,0,1,0,0,0,0,0,1,1,0,0,0,0,1,0,1,0,1,0,1,1,1,0,0,0,2,2,3,3
"127",1254,2022-11-28 16:18:01,"A0673","13",2,NA,NA,1,NA,NA,NA,NA,NA,NA,4,2,2,2,1,3,1,4,2,1,2,1,2,2,2,2,3,3,2,3,2,1,1,2,2,2,1,1,4,1,15,15,5,19,4,6,16,28,26,20,27,23,13,1,10,17,25,24,2,12,21,8,22,11,3,7,18,9,14,TRUE,14,13,28,TRUE,55,"A0673",0,1,1,0,1,0,0,0,1,0,1,1,0,0,0,0,0,0,0,0,0,0,0,0,1,1,0,1,3,3,0,3
"128",779,2022-11-28 16:18:06,"F1405","14",2,NA,NA,NA,NA,NA,1,NA,NA,NA,2,2,1,2,1,1,3,2,2,1,1,2,1,2,2,2,2,3,1,4,2,3,2,2,2,2,2,2,2,1,14,3,17,12,22,16,2,25,23,9,15,6,8,21,10,14,19,11,1,4,20,7,5,26,18,27,13,24,28,TRUE,14,13,28,TRUE,55,"F1405",1,1,1,0,0,0,0,0,0,0,0,1,0,0,0,0,0,0,0,1,0,0,0,0,0,0,1,1,3,1,1,2
"129",1208,2022-11-28 16:18:09,"B2653","13",2,NA,NA,NA,1,NA,NA,NA,NA,NA,2,1,1,2,3,1,3,1,2,1,2,2,2,4,3,2,1,3,1,3,2,3,2,4,2,2,2,2,3,2,16,9,10,7,5,22,27,21,18,4,14,1,11,17,3,23,12,25,15,24,8,26,16,28,2,6,13,19,20,TRUE,14,13,28,TRUE,55,"B2653",1,1,0,0,0,0,0,0,1,0,1,0,1,0,1,0,0,0,0,1,0,0,0,0,0,0,0,0,2,3,2,0
"130",1139,2022-11-28 16:19:17,"F1449","14",1,NA,NA,NA,NA,NA,1,NA,NA,NA,4,1,1,2,3,1,3,1,2,1,2,3,2,4,1,2,1,3,1,2,2,3,2,2,3,2,3,3,3,2,19,19,28,17,26,15,11,21,1,23,13,4,27,8,7,22,18,5,12,9,25,2,3,10,14,16,6,24,20,TRUE,14,13,28,TRUE,55,"F1449",1,1,0,0,0,0,0,0,1,1,1,0,0,0,1,0,0,1,0,1,0,0,0,0,0,0,0,0,2,3,3,0
"131",1204,2022-11-28 16:19:55,"D1438","14",2,NA,NA,NA,NA,NA,1,NA,NA,NA,5,1,1,2,2,1,3,1,2,1,2,3,4,2,2,2,1,3,2,3,2,3,1,2,1,2,3,2,3,2,20,2,26,24,7,6,5,21,10,14,19,17,25,8,13,16,28,12,15,20,11,22,3,1,18,9,4,27,23,TRUE,14,13,28,TRUE,55,"D1438",1,1,0,0,0,0,0,0,1,1,0,1,0,0,1,0,0,0,0,1,0,0,0,0,0,0,0,0,2,3,2,0
"132",1371,2022-11-28 16:20:01,"B0415","13",2,NA,NA,NA,NA,NA,1,NA,NA,NA,2,1,1,2,2,2,3,3,1,2,1,2,1,2,2,2,1,2,1,2,1,1,1,2,1,2,2,1,4,2,14,6,16,13,20,11,4,23,12,5,27,9,24,22,19,8,21,25,1,15,17,7,14,2,28,26,18,10,3,TRUE,14,13,28,TRUE,55,"B0415",1,1,0,1,0,1,1,0,0,0,0,1,0,0,1,1,0,1,1,0,0,0,0,0,0,1,0,0,5,1,4,1
"133",1204,2022-11-28 16:20:03,"F2923","13",2,NA,NA,NA,NA,NA,1,NA,NA,NA,1,1,1,3,2,1,3,4,4,3,2,2,2,2,2,2,3,3,3,3,2,2,1,3,3,2,2,2,3,2,17,26,17,9,27,15,3,19,25,6,11,23,18,4,10,2,16,22,5,13,21,8,14,7,1,12,28,20,24,TRUE,14,13,28,TRUE,55,"F2923",1,0,0,0,0,0,0,1,1,0,1,1,0,0,0,0,1,0,0,0,0,1,0,0,0,0,0,0,2,3,2,0
"134",1352,2022-11-28 16:21:27,"B0482","12",2,NA,NA,NA,1,NA,1,NA,NA,NA,3,1,1,2,1,1,3,1,2,1,2,3,2,2,3,2,1,3,3,1,2,2,1,2,3,2,2,3,3,2,22,3,23,1,11,8,14,10,4,28,13,17,9,2,12,16,22,6,21,20,26,27,5,18,25,7,15,19,24,TRUE,14,13,28,TRUE,55,"B0482",1,1,1,0,0,0,0,0,1,1,1,1,1,0,1,0,1,0,0,0,0,0,0,0,0,0,0,0,3,5,2,0
"135",1337,2022-11-28 16:21:40,"A0639","13",1,NA,NA,NA,1,NA,NA,NA,NA,NA,4,2,1,2,4,1,3,1,2,1,2,3,2,2,2,2,1,3,3,4,2,3,1,2,2,2,1,4,3,2,23,1,17,22,28,4,5,13,18,12,14,25,15,6,11,21,8,20,26,23,16,10,24,27,3,19,2,9,7,TRUE,14,13,28,TRUE,55,"A0639",1,1,0,0,0,0,0,0,1,1,1,1,0,0,1,0,1,0,0,1,0,0,0,0,1,0,0,0,2,4,3,1
"136",1399,2022-11-28 16:21:41,"E2956","13",1,NA,NA,1,NA,NA,NA,NA,NA,NA,3,1,1,2,4,2,1,2,4,1,2,3,3,2,1,4,1,3,2,3,2,2,2,2,3,2,2,4,3,2,14,6,26,9,24,19,28,7,13,10,16,23,27,3,4,8,22,1,2,18,11,5,12,14,15,20,25,21,17,TRUE,14,13,28,TRUE,55,"E2956",1,1,0,1,1,0,0,0,1,1,0,1,0,0,1,0,0,0,0,0,0,0,0,0,0,0,0,0,4,3,1,0
"137",1291,2022-11-28 16:21:46,"E1393","14",1,NA,NA,NA,NA,NA,1,NA,NA,NA,4,1,2,1,2,1,1,2,2,2,1,2,1,2,4,3,1,3,1,4,2,1,1,2,2,2,3,3,3,1,13,7,3,17,9,8,26,19,15,16,1,28,11,23,13,4,24,25,10,18,22,27,21,20,14,2,12,5,6,TRUE,14,13,28,TRUE,55,"E1393",0,0,0,0,1,0,0,0,0,0,0,1,0,1,1,0,0,0,0,0,0,0,0,0,0,0,0,1,1,2,1,1
"138",1553,2022-11-28 16:22:05,"C1326","13",2,NA,NA,1,NA,NA,NA,NA,NA,NA,4,1,1,2,3,4,3,2,4,1,2,4,2,2,2,2,1,3,1,3,2,1,1,2,2,2,2,2,3,1,17,17,14,26,11,5,1,2,3,4,19,24,16,21,18,25,6,15,9,10,13,20,22,12,8,23,27,7,28,TRUE,14,13,28,TRUE,55,"C1326",1,1,0,0,0,0,0,0,1,0,1,1,0,0,1,0,0,0,0,0,0,0,0,0,0,0,0,1,2,3,1,1
"139",1218,2022-11-28 16:23:42,"F1450","14",1,NA,NA,NA,NA,NA,1,1,NA,NA,2,2,1,4,1,2,3,1,4,2,3,2,2,3,2,2,1,1,1,3,2,3,4,2,3,2,3,3,1,2,11,6,25,5,8,17,22,26,2,13,11,16,14,23,28,9,24,7,1,19,3,27,21,10,4,18,15,12,20,TRUE,14,13,28,TRUE,55,"F1450",1,0,1,1,0,0,0,0,0,0,1,0,0,0,1,0,0,0,0,1,1,0,0,0,0,0,0,0,3,1,3,0
"140",727,2022-11-28 16:24:04,"A1461","14",2,NA,NA,NA,NA,NA,1,NA,NA,NA,2,1,4,3,4,1,3,1,2,1,2,3,2,2,3,1,1,3,3,2,2,3,1,2,2,2,3,3,3,2,20,11,22,28,7,5,19,17,2,3,21,25,15,13,23,20,10,1,4,14,18,16,24,9,12,26,27,8,6,TRUE,14,13,28,TRUE,55,"A1461",0,0,0,0,0,0,0,0,1,1,1,1,1,0,1,0,1,1,0,1,0,0,0,0,0,0,0,0,0,5,4,0
"141",1585,2022-11-28 16:27:17,"F1382","16",2,NA,NA,1,NA,NA,NA,NA,NA,NA,1,2,3,2,2,3,1,3,4,1,3,4,3,2,4,2,2,1,2,3,3,3,1,1,3,3,3,2,4,2,8,2,26,7,23,25,18,11,6,27,8,24,19,15,1,5,17,10,12,28,14,4,21,3,13,20,16,9,22,TRUE,14,13,28,TRUE,55,"F1382",0,1,0,0,1,1,0,0,0,0,0,1,0,0,0,0,0,0,0,1,0,0,0,0,0,0,0,0,3,1,1,0
"142",1665,2022-11-28 16:27:55,"A1348","14",1,NA,NA,NA,1,NA,1,NA,NA,NA,4,2,1,2,2,1,3,1,2,1,2,3,1,2,2,2,2,3,3,4,2,2,4,3,2,2,1,1,2,2,20,6,14,5,7,1,3,2,10,8,12,18,26,15,22,9,13,21,4,16,19,25,27,28,17,11,23,20,24,TRUE,14,13,28,TRUE,55,"A1348",1,1,0,0,0,0,0,0,1,1,0,1,0,0,0,0,1,0,0,0,1,1,0,0,1,1,1,0,2,3,3,3
"143",917,2022-11-28 17:06:30,"D1696","16",1,NA,NA,NA,NA,NA,1,NA,NA,NA,5,1,1,3,3,1,4,1,2,2,2,3,4,3,3,2,1,2,3,3,2,2,2,2,2,2,3,3,3,3,15,10,26,9,3,19,4,12,14,27,6,23,21,17,1,28,15,20,7,8,5,13,25,24,11,18,16,22,2,TRUE,14,13,28,TRUE,55,"D1696",1,0,0,0,0,0,0,0,1,1,0,0,1,0,1,1,1,0,0,0,0,0,0,0,0,0,0,0,1,3,3,0
"144",915,2022-11-28 17:06:36,"A1573","15",2,NA,NA,NA,NA,NA,1,NA,NA,NA,5,1,4,2,1,1,1,3,2,1,2,1,1,2,1,2,3,3,2,4,2,2,2,2,3,3,4,4,3,1,13,13,1,6,11,4,3,25,16,7,19,18,14,23,24,21,10,12,9,5,2,22,27,15,20,17,8,28,26,TRUE,14,13,28,TRUE,55,"A1573",0,1,1,0,1,1,0,0,1,0,0,1,0,0,0,0,0,0,0,0,0,0,0,0,0,0,0,1,4,2,0,1
"145",979,2022-11-28 17:06:45,"A1753","15",2,NA,NA,1,NA,NA,NA,NA,NA,NA,2,2,1,2,1,2,3,2,2,1,2,1,2,3,4,2,2,3,2,3,1,1,2,2,2,2,2,2,3,1,13,14,20,4,17,9,19,15,11,3,23,18,8,28,13,16,22,25,26,27,12,24,10,5,2,6,7,21,1,TRUE,14,13,28,TRUE,55,"A1753",1,1,1,1,0,0,0,0,1,0,1,0,0,0,0,0,0,0,1,0,0,0,0,0,0,0,0,1,4,2,1,1
"146",898,2022-11-28 17:07:55,"C1135","14",1,NA,NA,NA,NA,NA,1,NA,NA,NA,5,1,1,2,2,1,4,1,2,1,2,1,4,2,2,2,1,3,3,3,2,3,1,2,2,2,1,3,3,1,21,9,3,15,16,23,19,4,17,11,5,13,18,12,27,10,1,24,28,6,25,26,20,21,8,7,2,14,22,TRUE,14,13,28,TRUE,55,"C1135",1,1,0,0,0,0,0,0,1,0,0,1,0,0,1,0,1,0,0,1,0,0,0,0,1,0,0,1,2,2,3,2
"147",941,2022-11-28 17:09:34,"F1562","15",1,NA,NA,NA,NA,NA,1,NA,NA,NA,4,1,1,2,3,1,3,1,2,1,2,3,2,2,2,2,1,3,2,2,2,1,4,2,3,2,2,2,3,3,19,6,28,27,23,10,15,20,18,2,25,9,11,19,3,26,22,8,21,14,5,24,7,12,13,16,1,4,17,TRUE,14,13,28,TRUE,55,"F1562",1,1,0,0,0,0,0,0,1,1,1,1,0,0,1,0,0,1,0,0,1,0,0,0,0,0,0,0,2,4,3,0
"148",1279,2022-11-28 17:12:38,"C1168","14",1,NA,NA,NA,NA,NA,1,NA,NA,NA,5,2,4,2,2,1,3,4,2,1,2,2,2,1,2,4,4,3,4,3,4,2,3,2,1,2,1,3,3,2,17,27,13,20,26,4,25,18,14,1,6,23,8,17,5,28,2,12,22,9,16,3,7,15,24,10,21,19,11,TRUE,14,13,28,TRUE,55,"C1168",0,1,0,0,0,0,0,0,1,0,1,0,0,0,0,0,0,0,0,0,0,0,0,0,1,0,0,0,1,2,0,1
"149",1289,2022-11-28 17:14:12,"A1685","14",2,NA,NA,1,NA,NA,1,NA,NA,NA,3,1,3,1,1,1,3,2,2,2,1,2,1,2,3,4,1,3,2,1,2,2,2,3,1,2,2,1,2,2,10,3,21,11,14,8,12,17,4,23,13,2,25,27,5,1,6,16,24,19,28,9,18,22,15,10,7,26,20,TRUE,14,13,28,TRUE,55,"A1685",0,0,1,0,0,0,0,0,0,0,0,1,1,0,1,0,0,0,0,0,0,1,0,0,0,1,1,0,1,2,2,2
"150",1292,2022-11-28 17:15:13,"A1663","15",2,NA,NA,NA,NA,NA,1,NA,NA,NA,5,1,1,2,2,2,1,1,2,4,2,3,4,2,1,2,1,3,2,3,2,1,1,2,3,1,1,3,3,1,16,10,11,23,4,16,6,26,5,24,25,18,27,8,13,1,7,22,19,12,2,17,14,21,15,28,9,3,20,TRUE,14,13,28,TRUE,55,"A1663",1,1,0,1,1,0,0,0,1,1,0,1,0,0,1,0,0,0,0,0,0,0,0,1,1,0,0,1,4,3,1,3
"151",1252,2022-11-28 17:15:24,"E1618","14",1,NA,NA,NA,NA,NA,1,NA,NA,NA,5,1,1,2,4,1,4,2,2,1,1,3,2,2,2,2,1,1,2,3,2,1,1,2,2,2,1,3,3,1,19,21,4,9,6,24,7,14,12,10,20,28,23,5,22,13,8,3,15,19,2,26,25,18,16,1,27,17,11,TRUE,14,13,28,TRUE,55,"E1618",1,1,0,0,0,0,0,0,0,1,1,1,0,0,1,0,0,0,0,0,0,0,0,0,1,0,0,1,2,3,1,2
"152",30,2022-11-28 17:26:42,"F1450",NA,NA,NA,NA,NA,NA,NA,NA,NA,NA,NA,NA,NA,NA,NA,NA,NA,NA,NA,NA,NA,NA,NA,NA,NA,NA,NA,NA,NA,NA,NA,NA,NA,NA,NA,NA,NA,NA,NA,NA,NA,NA,NA,NA,NA,NA,NA,NA,NA,NA,NA,NA,NA,NA,NA,NA,NA,NA,NA,NA,NA,NA,NA,NA,NA,NA,NA,NA,NA,NA,FALSE,0,0,0,FALSE,0,"F1450",0,0,0,0,0,0,0,0,0,0,0,0,0,0,0,0,0,0,0,0,0,0,0,0,0,0,0,0,0,0,0,0
"153",1929,2022-11-28 17:33:11,"D1078","16",2,NA,NA,1,NA,NA,NA,NA,NA,NA,4,1,1,1,2,1,4,1,2,2,2,3,4,2,2,2,1,3,3,3,2,1,2,2,2,2,3,4,3,3,17,13,16,24,25,14,4,6,10,1,27,23,8,5,9,26,22,21,19,7,11,15,2,17,20,28,12,3,18,TRUE,14,13,28,TRUE,55,"D1078",1,0,0,0,0,0,0,0,1,1,0,1,0,0,1,0,1,0,0,0,0,0,0,0,0,0,0,0,1,3,2,0
"154",622,2022-11-28 17:37:53,"E0279","13",2,NA,NA,NA,NA,NA,1,NA,NA,NA,5,1,1,3,2,1,3,1,2,3,3,2,1,2,4,2,1,3,2,2,2,1,3,2,3,4,2,4,1,1,12,24,6,13,21,25,10,22,3,26,23,19,1,14,12,4,5,17,27,2,7,20,8,18,16,11,28,9,15,TRUE,14,13,28,TRUE,55,"E0279",1,0,0,0,0,0,0,1,0,0,0,1,0,0,1,0,0,1,0,0,0,0,0,0,0,0,0,1,2,1,2,1
"155",633,2022-11-28 17:38:01,"C0268","13",2,NA,1,NA,NA,NA,NA,NA,NA,NA,4,1,1,3,4,3,1,2,2,1,2,1,3,3,3,2,4,3,2,3,2,2,3,2,2,2,4,1,2,1,11,27,20,3,15,8,14,1,12,19,9,10,16,22,11,25,18,23,5,4,21,24,2,28,6,17,7,26,13,TRUE,14,13,28,TRUE,55,"C0268",1,0,0,0,1,0,0,0,1,0,0,0,1,0,0,0,0,0,0,0,0,0,0,0,0,1,1,1,2,2,0,3
"156",762,2022-11-28 17:38:38,"D1179","13",1,NA,1,NA,NA,NA,NA,NA,NA,NA,5,1,1,2,2,1,3,1,2,1,2,3,2,2,2,2,1,3,3,4,2,1,1,2,3,2,1,3,3,1,23,26,23,21,10,4,22,7,15,8,20,12,3,14,24,9,17,11,18,5,1,6,13,2,19,25,28,27,16,TRUE,14,13,28,TRUE,55,"D1179",1,1,0,0,0,0,0,0,1,1,1,1,0,0,1,0,1,0,0,0,0,0,0,0,1,0,0,1,2,4,2,2
"157",757,2022-11-28 17:39:33,"C0976","12",6,NA,NA,NA,NA,NA,1,NA,NA,NA,2,1,1,2,2,1,3,1,2,1,2,1,4,2,1,1,1,2,2,4,2,2,1,2,2,1,1,3,3,2,19,25,8,6,27,11,23,14,19,24,26,5,15,10,7,2,13,9,4,3,20,12,18,16,28,21,17,22,1,TRUE,14,13,28,TRUE,55,"C0976",1,1,0,0,0,0,0,0,1,0,0,1,0,0,1,1,0,0,0,0,0,0,0,1,1,0,0,0,2,2,2,2
"158",810,2022-11-28 17:39:59,"E1090","13",2,NA,NA,NA,NA,NA,1,NA,NA,NA,1,1,1,2,3,3,3,3,2,1,2,3,2,2,2,2,2,3,1,4,2,4,1,2,2,2,4,3,3,4,20,11,5,24,27,15,9,23,17,20,14,21,16,1,2,25,12,28,10,7,18,8,13,6,26,4,3,22,19,TRUE,14,13,28,TRUE,55,"E1090",1,1,0,0,0,1,0,0,1,1,1,1,0,0,0,0,0,0,0,0,0,0,0,0,0,0,0,0,3,4,0,0
"159",907,2022-11-28 17:40:55,"E0381","12",2,NA,NA,1,NA,NA,NA,NA,NA,NA,4,1,1,2,2,1,1,3,2,1,2,3,2,2,2,4,1,3,3,3,2,4,1,2,2,2,1,2,3,4,22,1,9,13,3,5,7,2,24,26,8,25,17,18,15,19,12,6,28,21,14,11,22,23,16,10,27,20,4,TRUE,14,13,28,TRUE,55,"E0381",1,1,0,0,1,1,0,0,1,1,1,1,0,0,1,0,1,0,0,0,0,0,0,0,1,0,0,0,4,4,2,1
"160",812,2022-11-28 17:41:16,"B2877","14",2,NA,NA,NA,NA,NA,1,NA,NA,NA,1,1,1,2,2,1,2,1,3,1,2,1,4,2,3,3,2,2,3,1,2,1,2,2,1,1,1,1,3,2,13,25,9,8,5,24,13,7,2,11,12,14,15,16,21,10,6,28,4,20,1,18,26,19,17,3,22,23,27,TRUE,14,13,28,TRUE,55,"B2877",1,1,0,0,0,0,0,0,1,0,0,1,1,1,0,1,1,0,0,0,0,0,0,1,1,1,0,0,2,4,2,3
"161",976,2022-11-28 17:41:18,"C1180","12",1,NA,NA,NA,NA,NA,1,NA,NA,NA,4,1,1,2,4,1,3,1,3,1,2,3,4,2,2,2,1,3,3,3,2,3,2,2,2,2,4,3,3,2,20,21,10,20,3,14,25,6,12,17,9,8,15,26,27,13,2,24,4,22,5,7,1,28,11,19,23,18,16,TRUE,14,13,28,TRUE,55,"C1180",1,1,0,0,0,0,0,0,1,1,0,1,0,0,1,0,1,0,0,1,0,0,0,0,0,0,0,0,2,3,3,0
"162",822,2022-11-28 17:41:40,"B2811","13",1,NA,NA,NA,NA,NA,1,NA,NA,NA,4,1,1,1,2,1,3,1,2,1,1,3,3,2,2,2,2,3,2,3,2,2,1,2,2,2,1,2,3,2,20,6,27,4,22,11,10,26,2,17,8,23,15,18,25,7,12,9,5,21,14,20,28,13,3,19,1,24,16,TRUE,14,13,28,TRUE,55,"B2811",1,0,0,0,0,0,0,0,0,1,0,1,0,0,0,0,0,0,0,0,0,0,0,0,1,0,0,0,1,2,0,1
"163",835,2022-11-28 17:41:41,"A2899","14",1,NA,NA,NA,NA,NA,1,NA,NA,NA,4,1,1,2,4,1,3,4,2,1,2,3,2,2,2,2,1,3,3,3,2,2,1,2,3,3,1,3,3,1,22,14,11,3,10,1,27,4,5,16,18,12,21,2,28,25,15,17,22,7,24,9,23,8,20,6,26,13,19,TRUE,14,13,28,TRUE,55,"A2899",1,1,0,0,0,0,0,0,1,1,1,1,0,0,1,0,1,0,0,0,0,0,0,0,1,0,0,1,2,4,2,2
"164",902,2022-11-28 17:42:34,"D2800","14",2,NA,NA,NA,NA,NA,1,NA,NA,NA,4,1,4,2,2,1,3,1,2,1,2,3,1,2,2,4,1,3,3,4,2,3,3,2,2,1,2,3,3,2,19,6,10,28,20,4,18,23,25,12,5,27,22,16,17,11,13,21,2,1,8,26,19,15,9,14,7,3,24,TRUE,14,13,28,TRUE,55,"D2800",0,1,0,0,0,0,0,0,1,1,0,1,0,0,1,0,1,0,0,1,0,0,0,1,0,0,0,0,1,3,3,1
"165",924,2022-11-28 17:43:03,"D1865","12",2,NA,1,NA,NA,NA,1,NA,NA,NA,2,1,3,2,2,1,3,2,2,1,2,1,4,2,1,2,1,3,3,3,2,3,2,2,2,1,2,3,3,2,18,18,13,17,14,26,6,1,20,12,9,11,8,4,3,16,22,25,15,7,21,28,24,10,2,5,23,19,27,TRUE,14,13,28,TRUE,55,"D1865",0,1,0,0,0,0,0,0,1,0,0,1,0,0,1,0,1,0,0,1,0,0,0,1,0,0,0,0,1,2,3,1
"166",1014,2022-11-28 17:43:04,"D1012","12",1,NA,NA,1,NA,NA,NA,NA,NA,NA,5,2,1,2,3,3,4,1,2,4,2,3,2,2,2,3,1,3,3,3,2,2,1,2,2,2,1,4,3,4,19,4,28,18,23,5,2,11,26,20,27,13,14,9,3,15,16,8,21,17,25,19,22,12,24,7,10,1,6,TRUE,14,13,28,TRUE,55,"D1012",1,1,0,0,0,0,0,0,1,1,1,1,0,1,1,0,1,0,0,0,0,0,0,0,1,0,0,0,2,5,2,1
"167",1072,2022-11-28 17:43:23,"F1191","12",1,NA,NA,NA,NA,NA,1,NA,NA,NA,5,2,1,2,4,1,3,4,4,1,2,3,2,2,1,2,1,4,1,4,2,4,1,2,2,1,4,4,3,2,17,5,18,3,20,27,4,13,12,22,8,7,10,24,19,6,14,25,23,26,11,28,21,17,1,15,16,2,9,TRUE,14,13,28,TRUE,55,"F1191",1,1,0,0,0,0,0,0,1,1,1,1,0,0,1,0,0,0,0,0,0,0,0,1,0,0,0,0,2,4,1,1
"168",840,2022-11-28 17:43:28,"D0572","13",2,NA,NA,NA,NA,NA,1,NA,NA,NA,5,1,2,2,3,1,3,2,3,1,2,3,2,2,2,1,1,3,2,3,2,3,1,2,3,2,1,3,3,2,19,1,25,5,4,19,24,20,13,26,7,3,9,17,28,18,15,23,11,10,12,16,2,21,27,14,22,6,8,TRUE,14,13,28,TRUE,55,"D0572",0,1,0,0,0,0,0,0,1,1,1,1,0,0,1,0,0,0,0,1,0,0,0,0,1,0,0,0,1,4,2,1
"169",936,2022-11-28 17:43:33,"C2631","13",2,NA,NA,NA,1,NA,1,NA,NA,NA,5,1,1,2,2,1,3,1,2,1,1,4,3,2,2,3,2,4,2,4,2,3,1,2,3,2,1,3,3,2,17,24,16,7,8,21,27,2,11,15,13,1,20,17,9,23,12,10,3,4,19,5,25,18,14,28,6,22,26,TRUE,14,13,28,TRUE,55,"C2631",1,1,0,0,0,0,0,0,0,0,0,1,0,1,0,0,0,0,0,1,0,0,0,0,1,0,0,0,2,2,1,1
"170",980,2022-11-28 17:43:51,"E1821","13",2,NA,NA,1,NA,NA,NA,NA,NA,NA,3,1,1,2,2,1,3,1,2,1,1,2,1,2,1,2,1,3,2,3,2,2,1,2,2,2,1,2,3,2,20,28,25,14,4,19,17,10,16,13,5,8,27,21,3,2,6,12,23,15,11,1,9,24,20,26,7,18,22,TRUE,14,13,28,TRUE,55,"E1821",1,1,0,0,0,0,0,0,0,0,0,1,0,0,1,0,0,0,0,0,0,0,0,0,1,0,0,0,2,1,1,1
"171",1016,2022-11-28 17:43:54,"A1089","12",2,NA,NA,1,NA,NA,1,NA,NA,NA,1,1,1,2,1,1,1,1,2,1,2,1,2,2,1,2,2,1,2,1,2,1,3,3,2,2,2,2,3,1,13,25,14,28,1,24,13,10,20,12,18,17,2,23,15,26,19,21,16,4,11,6,5,9,22,7,8,27,3,TRUE,14,13,28,TRUE,55,"A1089",1,1,1,0,1,0,0,0,1,0,1,1,0,0,0,0,0,0,0,0,0,1,0,0,0,0,0,1,4,3,1,1
"172",1154,2022-11-28 17:44:00,"E0448","13",2,NA,NA,1,NA,NA,NA,NA,NA,NA,5,1,1,2,2,1,4,2,2,1,3,1,2,2,2,2,1,4,3,3,2,2,1,2,2,1,2,3,3,1,19,2,27,15,14,24,9,20,18,3,11,19,4,23,10,22,25,7,28,13,16,21,26,6,1,5,17,12,8,TRUE,14,13,28,TRUE,55,"E0448",1,1,0,0,0,0,0,0,0,0,1,1,0,0,1,0,1,0,0,0,0,0,0,1,0,0,0,1,2,2,2,2
"173",988,2022-11-28 17:44:06,"C1843","14",2,NA,NA,NA,NA,NA,1,NA,NA,NA,2,2,1,2,2,1,3,1,2,1,1,1,2,2,4,2,1,3,3,3,2,3,1,2,2,2,3,1,3,2,20,27,9,24,18,14,21,28,1,8,6,16,17,2,10,26,23,13,5,3,15,12,25,20,22,11,7,4,19,TRUE,14,13,28,TRUE,55,"C1843",1,1,0,0,0,0,0,0,0,0,1,1,0,0,1,0,1,0,0,1,0,0,0,0,0,1,0,0,2,2,3,1
"174",1114,2022-11-28 17:44:14,"D0370","12",2,NA,NA,NA,NA,NA,1,NA,NA,NA,2,1,1,2,1,2,3,1,2,4,2,3,2,2,1,2,3,3,2,1,2,1,2,2,2,2,3,3,3,2,17,26,12,7,27,18,13,1,28,10,17,21,3,4,24,15,11,23,19,25,14,16,6,2,22,9,20,5,8,TRUE,14,13,28,TRUE,55,"D0370",1,1,1,1,0,0,0,0,1,1,1,1,0,0,0,0,0,0,0,0,0,0,0,0,0,0,0,0,4,4,0,0
"175",1015,2022-11-28 17:45:15,"F2866","13",1,NA,NA,NA,1,NA,NA,NA,NA,NA,3,1,1,2,4,1,3,4,2,2,2,3,2,2,4,4,3,4,4,1,2,4,3,3,3,2,4,3,3,2,14,15,20,19,16,6,14,21,22,26,13,24,2,25,9,1,5,17,27,10,8,28,18,11,4,23,3,12,7,TRUE,14,13,28,TRUE,55,"F2866",1,1,0,0,0,0,0,0,1,1,1,1,0,0,0,0,0,0,0,0,0,1,0,0,0,0,0,0,2,4,1,0
"176",1077,2022-11-28 17:46:34,"E2776","14",2,NA,NA,NA,NA,NA,1,NA,NA,NA,1,2,1,2,3,4,3,1,2,1,3,4,2,2,4,2,1,3,3,3,2,3,1,2,2,2,2,2,2,3,16,22,5,11,10,23,3,14,21,8,24,13,7,12,2,20,18,26,9,4,17,16,27,6,25,15,1,28,19,TRUE,14,13,28,TRUE,55,"E2776",1,1,0,0,0,0,0,0,0,0,1,1,0,0,1,0,1,0,0,1,0,0,0,0,0,0,1,0,2,2,3,1
"177",1098,2022-11-28 17:46:40,"D1810","13",1,NA,NA,NA,NA,NA,1,NA,NA,NA,3,1,1,2,4,4,3,1,4,3,2,3,1,2,2,4,1,3,3,4,2,2,4,2,3,2,2,3,3,2,17,18,27,3,23,13,6,5,11,14,16,12,25,4,7,24,1,21,9,17,22,20,26,10,15,2,8,28,19,TRUE,14,13,28,TRUE,55,"D1810",1,1,0,0,0,0,0,1,1,1,0,1,0,0,1,0,1,0,0,0,1,0,0,0,0,0,0,0,3,3,3,0
"178",1230,2022-11-28 17:47:00,"C1269","14",1,NA,NA,1,NA,NA,NA,NA,NA,NA,4,1,1,2,2,3,2,2,2,4,2,2,2,2,2,3,2,2,1,3,2,3,1,2,2,2,2,4,3,1,14,27,15,22,4,12,26,25,18,21,11,14,2,8,23,16,7,19,9,17,28,10,1,6,5,20,3,13,24,TRUE,14,13,28,TRUE,55,"C1269",1,1,0,0,0,0,0,0,1,0,1,1,0,1,0,1,0,0,0,1,0,0,0,0,0,0,0,1,2,4,2,1
"179",1335,2022-11-28 17:47:44,"D1203","12",2,NA,NA,1,1,NA,NA,NA,NA,NA,5,2,1,2,3,1,3,2,2,1,2,1,2,2,4,2,1,3,3,3,2,2,1,2,2,2,3,2,3,2,21,18,12,7,16,24,25,4,15,10,9,5,17,11,6,21,3,22,28,27,2,1,8,20,23,14,26,19,13,TRUE,14,13,28,TRUE,55,"D1203",1,1,0,0,0,0,0,0,1,0,1,1,0,0,1,0,1,0,0,0,0,0,0,0,0,0,0,0,2,3,2,0
"180",1162,2022-11-28 17:48:04,"D1854","13",1,NA,NA,NA,1,NA,NA,NA,NA,NA,4,1,1,2,3,1,3,1,1,1,2,3,2,2,1,2,1,2,3,3,2,3,2,2,2,2,2,2,3,2,18,18,6,14,16,15,23,26,17,10,11,25,3,5,20,9,22,21,2,8,24,13,7,1,19,4,12,27,28,TRUE,14,13,28,TRUE,55,"D1854",1,1,0,0,0,0,1,0,1,1,1,1,0,0,1,1,1,0,0,1,0,0,0,0,0,0,0,0,3,4,4,0
"181",1281,2022-11-28 17:49:03,"B1214","13",1,NA,NA,1,NA,NA,NA,NA,NA,NA,3,1,1,3,4,1,4,2,2,3,4,4,2,1,3,4,2,3,3,3,1,3,2,2,2,1,2,2,4,3,8,18,4,25,20,27,6,12,1,2,17,7,5,9,13,10,26,14,22,21,8,19,23,16,24,28,15,3,11,TRUE,14,13,28,TRUE,55,"B1214",1,0,0,0,0,0,0,1,0,0,1,0,1,0,0,0,1,0,1,1,0,0,0,1,0,0,0,0,2,2,3,1
"182",1278,2022-11-28 17:49:05,"C2888","14",1,NA,NA,1,NA,NA,NA,NA,NA,NA,4,1,1,2,2,1,3,1,2,2,2,3,2,2,2,3,1,3,3,3,2,2,1,2,2,2,1,2,3,2,23,22,24,10,3,15,9,21,11,13,25,26,1,18,28,20,23,16,6,4,12,5,14,27,17,7,2,8,19,TRUE,14,13,28,TRUE,55,"C2888",1,1,0,0,0,0,0,0,1,1,1,1,0,1,1,0,1,0,0,0,0,0,0,0,1,0,0,0,2,5,2,1
"183",1257,2022-11-28 17:49:15,"A2798","14",2,NA,NA,NA,NA,NA,1,NA,NA,NA,1,1,1,1,2,1,3,1,2,1,2,2,2,2,2,1,2,2,2,3,2,2,2,2,2,2,2,1,3,1,16,17,25,21,4,15,28,13,11,24,22,12,6,23,14,19,5,26,18,2,16,9,7,3,27,20,8,1,10,TRUE,14,13,28,TRUE,55,"A2798",1,0,0,0,0,0,0,0,1,0,1,1,0,0,0,1,0,0,0,0,0,0,0,0,0,1,0,1,1,3,1,2
"184",1389,2022-11-28 17:49:19,"C1225","12",2,NA,NA,NA,NA,NA,1,NA,NA,NA,1,1,3,2,1,2,4,1,4,4,1,1,2,4,2,4,1,1,1,3,2,2,1,2,2,2,1,3,3,2,14,19,4,17,3,28,24,21,23,8,13,1,22,26,16,9,25,2,20,6,12,15,27,14,11,7,5,10,18,TRUE,14,13,28,TRUE,55,"C1225",0,1,1,1,0,0,0,0,0,0,1,0,0,0,1,0,0,0,0,0,0,0,0,0,1,0,0,0,3,1,1,1
"185",1297,2022-11-28 17:49:46,"B2787","12",2,NA,NA,NA,NA,NA,1,NA,NA,NA,1,1,4,2,2,1,3,2,2,1,1,3,1,2,2,3,1,3,3,3,2,3,1,2,3,2,2,3,3,2,19,3,8,15,1,14,27,28,7,6,17,11,26,5,4,24,21,10,18,9,22,19,2,23,25,13,12,20,16,TRUE,14,13,28,TRUE,55,"B2787",0,1,0,0,0,0,0,0,0,1,0,1,0,1,1,0,1,0,0,1,0,0,0,0,0,0,0,0,1,3,3,0
"186",1498,2022-11-28 17:50:54,"C0369","12",1,NA,NA,NA,NA,NA,1,NA,NA,NA,5,1,1,2,3,1,3,2,4,1,2,1,2,2,1,2,1,3,2,4,2,2,2,2,2,2,1,2,3,2,19,10,27,22,6,9,15,14,23,4,21,19,13,24,8,18,1,17,7,16,2,5,11,20,3,28,26,12,25,TRUE,14,13,28,TRUE,55,"C0369",1,1,0,0,0,0,0,0,1,0,1,1,0,0,1,0,0,0,0,0,0,0,0,0,1,0,0,0,2,3,1,1
"187",1583,2022-11-28 17:51:56,"E0640","12",1,NA,NA,1,NA,NA,NA,NA,NA,NA,4,2,1,2,2,4,1,1,4,1,2,3,2,2,1,2,1,3,2,4,2,1,2,1,4,2,1,2,1,2,15,9,5,23,2,8,19,20,21,22,16,10,18,28,14,4,25,13,12,24,11,26,15,27,7,3,17,1,6,TRUE,14,13,28,TRUE,55,"E0640",1,1,0,0,1,0,0,0,1,1,1,1,0,0,1,0,0,0,0,0,0,0,1,0,1,0,0,0,3,4,1,2
"188",1407,2022-11-28 17:52:30,"A3058","13",2,NA,NA,1,NA,NA,1,NA,NA,NA,3,1,1,2,2,1,3,3,1,1,3,1,2,2,4,2,3,3,3,2,2,2,3,3,3,3,3,2,3,1,16,22,28,3,4,7,11,12,8,14,26,13,25,24,15,5,23,18,20,6,2,9,1,10,19,21,17,16,27,TRUE,14,13,28,TRUE,55,"A3058",1,1,0,0,0,1,1,0,0,0,1,1,0,0,0,0,1,1,0,0,0,1,0,0,0,0,0,1,4,2,3,1
"189",789,2022-11-28 17:52:53,"E1966","14",2,NA,NA,NA,NA,NA,1,NA,NA,NA,2,1,1,2,2,2,3,1,3,1,2,3,4,2,2,2,2,3,3,1,2,1,1,3,3,2,2,1,2,2,16,1,25,13,12,21,2,4,3,24,14,11,20,6,10,15,19,9,26,23,27,7,8,5,28,16,17,22,18,TRUE,14,13,28,TRUE,55,"E1966",1,1,0,1,0,0,0,0,1,1,0,1,0,0,0,0,1,0,0,0,0,1,0,0,0,1,1,0,3,3,2,2
"190",830,2022-11-28 17:53:31,"F2103","13",6,NA,NA,NA,NA,NA,1,NA,NA,NA,4,1,1,2,1,2,3,1,2,2,2,3,4,2,1,4,1,3,3,3,2,3,2,2,2,2,1,2,3,1,16,15,27,5,1,13,4,17,24,6,23,28,22,18,7,12,25,3,11,14,8,10,20,9,2,19,16,21,26,TRUE,14,13,28,TRUE,55,"F2103",1,1,1,1,0,0,0,0,1,1,0,1,0,0,1,0,1,0,0,1,0,0,0,0,1,0,0,1,4,3,3,2
"191",2226,2022-11-28 17:53:37,"F1528","14",2,NA,NA,NA,NA,NA,1,NA,NA,NA,2,1,1,2,1,1,1,2,2,1,2,4,1,2,1,2,2,2,2,4,2,1,2,NA,2,3,2,1,2,1,10,6,15,3,12,5,25,13,8,16,18,24,14,2,10,1,9,4,20,26,17,19,28,22,7,27,21,11,23,FALSE,14,12,28,TRUE,54,"F1528",1,1,1,0,1,0,0,0,1,0,0,1,0,0,0,1,0,0,0,0,0,0,0,0,0,1,1,1,4,2,1,3
"192",843,2022-11-28 17:53:53,"E2260","14",1,NA,NA,NA,NA,NA,1,NA,NA,NA,3,2,1,2,2,1,1,1,2,1,2,3,2,2,1,3,1,3,3,1,2,2,2,3,2,2,2,1,3,1,18,25,3,17,27,22,14,4,19,16,7,11,10,21,12,15,13,18,28,9,26,6,23,1,2,5,20,8,24,TRUE,14,13,28,TRUE,55,"E2260",1,1,0,0,1,0,0,0,1,1,1,1,0,1,1,0,1,0,0,0,0,1,0,0,0,1,0,1,3,5,3,2
"193",708,2022-11-28 17:53:57,"B2125","14",1,NA,NA,NA,NA,NA,1,NA,NA,NA,5,1,1,2,2,1,3,1,2,1,1,3,4,2,2,1,1,3,2,3,2,2,1,2,1,1,3,3,3,2,19,5,17,7,12,8,22,27,1,15,14,28,25,18,26,21,13,2,16,10,9,4,3,20,6,23,24,11,19,TRUE,14,13,28,TRUE,55,"B2125",1,1,0,0,0,0,0,0,0,1,0,1,0,0,1,0,0,0,0,0,0,0,0,1,0,0,0,0,2,2,1,1
"194",840,2022-11-28 17:55:16,"E2215","13",2,NA,NA,1,NA,NA,NA,NA,NA,NA,1,1,1,1,1,4,3,1,4,3,3,2,4,2,3,4,1,2,2,3,2,1,3,2,2,2,1,1,1,2,10,7,13,17,8,1,27,6,20,26,24,23,16,9,4,12,28,19,21,14,25,2,18,11,5,10,22,3,15,TRUE,14,13,28,TRUE,55,"E2215",1,0,1,0,0,0,0,1,0,0,0,1,1,0,1,1,0,0,0,0,0,0,0,0,1,1,0,0,3,2,2,2
"195",1732,2022-11-28 17:56:25,"E0280","13",2,NA,NA,NA,NA,NA,1,NA,NA,NA,4,2,1,2,1,4,3,1,2,1,2,3,2,2,2,2,2,3,2,4,2,2,1,2,1,1,1,2,3,2,19,18,23,8,2,3,6,4,9,7,20,1,19,10,11,27,24,16,13,14,12,21,26,22,25,17,15,5,28,TRUE,14,13,28,TRUE,55,"E0280",1,1,1,0,0,0,0,0,1,1,1,1,0,0,0,0,0,0,0,0,0,0,0,1,1,0,0,0,3,4,0,2
"196",1035,2022-11-28 17:56:59,"F3069","13",2,NA,NA,NA,NA,NA,1,NA,NA,NA,2,1,1,2,2,1,1,1,2,2,1,4,4,2,4,2,1,3,3,2,2,3,1,4,2,2,3,3,3,4,17,11,18,19,23,10,4,20,7,8,2,9,6,21,22,27,3,24,26,16,14,25,12,28,13,1,17,15,5,TRUE,14,13,28,TRUE,55,"F3069",1,1,0,0,1,0,0,0,0,0,0,1,0,0,1,0,1,1,0,1,0,0,0,0,0,0,0,0,3,1,4,0
"197",951,2022-11-28 17:57:05,"D1900","13",1,NA,NA,NA,NA,NA,1,NA,NA,NA,4,1,1,2,3,1,3,4,2,1,2,3,2,2,2,2,1,3,3,4,2,3,2,2,2,2,1,4,3,2,22,18,13,3,9,20,27,28,5,15,4,25,24,23,22,19,21,10,16,2,14,17,26,12,6,11,8,1,7,TRUE,14,13,28,TRUE,55,"D1900",1,1,0,0,0,0,0,0,1,1,1,1,0,0,1,0,1,0,0,1,0,0,0,0,1,0,0,0,2,4,3,1
"198",1042,2022-11-28 17:57:07,"F3070","15",1,NA,NA,NA,NA,NA,1,NA,NA,NA,4,2,1,2,2,1,3,2,2,1,2,3,2,2,2,4,1,3,3,4,2,3,3,2,2,2,2,2,3,1,20,23,25,7,16,11,3,18,20,22,5,1,24,28,4,2,17,26,19,6,8,9,10,21,12,14,13,27,15,TRUE,14,13,28,TRUE,55,"F3070",1,1,0,0,0,0,0,0,1,1,1,1,0,0,1,0,1,0,0,1,0,0,0,0,0,0,0,1,2,4,3,1
"199",1050,2022-11-28 17:58:17,"E2170","13",1,NA,NA,1,NA,NA,NA,NA,NA,NA,4,1,1,1,4,1,1,2,2,1,2,3,1,2,4,3,2,2,2,3,2,2,1,2,2,2,2,2,4,4,13,16,26,9,23,14,2,13,7,11,1,19,4,17,10,25,12,18,8,28,22,3,5,15,24,6,20,27,21,TRUE,14,13,28,TRUE,55,"E2170",1,0,0,0,1,0,0,0,1,1,0,1,0,1,0,1,0,0,0,0,0,0,0,0,0,0,0,0,2,4,1,0
"200",1150,2022-11-28 17:58:53,"B1933","15",1,NA,NA,1,NA,NA,1,NA,NA,NA,3,1,1,2,1,3,3,1,2,2,2,2,1,2,3,2,1,3,2,4,2,3,1,3,2,2,3,2,3,1,14,1,12,20,26,18,5,2,25,9,27,22,14,8,7,21,11,6,15,19,28,10,17,3,13,24,23,4,16,TRUE,14,13,28,TRUE,55,"B1933",1,1,1,0,0,0,0,0,1,0,0,1,1,0,1,0,0,0,0,1,0,1,0,0,0,0,0,1,3,3,3,1
"201",1248,2022-11-28 18:00:32,"B1944","14",2,NA,NA,NA,1,NA,1,NA,NA,NA,2,1,3,4,3,2,3,1,2,3,1,3,1,2,2,2,3,3,3,3,2,2,3,4,1,1,1,1,2,2,12,11,5,24,25,9,21,12,27,13,7,1,20,17,28,2,14,6,3,18,10,8,4,26,16,15,22,23,19,TRUE,14,13,28,TRUE,55,"B1944",0,0,0,1,0,0,0,1,0,1,0,1,0,0,0,0,1,0,0,0,0,0,0,1,1,1,1,0,2,2,1,4
"202",1252,2022-11-28 18:00:40,"B2114","15",2,NA,NA,1,NA,NA,NA,NA,NA,NA,4,1,1,1,4,3,3,2,3,2,3,2,4,1,3,3,1,3,2,2,2,2,3,2,2,1,4,2,1,2,10,19,27,20,5,18,17,23,26,22,4,14,1,28,24,16,6,3,13,10,21,25,8,15,2,9,7,12,11,TRUE,14,13,28,TRUE,55,"B2114",1,0,0,0,0,0,0,0,0,0,0,0,1,1,1,0,0,1,0,0,0,0,0,1,0,0,0,0,1,2,2,1
"203",1029,2022-11-28 18:00:50,"C2158","14",1,NA,NA,NA,1,NA,NA,NA,NA,NA,4,2,1,2,3,3,3,2,2,2,2,3,4,2,2,3,1,2,3,3,2,3,2,2,3,2,2,2,3,2,15,11,20,9,18,4,19,24,26,22,8,23,14,27,1,16,15,7,17,13,5,28,21,2,12,25,10,6,3,TRUE,14,13,28,TRUE,55,"C2158",1,1,0,0,0,0,0,0,1,1,0,1,0,1,1,1,1,0,0,1,0,0,0,0,0,0,0,0,2,4,4,0
"204",1199,2022-11-28 18:00:59,"C2192","13",1,NA,NA,1,NA,NA,NA,NA,NA,NA,4,1,2,1,1,1,1,1,3,2,2,2,2,2,2,2,2,1,3,3,2,2,1,2,2,3,2,3,2,2,14,27,1,26,6,11,25,13,19,2,20,7,9,22,14,3,8,5,28,10,17,15,16,4,18,21,12,23,24,TRUE,14,13,28,TRUE,55,"C2192",0,0,1,0,1,0,0,0,1,0,1,1,0,0,0,0,1,0,0,0,0,0,0,0,0,0,1,0,2,3,1,1
"205",1045,2022-11-28 18:06:39,"D1911","13 years old",1,NA,NA,1,NA,NA,NA,NA,NA,NA,3,2,1,2,1,1,1,1,2,1,1,3,2,2,2,1,2,2,3,3,2,2,1,2,2,2,1,2,2,2,18,3,23,10,19,8,14,11,1,20,5,22,9,24,12,13,18,6,16,17,25,4,28,15,7,2,26,21,27,TRUE,14,13,28,TRUE,55,"D1911",1,1,1,0,1,0,0,0,0,1,1,1,0,0,0,1,1,0,0,0,0,0,0,0,1,0,1,0,4,3,2,2
"206",668,2022-11-28 18:35:11,"A0954","15",1,NA,NA,NA,NA,NA,1,NA,NA,NA,5,1,2,2,2,3,1,1,2,2,2,1,2,2,2,2,1,3,3,4,2,2,3,2,2,2,1,2,3,1,18,2,9,15,26,12,28,6,22,20,5,16,24,10,17,25,8,1,11,3,21,13,7,23,27,18,4,19,14,TRUE,14,13,28,TRUE,55,"A0954",0,1,0,0,1,0,0,0,1,0,1,1,0,0,1,0,1,0,0,0,0,0,0,0,1,0,0,1,2,3,2,2
"207",715,2022-11-28 18:35:25,"D0875","14",1,NA,NA,NA,1,NA,1,NA,NA,NA,5,1,1,2,1,1,3,1,2,1,2,3,2,2,3,1,2,3,3,4,2,2,1,2,2,2,1,2,3,2,21,5,1,26,13,12,8,10,4,7,24,23,17,20,22,14,11,16,21,18,25,6,28,15,2,9,3,19,27,TRUE,14,13,28,TRUE,55,"D0875",1,1,1,0,0,0,0,0,1,1,1,1,1,0,0,0,1,0,0,0,0,0,0,0,1,0,0,0,3,5,1,1
"208",687,2022-11-28 18:35:27,"D1056","14",1,NA,NA,NA,1,NA,1,NA,NA,NA,4,1,1,2,1,1,4,1,1,3,2,3,4,2,4,3,1,1,3,3,2,2,3,2,2,2,1,3,3,2,17,18,17,28,9,21,22,6,12,19,23,4,8,7,1,15,5,26,25,16,27,10,13,24,20,2,3,11,14,TRUE,14,13,28,TRUE,55,"D1056",1,1,1,0,0,0,1,1,1,1,0,1,0,1,1,0,1,0,0,0,0,0,0,0,1,0,0,0,5,4,2,1
"209",791,2022-11-28 18:39:17,"A0594","13",2,NA,NA,NA,NA,NA,1,NA,NA,NA,3,2,3,4,2,1,1,1,3,2,1,2,2,1,3,1,2,3,4,2,2,2,3,3,2,3,1,2,3,3,10,17,25,13,3,6,27,5,16,24,26,10,18,7,9,4,28,20,15,21,8,2,12,22,14,1,11,19,23,TRUE,14,13,28,TRUE,55,"A0594",0,0,0,0,1,0,0,0,0,0,1,0,1,0,0,0,0,1,0,0,0,1,0,0,1,0,0,0,1,2,2,1
"210",921,2022-11-28 18:39:20,"D1540","14",2,NA,NA,1,NA,NA,1,NA,NA,NA,3,1,1,2,1,3,1,2,2,1,2,3,2,2,1,4,1,3,3,3,1,2,3,3,3,2,2,3,3,2,16,20,21,19,18,7,25,3,24,17,27,16,13,2,12,5,22,14,28,11,26,10,9,1,6,4,8,23,15,TRUE,14,13,28,TRUE,55,"D1540",1,1,1,0,1,0,0,0,1,1,1,1,0,0,1,0,1,0,1,0,0,1,0,0,0,0,0,0,4,4,4,0
"211",690,2022-11-28 18:40:18,"D0314","13",2,NA,NA,1,NA,NA,NA,NA,NA,NA,2,1,1,3,2,3,2,2,2,2,3,3,3,2,2,3,4,2,2,2,3,2,3,3,2,2,2,2,3,3,11,2,12,26,23,18,21,22,6,4,20,7,11,10,27,1,9,25,24,8,28,14,17,3,13,5,15,16,19,TRUE,14,13,28,TRUE,55,"D0314",1,0,0,0,0,0,0,0,0,1,0,1,0,1,0,1,0,1,0,0,0,1,0,0,0,0,0,0,1,3,3,0
"212",876,2022-11-28 18:41:01,"A0897","14",1,NA,NA,NA,NA,NA,1,NA,NA,NA,4,1,1,2,2,1,3,2,2,1,2,3,2,2,2,3,3,3,3,2,2,3,1,2,3,3,2,1,3,1,19,15,9,10,22,14,18,21,16,2,24,19,23,6,4,7,17,5,25,12,3,1,8,13,27,28,26,11,20,TRUE,14,13,28,TRUE,55,"A0897",1,1,0,0,0,0,0,0,1,1,1,1,0,1,0,0,1,1,0,1,0,0,0,0,0,1,0,1,2,5,3,2
"213",1097,2022-11-28 18:42:00,"C0842","15",2,NA,NA,NA,1,NA,NA,NA,NA,NA,1,1,2,3,1,2,3,1,2,2,3,2,2,2,1,1,3,2,3,1,2,2,1,2,2,3,3,3,3,1,12,10,1,26,12,13,7,9,11,4,6,22,5,25,16,23,14,27,17,3,15,20,21,24,19,8,28,18,2,TRUE,14,13,28,TRUE,55,"C0842",0,0,1,1,0,0,0,0,0,0,1,1,0,0,0,1,1,0,0,0,0,0,0,0,0,0,0,1,2,2,2,1
"214",3593,2022-11-28 18:42:48,"D1988","13",2,1,NA,NA,NA,NA,1,NA,NA,NA,2,2,1,1,1,4,3,2,2,2,3,NA,2,2,NA,2,3,1,2,4,2,3,4,2,2,2,2,2,3,2,12,12,1,21,19,13,24,5,3,25,27,10,9,28,8,20,2,6,14,22,15,26,7,18,17,4,11,16,23,FALSE,12,13,28,TRUE,53,"D1988",1,0,1,0,0,0,0,0,0,0,1,1,0,0,0,0,0,0,0,1,1,0,0,0,0,0,0,0,2,2,2,0
"215",1130,2022-11-28 18:43:01,"D0921","14",2,NA,NA,NA,NA,NA,1,NA,NA,NA,1,1,3,2,2,1,1,1,2,4,2,1,1,2,2,4,2,3,2,4,2,2,2,2,1,1,1,2,2,2,13,12,11,15,8,24,23,19,14,7,5,27,10,13,3,25,9,18,20,4,28,22,6,1,26,21,2,17,16,TRUE,14,13,28,TRUE,55,"D0921",0,1,0,0,1,0,0,0,1,0,0,1,0,0,0,0,0,0,0,0,0,0,0,1,1,0,1,0,2,2,0,3
"216",1171,2022-11-28 18:43:09,"D0932","15",2,NA,NA,NA,NA,NA,1,NA,NA,NA,2,1,1,2,2,1,3,1,2,1,2,3,4,2,2,2,1,3,3,4,2,1,1,3,2,2,2,3,3,2,22,27,8,26,17,11,21,24,18,19,2,10,25,28,7,12,16,9,15,14,5,6,4,13,3,20,22,1,23,TRUE,14,13,28,TRUE,55,"D0932",1,1,0,0,0,0,0,0,1,1,0,1,0,0,1,0,1,0,0,0,0,1,0,0,0,0,0,0,2,3,3,0
"217",1078,2022-11-28 18:43:36,"E0943","15",2,NA,NA,NA,NA,NA,1,NA,NA,NA,2,2,1,2,2,1,3,2,2,2,2,3,1,2,1,2,1,2,3,4,2,3,1,2,3,2,2,1,2,3,16,3,25,19,23,21,27,22,15,20,12,7,16,26,6,8,13,5,24,4,28,9,18,11,1,10,17,14,2,TRUE,14,13,28,TRUE,55,"E0943",1,1,0,0,0,0,0,0,1,1,0,1,0,0,1,1,1,0,0,1,0,0,0,0,0,1,1,0,2,3,4,2
"218",1037,2022-11-28 18:44:40,"A2765","14",1,NA,NA,NA,1,NA,1,NA,NA,NA,4,2,1,4,2,4,3,4,2,4,2,3,2,2,4,4,2,3,4,3,4,2,1,4,2,1,4,4,3,3,13,25,27,24,21,26,6,7,18,10,17,1,9,5,8,11,14,28,4,20,3,13,23,12,15,22,16,19,2,TRUE,14,13,28,TRUE,55,"A2765",1,0,0,0,0,0,0,0,1,1,1,1,0,0,0,0,0,0,0,0,0,0,0,1,0,0,0,0,1,4,0,1
"219",1095,2022-11-28 18:44:56,"E2732","13",1,NA,NA,NA,NA,NA,1,NA,NA,NA,4,1,1,2,1,2,3,1,4,2,2,3,2,2,1,1,2,3,1,3,2,3,1,2,2,3,1,2,1,2,14,17,19,12,25,8,14,10,26,18,7,13,11,4,20,3,6,28,24,9,23,16,1,5,2,27,22,21,15,TRUE,14,13,28,TRUE,55,"E2732",1,1,1,1,0,0,0,0,1,1,1,1,0,0,0,0,0,0,0,1,0,0,0,0,1,0,0,0,4,4,1,1
"220",1255,2022-11-28 18:45:02,"C0820","14",2,NA,NA,NA,NA,NA,1,NA,NA,NA,1,1,1,2,1,1,3,1,2,1,2,1,2,2,2,2,1,3,3,3,2,4,1,2,2,2,1,2,3,1,21,6,22,1,24,19,26,21,18,28,2,14,25,8,12,16,3,13,9,23,7,20,4,17,10,11,15,5,27,TRUE,14,13,28,TRUE,55,"C0820",1,1,1,0,0,0,0,0,1,0,1,1,0,0,1,0,1,0,0,0,0,0,0,0,1,0,0,1,3,3,2,2
"221",1303,2022-11-28 18:45:37,"F0886","15",1,NA,NA,NA,NA,NA,1,NA,NA,NA,4,1,1,2,4,3,1,1,2,1,2,3,2,2,2,4,1,3,3,3,2,4,1,2,3,3,1,3,3,2,19,2,8,5,26,11,14,23,19,22,17,9,13,15,18,28,6,25,24,16,3,12,27,10,4,20,1,7,21,TRUE,14,13,28,TRUE,55,"F0886",1,1,0,0,1,0,0,0,1,1,1,1,0,0,1,0,1,0,0,0,0,0,0,0,1,0,0,0,3,4,2,1
"222",1214,2022-11-28 18:46:11,"E3407","14",1,1,NA,1,NA,NA,1,NA,NA,NA,5,1,1,2,2,1,3,3,2,1,2,3,2,2,2,2,1,3,3,4,2,3,1,4,2,2,1,3,3,2,25,17,26,7,5,28,24,16,19,21,1,14,27,10,4,6,12,8,25,13,22,23,9,11,18,3,15,2,20,TRUE,14,13,28,TRUE,55,"E3407",1,1,0,0,0,1,0,0,1,1,1,1,0,0,1,0,1,0,0,1,0,0,0,0,1,0,0,0,3,4,3,1
"223",1155,2022-11-28 18:46:15,"D0606","13",1,NA,NA,1,NA,NA,NA,NA,NA,NA,2,2,1,1,2,1,3,1,4,2,4,3,1,4,2,1,2,1,2,2,3,1,3,3,1,2,2,2,2,1,8,24,7,6,9,2,1,13,4,20,19,26,23,28,22,21,11,12,25,18,14,27,5,3,8,16,10,15,17,TRUE,14,13,28,TRUE,55,"D0606",1,0,0,0,0,0,0,0,0,1,0,0,0,0,0,0,0,1,0,0,0,1,0,0,0,0,1,1,1,1,2,2
"224",800,2022-11-28 18:47:31,"B2754","14",1,NA,NA,1,1,NA,NA,NA,NA,NA,3,1,2,3,1,3,4,2,2,3,2,4,3,2,2,1,1,1,1,3,2,1,3,3,2,2,4,4,2,2,9,11,23,10,12,2,9,22,24,3,1,8,4,27,18,14,7,16,26,5,28,19,21,15,17,13,6,20,25,TRUE,14,13,28,TRUE,55,"B2754",0,0,1,0,0,0,0,1,1,0,0,1,0,0,1,0,0,0,0,0,0,1,0,0,0,0,1,0,2,2,2,1
"225",1474,2022-11-28 18:48:38,"D1641","14",1,NA,NA,1,NA,NA,NA,NA,NA,NA,4,1,1,1,1,1,2,1,2,2,2,1,2,2,2,3,2,1,2,3,1,1,2,3,2,1,3,1,3,2,10,12,13,8,23,11,5,14,25,22,19,4,28,20,17,18,7,1,10,6,2,21,26,24,9,3,16,15,27,TRUE,14,13,28,TRUE,55,"D1641",1,0,1,0,0,0,0,0,1,0,1,1,0,1,0,0,0,0,1,0,0,1,0,1,0,1,0,0,2,4,2,2
"226",1269,2022-11-28 18:48:40,"A0617","13",1,NA,NA,1,NA,NA,NA,NA,NA,NA,4,1,1,2,1,1,3,1,2,2,2,1,2,1,3,1,2,2,1,1,2,1,3,2,2,2,2,1,2,1,11,6,24,25,8,12,15,17,23,4,27,3,19,16,5,10,18,11,9,2,20,14,22,21,7,1,13,26,28,TRUE,14,13,28,TRUE,55,"A0617",1,1,1,0,0,0,0,0,1,0,1,0,1,0,0,1,0,0,0,0,0,0,0,0,0,1,1,1,3,3,1,3
"227",1651,2022-11-28 18:52:55,"E1067","15",1,NA,NA,1,NA,NA,NA,NA,NA,NA,3,2,1,2,1,1,3,3,2,1,2,3,3,3,2,2,1,3,3,3,2,1,1,2,2,2,1,3,2,1,21,18,14,26,11,5,12,21,19,10,1,23,16,15,27,6,22,24,17,7,13,9,2,3,25,8,20,4,28,TRUE,14,13,28,TRUE,55,"E1067",1,1,1,0,0,1,0,0,1,1,0,0,0,0,1,0,1,0,0,0,0,0,0,0,1,0,1,1,4,2,2,3
"228",1729,2022-11-28 18:55:32,"B2743","13",1,NA,NA,NA,NA,NA,1,NA,NA,NA,5,1,1,2,2,1,1,4,2,1,2,3,1,2,1,4,1,3,1,3,2,4,1,2,2,2,1,3,3,4,19,8,26,7,9,27,11,21,28,5,15,23,14,18,20,13,6,24,4,17,16,2,12,1,19,22,10,25,3,TRUE,14,13,28,TRUE,55,"B2743",1,1,0,0,1,0,0,0,1,1,0,1,0,0,1,0,0,0,0,0,0,0,0,0,1,0,0,0,3,3,1,1
"229",23,2022-11-28 19:03:50,"F3069",NA,NA,NA,NA,NA,NA,NA,NA,NA,NA,NA,NA,NA,NA,NA,NA,NA,NA,NA,NA,NA,NA,NA,NA,NA,NA,NA,NA,NA,NA,NA,NA,NA,NA,NA,NA,NA,NA,NA,NA,NA,NA,NA,NA,NA,NA,NA,NA,NA,NA,NA,NA,NA,NA,NA,NA,NA,NA,NA,NA,NA,NA,NA,NA,NA,NA,NA,NA,NA,NA,FALSE,0,0,0,FALSE,0,"F3069",0,0,0,0,0,0,0,0,0,0,0,0,0,0,0,0,0,0,0,0,0,0,0,0,0,0,0,0,0,0,0,0
"230",27,2022-11-28 19:19:58,"B2114",NA,NA,NA,NA,NA,NA,NA,NA,NA,NA,NA,NA,NA,NA,NA,NA,NA,NA,NA,NA,NA,NA,NA,NA,NA,NA,NA,NA,NA,NA,NA,NA,NA,NA,NA,NA,NA,NA,NA,NA,NA,NA,NA,NA,NA,NA,NA,NA,NA,NA,NA,NA,NA,NA,NA,NA,NA,NA,NA,NA,NA,NA,NA,NA,NA,NA,NA,NA,NA,NA,FALSE,0,0,0,FALSE,0,"B2114",0,0,0,0,0,0,0,0,0,0,0,0,0,0,0,0,0,0,0,0,0,0,0,0,0,0,0,0,0,0,0,0
"231",635,2022-11-28 19:29:41,"C2844","13",2,NA,NA,1,NA,NA,NA,NA,NA,NA,2,1,2,2,2,3,3,1,2,1,2,4,2,1,2,1,3,4,2,2,2,2,3,2,2,2,2,3,2,1,15,17,18,26,9,3,1,24,27,4,10,12,23,21,2,11,15,19,7,25,5,28,20,22,16,6,13,14,8,TRUE,14,13,28,TRUE,55,"C2844",0,1,0,0,0,0,0,0,1,0,1,0,0,0,0,0,0,1,0,0,0,0,0,0,0,0,1,1,1,2,1,2
"232",714,2022-11-28 19:32:11,"C0910","14",1,NA,NA,NA,NA,NA,1,NA,NA,NA,4,1,1,2,2,2,3,3,2,1,2,1,2,2,2,2,2,3,3,3,2,4,1,2,3,3,2,3,3,1,19,16,28,8,3,11,2,20,7,4,10,18,13,27,21,9,15,17,23,22,14,26,12,1,19,25,24,6,5,TRUE,14,13,28,TRUE,55,"C0910",1,1,0,1,0,1,0,0,1,0,1,1,0,0,0,0,1,0,0,0,0,0,0,0,0,0,0,1,4,3,1,1
"233",776,2022-11-28 19:32:55,"E2619","13",2,NA,1,NA,NA,NA,NA,NA,NA,NA,5,1,1,2,2,2,1,1,2,1,1,3,2,2,2,4,1,2,3,1,2,3,3,2,3,2,1,1,3,3,16,21,8,20,2,5,11,13,26,27,23,17,1,22,14,12,15,16,7,10,3,28,24,9,6,25,4,19,18,TRUE,14,13,28,TRUE,55,"E2619",1,1,0,1,1,0,0,0,0,1,1,1,0,0,1,1,1,0,0,1,0,0,0,0,1,1,0,0,4,3,4,2
"234",1218,2022-11-28 19:39:24,"D2271","14",1,NA,NA,NA,NA,NA,1,NA,NA,NA,5,1,1,2,2,1,3,2,2,1,2,3,2,2,2,2,1,3,3,4,3,1,2,2,3,2,3,2,2,2,19,14,24,9,13,18,6,5,22,7,16,1,19,17,27,11,15,12,3,20,2,23,10,4,21,25,26,28,8,TRUE,14,13,28,TRUE,55,"D2271",1,1,0,0,0,0,0,0,1,1,1,1,0,0,1,0,1,0,0,0,0,0,0,0,0,0,1,0,2,4,2,1
"235",1133,2022-11-28 19:41:01,"D0785","13",1,NA,NA,NA,NA,NA,1,NA,NA,NA,3,2,1,2,1,1,3,2,2,1,2,1,2,2,2,2,1,3,2,3,2,3,4,2,2,2,3,1,3,1,18,25,2,1,23,16,4,20,3,9,21,5,22,12,10,19,18,15,14,8,13,11,17,28,7,26,6,24,27,TRUE,14,13,28,TRUE,55,"D0785",1,1,1,0,0,0,0,0,1,0,1,1,0,0,1,0,0,0,0,1,1,0,0,0,0,1,0,1,3,3,3,2
"236",1356,2022-11-28 19:43:25,"B0774","14",1,NA,NA,NA,NA,NA,1,NA,NA,NA,5,2,1,1,2,4,3,2,2,1,1,3,2,2,2,2,2,3,2,2,2,1,2,2,2,2,4,1,3,2,18,15,5,6,7,10,27,11,20,17,12,28,23,19,9,13,26,1,24,14,8,22,18,2,25,3,16,4,21,TRUE,14,13,28,TRUE,55,"B0774",1,0,0,0,0,0,0,0,0,1,1,1,0,0,0,0,0,1,0,0,0,0,0,0,0,1,0,0,1,3,1,1
"237",1518,2022-11-28 19:45:18,"D1292","13",2,NA,NA,NA,NA,NA,1,NA,NA,NA,2,1,1,2,4,1,3,1,4,1,2,3,4,2,2,2,1,3,2,3,2,2,1,2,2,2,1,3,2,2,21,2,9,7,1,18,16,27,4,8,10,20,25,6,17,23,15,3,26,22,19,12,13,5,11,24,14,28,21,TRUE,14,13,28,TRUE,55,"D1292",1,1,0,0,0,0,0,0,1,1,0,1,0,0,1,0,0,0,0,0,0,0,0,0,1,0,1,0,2,3,1,2
"238",6,2022-11-28 19:45:49,"D1988",NA,NA,NA,NA,NA,NA,NA,NA,NA,NA,NA,NA,NA,NA,NA,NA,NA,NA,NA,NA,NA,NA,NA,NA,NA,NA,NA,NA,NA,NA,NA,NA,NA,NA,NA,NA,NA,NA,NA,NA,NA,NA,NA,NA,NA,NA,NA,NA,NA,NA,NA,NA,NA,NA,NA,NA,NA,NA,NA,NA,NA,NA,NA,NA,NA,NA,NA,NA,NA,NA,FALSE,0,0,0,FALSE,0,"D1988",0,0,0,0,0,0,0,0,0,0,0,0,0,0,0,0,0,0,0,0,0,0,0,0,0,0,0,0,0,0,0,0
"239",1456,2022-11-28 19:46:56,"E0695","12",1,NA,NA,NA,NA,NA,1,NA,NA,NA,5,2,1,2,4,4,1,1,2,1,2,1,4,2,2,2,2,3,3,3,2,1,2,2,2,2,4,2,3,2,16,20,14,4,12,13,27,7,15,10,17,9,18,26,16,19,25,22,2,8,24,23,1,3,28,6,21,11,5,TRUE,14,13,28,TRUE,55,"E0695",1,1,0,0,1,0,0,0,1,0,0,1,0,0,0,0,1,0,0,0,0,0,0,0,0,0,0,0,3,2,1,0
"240",1277,2022-11-28 19:50:12,"B1157","12",1,NA,NA,NA,NA,NA,1,NA,NA,NA,5,1,1,4,2,1,1,2,2,1,4,3,2,2,3,1,1,3,3,3,2,4,1,2,1,2,1,2,3,2,18,5,21,25,7,2,8,19,9,10,18,22,17,27,15,20,6,12,13,26,14,3,11,1,28,24,16,4,23,TRUE,14,13,28,TRUE,55,"B1157",1,0,0,0,1,0,0,0,0,1,1,1,1,0,1,0,1,0,0,0,0,0,0,0,1,0,0,0,2,4,2,1
"241",885,2022-11-28 19:50:35,"B0763","12",1,NA,NA,NA,NA,NA,1,NA,NA,NA,4,1,1,2,3,1,4,3,3,4,2,2,2,2,3,1,2,4,3,3,2,1,4,2,4,2,2,3,2,4,12,16,3,9,27,11,24,17,6,18,7,2,10,26,21,25,22,8,19,20,28,12,1,15,13,14,23,5,4,TRUE,14,13,28,TRUE,55,"B0763",1,1,0,0,0,1,0,0,1,0,1,1,1,0,0,0,1,0,0,0,1,0,1,0,0,0,1,0,3,4,2,2
"242",784,2022-11-29 13:25:26,"D2608","12",1,NA,NA,NA,NA,NA,1,NA,NA,NA,4,2,1,2,4,1,4,1,2,4,1,3,2,4,1,4,4,3,1,2,4,2,4,2,2,2,1,3,3,2,16,18,23,4,10,19,11,27,28,16,24,14,8,21,2,15,5,20,12,3,6,22,25,7,13,1,9,17,26,TRUE,14,13,28,TRUE,55,"D2608",1,1,0,0,0,0,0,0,0,1,1,0,0,0,0,0,0,1,0,0,1,0,0,0,1,0,0,0,2,2,2,1
"243",1036,2022-11-29 13:35:01,"B2462","13",1,NA,NA,NA,NA,NA,1,NA,NA,NA,4,1,1,2,2,1,3,1,3,4,1,3,2,2,1,2,2,3,2,2,2,3,3,2,2,2,1,2,3,2,18,5,9,19,7,22,6,20,1,2,3,16,10,21,11,8,25,28,24,15,23,27,4,18,13,17,14,12,26,TRUE,14,13,28,TRUE,55,"B2462",1,1,0,0,0,0,0,0,0,1,1,1,0,0,0,0,0,1,0,1,0,0,0,0,1,0,0,0,2,3,2,1
"244",1711,2022-11-29 14:01:15,"C1225",NA,NA,NA,NA,NA,NA,NA,NA,NA,NA,NA,NA,NA,NA,NA,NA,NA,NA,NA,NA,NA,NA,NA,NA,NA,NA,NA,NA,NA,NA,NA,NA,NA,NA,NA,NA,NA,NA,NA,NA,NA,NA,NA,NA,NA,NA,NA,NA,NA,NA,NA,NA,NA,NA,NA,NA,NA,NA,NA,NA,NA,NA,NA,NA,NA,NA,NA,NA,NA,NA,FALSE,0,0,0,FALSE,0,"C1225",0,0,0,0,0,0,0,0,0,0,0,0,0,0,0,0,0,0,0,0,0,0,0,0,0,0,0,0,0,0,0,0
"245",1024,2022-11-29 14:25:27,"D2372","12",2,NA,NA,NA,NA,NA,1,NA,NA,NA,1,1,1,2,4,1,3,1,2,1,2,2,2,2,1,2,1,3,3,4,2,3,1,2,3,2,1,3,3,2,21,12,16,3,6,20,5,17,25,14,7,15,4,26,10,11,23,9,18,8,27,21,2,1,22,24,19,13,28,TRUE,14,13,28,TRUE,55,"D2372",1,1,0,0,0,0,0,0,1,0,1,1,0,0,1,0,1,0,0,1,0,0,0,0,1,0,0,0,2,3,3,1
"246",2277,2022-11-29 15:04:20,"C1225",NA,NA,NA,NA,NA,NA,NA,NA,NA,NA,NA,NA,NA,NA,NA,NA,NA,NA,NA,NA,NA,NA,NA,NA,NA,NA,NA,NA,NA,NA,NA,NA,NA,NA,NA,NA,NA,NA,NA,NA,NA,NA,NA,NA,NA,NA,NA,NA,NA,NA,NA,NA,NA,NA,NA,NA,NA,NA,NA,NA,NA,NA,NA,NA,NA,NA,NA,NA,NA,NA,FALSE,0,0,0,FALSE,0,"C1225",0,0,0,0,0,0,0,0,0,0,0,0,0,0,0,0,0,0,0,0,0,0,0,0,0,0,0,0,0,0,0,0
"247",61,2022-11-29 15:08:56,"D1371",NA,NA,NA,NA,NA,NA,NA,NA,NA,NA,NA,NA,NA,NA,NA,NA,NA,NA,NA,NA,NA,NA,NA,NA,NA,NA,NA,NA,NA,NA,NA,NA,NA,NA,NA,NA,NA,NA,NA,NA,NA,NA,NA,NA,NA,NA,NA,NA,NA,NA,NA,NA,NA,NA,NA,NA,NA,NA,NA,NA,NA,NA,NA,NA,NA,NA,NA,NA,NA,NA,FALSE,0,0,0,FALSE,0,"D1371",0,0,0,0,0,0,0,0,0,0,0,0,0,0,0,0,0,0,0,0,0,0,0,0,0,0,0,0,0,0,0,0
"248",986,2022-11-29 15:20:39,"D2147","13",2,NA,NA,NA,NA,NA,1,NA,NA,NA,3,1,1,2,2,1,3,1,2,1,2,1,4,2,2,2,1,3,3,4,2,2,2,4,2,2,3,3,3,2,21,10,2,16,26,15,23,25,5,11,6,7,27,24,18,13,3,22,28,4,21,8,1,19,20,12,9,17,14,TRUE,14,13,28,TRUE,55,"D2147",1,1,0,0,0,0,0,0,1,0,0,1,0,0,1,0,1,0,0,0,0,0,0,0,0,0,0,0,2,2,2,0
"249",1181,2022-11-29 16:20:48,"E2361","13",1,NA,NA,NA,NA,NA,1,NA,NA,NA,4,1,1,2,2,1,4,1,2,1,2,3,4,2,2,2,1,3,3,4,2,4,3,2,2,2,2,2,3,2,20,18,1,8,10,25,4,26,13,3,16,28,5,14,2,20,6,11,23,12,19,24,7,21,9,17,27,22,15,TRUE,14,13,28,TRUE,55,"E2361",1,1,0,0,0,0,0,0,1,1,0,1,0,0,1,0,1,0,0,0,0,0,0,0,0,0,0,0,2,3,2,0
"250",969,2022-11-29 16:22:42,"B2451","13",1,NA,NA,NA,NA,NA,1,NA,NA,NA,4,2,1,2,4,3,1,1,2,2,1,2,2,2,2,2,1,3,3,4,2,2,1,2,4,2,1,1,2,1,16,23,4,3,8,12,19,5,14,27,25,20,28,1,2,22,26,11,15,24,17,6,9,7,10,21,18,13,16,TRUE,14,13,28,TRUE,55,"B2451",1,1,0,0,1,0,0,0,0,0,1,1,0,0,1,0,1,0,0,0,0,0,1,0,1,1,1,1,3,2,2,5
"251",26,2022-11-29 17:04:47,"A0471",NA,NA,NA,NA,NA,NA,NA,NA,NA,NA,NA,NA,NA,NA,NA,NA,NA,NA,NA,NA,NA,NA,NA,NA,NA,NA,NA,NA,NA,NA,NA,NA,NA,NA,NA,NA,NA,NA,NA,NA,NA,NA,NA,NA,NA,NA,NA,NA,NA,NA,NA,NA,NA,NA,NA,NA,NA,NA,NA,NA,NA,NA,NA,NA,NA,NA,NA,NA,NA,NA,FALSE,0,0,0,FALSE,0,"A0471",0,0,0,0,0,0,0,0,0,0,0,0,0,0,0,0,0,0,0,0,0,0,0,0,0,0,0,0,0,0,0,0
"252",751,2022-11-29 17:28:23,"B1731","14",1,NA,NA,1,NA,NA,NA,NA,NA,NA,3,1,1,2,3,4,3,1,2,1,2,3,2,2,2,3,1,3,2,2,2,3,2,1,4,2,3,4,2,2,16,21,20,16,3,8,17,23,19,6,12,7,2,24,26,14,10,27,1,5,11,28,9,22,4,18,15,13,25,TRUE,14,13,28,TRUE,55,"B1731",1,1,0,0,0,0,0,0,1,1,1,1,0,1,1,0,0,1,0,1,0,0,1,0,0,0,1,0,2,5,3,2
"253",558,2022-11-29 17:30:20,"C2473","14",1,NA,NA,NA,NA,NA,1,NA,NA,NA,5,2,NA,NA,2,NA,NA,NA,NA,NA,NA,NA,NA,NA,NA,NA,NA,NA,3,NA,NA,3,NA,NA,NA,NA,NA,NA,NA,2,3,25,18,4,11,26,13,6,20,8,12,5,17,24,22,15,21,1,7,10,3,16,14,9,28,19,27,23,2,FALSE,1,3,28,FALSE,32,"C2473",0,0,0,0,0,0,0,0,0,0,0,0,0,0,0,0,1,0,0,1,0,0,0,0,0,0,0,0,0,0,2,0
"254",390,2022-11-29 19:36:31,"B1146","12",1,NA,NA,1,NA,1,NA,NA,NA,NA,5,2,1,1,1,1,1,1,1,1,1,1,1,1,1,1,1,1,1,1,1,1,1,1,1,1,1,1,1,2,7,12,21,22,15,14,7,6,10,18,17,11,27,23,5,3,24,25,2,26,20,8,28,19,4,9,13,16,1,TRUE,14,13,28,TRUE,55,"B1146",1,0,1,0,1,0,1,0,0,0,0,0,0,0,1,0,0,0,1,0,0,0,0,1,1,1,0,0,4,0,2,3
"255",1680,2022-11-29 19:46:13,"E2394","13",2,NA,NA,NA,NA,NA,1,NA,NA,NA,2,2,1,2,2,1,3,1,4,1,2,3,2,2,2,2,1,3,3,3,2,1,1,2,3,2,1,2,3,2,22,24,11,7,23,6,13,3,14,20,5,25,8,12,2,1,19,21,18,9,10,15,22,27,28,26,17,16,4,TRUE,14,13,28,TRUE,55,"E2394",1,1,0,0,0,0,0,0,1,1,1,1,0,0,1,0,1,0,0,0,0,0,0,0,1,0,0,0,2,4,2,1
"256",793,2022-11-30 16:11:17,"C2473","14",1,NA,NA,NA,NA,NA,1,NA,NA,NA,5,2,1,2,4,1,3,2,2,1,2,2,4,2,1,2,2,3,3,2,2,3,1,2,2,2,1,3,2,2,20,13,3,11,1,20,6,8,28,24,19,15,25,23,21,14,9,17,7,5,4,16,2,27,12,18,22,26,10,TRUE,14,13,28,TRUE,55,"C2473",1,1,0,0,0,0,0,0,1,0,0,1,0,0,0,0,1,1,0,1,0,0,0,0,1,0,1,0,2,2,3,2
